{
"type": "FeatureCollection",
"name": "estados",
"crs": { "type": "name", "properties": { "name": "urn:ogc:def:crs:OGC:1.3:CRS84" } },
"features": [
{ "type": "Feature", "properties": { "abbrev_state": "RO", "name_state": "Rondônia", "name_region": "Norte" }, "geometry": { "type": "Polygon", "coordinates": [ [ [ -65.416468911, -10.620774458 ], [ -65.288829137, -10.219870802999978 ], [ -65.286046549, -9.845490264 ], [ -65.394937885, -9.685773181999974 ], [ -65.558028724999986, -9.844634918 ], [ -65.771910524, -9.734295571 ], [ -66.426246276, -9.899628504 ], [ -66.626719691, -9.898101245 ], [ -66.810253112, -9.818045874999987 ], [ -66.782140908, -9.758572049 ], [ -66.50061336, -9.633564155 ], [ -66.408858419, -9.40694662199998 ], [ -65.970300624, -9.413160124000015 ], [ -65.791521963, -9.585644437000012 ], [ -65.59677551, -9.413865155999988 ], [ -65.434715838000017, -9.466332981 ], [ -65.447018418, -9.316376362000021 ], [ -65.246661429999989, -9.257663552 ], [ -65.185463152, -9.427031653999977 ], [ -65.097849986, -9.432515837000023 ], [ -64.839324228, -8.99411139300001 ], [ -64.143433366, -8.953532366 ], [ -64.143067069000011, -8.743031521999987 ], [ -63.924568701, -8.575525416 ], [ -63.944122521, -8.331187684999973 ], [ -63.773508277, -8.32073275300001 ], [ -63.621249135999989, -7.976531748 ], [ -62.866616572, -7.975868297 ], [ -62.692280135, -8.092908287000018 ], [ -62.526135973, -8.383054486000013 ], [ -62.370549548, -8.384659411 ], [ -62.341084011, -8.602828762000017 ], [ -62.188388436, -8.590558739999985 ], [ -62.124971743, -8.801671149000011 ], [ -61.913974578999984, -8.877341202 ], [ -61.713274162999987, -8.68785275 ], [ -61.468504952000011, -8.917367919 ], [ -61.55575496, -9.09240257000001 ], [ -61.526207009, -9.245847439 ], [ -61.633345948999988, -9.270584324 ], [ -61.476807366999978, -9.628723014000013 ], [ -61.574637304, -9.717793257000011 ], [ -61.50841950200001, -9.88880087599998 ], [ -61.601874928, -10.154379329 ], [ -61.461792837, -10.419904593 ], [ -61.550257873, -10.986094651 ], [ -60.460050132, -10.989856219999989 ], [ -60.347970663999988, -11.109036265 ], [ -59.983900821, -11.116275722999989 ], [ -59.92063432, -11.398007641999987 ], [ -60.114138392, -11.587493063 ], [ -60.108775597, -11.839579221 ], [ -59.98579721, -11.912080102 ], [ -59.892331012, -12.245453923 ], [ -59.774357431, -12.340955864999984 ], [ -60.064964011, -12.670820194 ], [ -60.081282622999986, -12.88930495 ], [ -60.282991589, -13.080552332 ], [ -60.384032848999986, -13.449229196 ], [ -60.709314888, -13.693003364 ], [ -61.014924399, -13.48753615899998 ], [ -61.841094091, -13.548913866 ], [ -62.170484933, -13.113922619 ], [ -62.413991285, -13.128382063 ], [ -62.650823191, -12.96558061 ], [ -62.779097464999985, -13.009573506999988 ], [ -63.15838439, -12.614135597 ], [ -63.295544451, -12.681856724 ], [ -63.786303467, -12.427945031 ], [ -63.952972471, -12.53177109 ], [ -64.286724167, -12.502953115 ], [ -64.507716378, -12.358140122999986 ], [ -64.508193608, -12.225288459 ], [ -64.710057434, -12.176712448 ], [ -64.70089356, -12.092015983 ], [ -64.756525365, -12.157801778 ], [ -64.839586819, -12.010679253 ], [ -65.030526661999986, -11.996604901 ], [ -65.08391551, -11.714133765999986 ], [ -65.250609804, -11.721374302999978 ], [ -65.212527971, -11.528095142 ], [ -65.309839413999981, -11.490559539 ], [ -65.363884365, -11.142012596 ], [ -65.250392326999986, -10.987893578 ], [ -65.416468911, -10.620774458 ] ] ] } },
{ "type": "Feature", "properties": { "abbrev_state": "AC", "name_state": "Acre", "name_region": "Norte" }, "geometry": { "type": "Polygon", "coordinates": [ [ [ -70.494704977000012, -9.42407400800001 ], [ -71.307959272, -9.991996306 ], [ -72.180452772999985, -9.999999996 ], [ -72.150982239, -9.798927441 ], [ -72.268673009000011, -9.749355695000018 ], [ -72.253632062, -9.616444720999977 ], [ -72.354474916999976, -9.495469183 ], [ -73.211897214, -9.411669449999984 ], [ -72.99505874899998, -9.194318171 ], [ -72.936312846, -8.989488227 ], [ -73.155367789, -8.707719205999982 ], [ -73.341448329, -8.615736737999979 ], [ -73.335367908, -8.467147829 ], [ -73.536951374999987, -8.345482304000022 ], [ -73.62689446, -8.021488292 ], [ -73.772005305999983, -7.90198514900002 ], [ -73.683809885, -7.77605493200002 ], [ -73.983339359999974, -7.566191943000018 ], [ -73.919313760999984, -7.465291866 ], [ -73.963449824999984, -7.347253431 ], [ -73.699809224, -7.303908717000012 ], [ -73.801558115, -7.111824379000027 ], [ -72.584765622, -7.552004229 ], [ -70.054979349, -7.845149146 ], [ -68.647186431999984, -9.049416565000012 ], [ -66.623594217, -9.904621185 ], [ -67.015781455, -10.258731200999977 ], [ -67.40684887, -10.372627418 ], [ -67.708221204999987, -10.710827439999989 ], [ -68.023625516, -10.651514807 ], [ -68.276713011, -10.988333297 ], [ -68.716119596, -11.145561467000018 ], [ -68.758128338, -10.99955610300001 ], [ -69.416878871999984, -10.925355992999988 ], [ -69.715899579, -10.976804049 ], [ -69.933662765, -10.921113243999987 ], [ -70.308478675999979, -11.070597226 ], [ -70.529436158, -10.931075006 ], [ -70.62100662200001, -10.999641141999986 ], [ -70.623640546, -9.820392456 ], [ -70.536292627, -9.765802730999988 ], [ -70.60026063, -9.557816927999987 ], [ -70.494704977000012, -9.42407400800001 ] ] ] } },
{ "type": "Feature", "properties": { "abbrev_state": "AM", "name_state": "Amazonas", "name_region": "Norte" }, "geometry": { "type": "Polygon", "coordinates": [ [ [ -69.894026118, -4.000677526 ], [ -69.39570948, -1.132601179999869 ], [ -69.626378491, -0.749749254999969 ], [ -69.564299069, -0.639808696000013 ], [ -69.61546859, -0.506303108000297 ], [ -70.057433213, -0.186776512000319 ], [ -70.043565538, 0.558828135999769 ], [ -69.809427645, 0.57220320000006 ], [ -69.679800146, 0.670573191999903 ], [ -69.60679414, 0.629206954999933 ], [ -69.48147467299998, 0.735607383999921 ], [ -69.359046817999982, 0.611841404999756 ], [ -69.115158964, 0.649841941000144 ], [ -69.186191754, 0.733179804 ], [ -69.135828867, 0.877185973000123 ], [ -69.265355974, 1.064360858000146 ], [ -69.844376638999975, 1.085379326999966 ], [ -69.842545441, 1.72077485 ], [ -69.552344865, 1.791746628000072 ], [ -69.393243137, 1.724073628000107 ], [ -68.156812667, 1.731635295000077 ], [ -68.266902611999981, 1.827336292999966 ], [ -68.208677789, 1.96158461800001 ], [ -67.941294835, 1.830730920999933 ], [ -67.768975418999986, 2.039317522999981 ], [ -67.619831543999979, 2.023673187000033 ], [ -67.410261501999983, 2.246630560999942 ], [ -67.28676079600001, 1.888599833999911 ], [ -67.097381573, 1.732600910000071 ], [ -67.088160239, 1.166896708000085 ], [ -66.856933123, 1.230206252999978 ], [ -66.316479517, 0.736142055000085 ], [ -66.088529997999984, 0.75906056899998 ], [ -65.879721042, 0.932694649000049 ], [ -65.58555828, 1.008934580999906 ], [ -65.493647847, 0.882102261999891 ], [ -65.591367423, 0.721610996999964 ], [ -65.540531391, 0.648789983999959 ], [ -65.423586721, 0.707964459000028 ], [ -65.329140082, 0.931567473999881 ], [ -65.182477724999984, 0.922441440999895 ], [ -65.10308582899998, 1.15665641000004 ], [ -65.022248985, 1.11494091000011 ], [ -64.803309406, 1.310500663000112 ], [ -64.72913945099998, 1.234589780999938 ], [ -64.397467369, 1.526836235999985 ], [ -64.33802213, 1.363523483999987 ], [ -64.095244959, 1.617106777000099 ], [ -64.061915593, 1.930737302000026 ], [ -63.975523778, 1.991305873 ], [ -63.668021008999986, 2.016882798999922 ], [ -63.372089104, 2.21186165 ], [ -63.146339441999984, 2.173258556 ], [ -63.02377615, 2.014679362999928 ], [ -62.722285295, 1.956091463999932 ], [ -62.805282332999987, 1.591345664000101 ], [ -62.47162089, 1.08628163400012 ], [ -62.533008617, 0.508808359000253 ], [ -62.42177348500001, 0.097843241998273 ], [ -62.186912903, -0.325592984999885 ], [ -62.307239898, -0.508118633000011 ], [ -62.292873955, -0.647715244000248 ], [ -62.402988426, -0.722398148999784 ], [ -62.486627285, -0.681467307999919 ], [ -62.510237738, -0.758968532999924 ], [ -62.031623134999982, -1.126462886 ], [ -61.896623907, -1.39535525699993 ], [ -61.624404851, -1.438689206999883 ], [ -61.482736451999983, -1.580633105999977 ], [ -61.62884952400001, -1.301467775000122 ], [ -61.538466446999983, -0.763684549000133 ], [ -61.433507102, -0.633032602999882 ], [ -61.097519925, -0.499005893999936 ], [ -60.930894522, -0.550115237999878 ], [ -60.762204625, -0.862929037999926 ], [ -60.536209759, -0.869476033000118 ], [ -60.307649547, -0.710879419999955 ], [ -60.40557251100001, -0.515435687999768 ], [ -60.037968645999989, 0.263545517000086 ], [ -58.895464818999983, 0.263510276000448 ], [ -58.873095222000011, -0.343721129000031 ], [ -58.725282365, -0.438319144 ], [ -58.707593685, -0.678472916999748 ], [ -58.440003549, -0.874203053999804 ], [ -58.321264625, -1.145623219999861 ], [ -58.154003993000011, -1.23267966900013 ], [ -58.017332071, -1.103608486999913 ], [ -57.957877098, -1.403462091999918 ], [ -57.392376866, -1.724792108000041 ], [ -57.16677291, -1.718833421999915 ], [ -57.028415189, -1.918023782999974 ], [ -56.738967007999989, -2.017009538999969 ], [ -56.76853918, -2.165751951999924 ], [ -56.689851351, -2.208940254 ], [ -56.098173196, -2.026939020000051 ], [ -56.465594822, -2.423115081000069 ], [ -56.402107186, -2.456516763 ], [ -58.255255853999977, -6.454117476999986 ], [ -58.478471187, -6.699613641 ], [ -58.434555932, -6.908806513 ], [ -58.209523984, -7.134262618000026 ], [ -58.136999893, -7.356408115 ], [ -58.202170606, -7.620854259000017 ], [ -58.384741698, -7.843989082 ], [ -58.287169353, -8.128544717 ], [ -58.437300573, -8.703352482999978 ], [ -58.326224377999985, -8.720032417999979 ], [ -58.44286787, -8.799399103000013 ], [ -61.583134785, -8.798689054 ], [ -61.713274162999987, -8.68785275 ], [ -61.985221897, -8.878606298999989 ], [ -62.124971743, -8.801671149000011 ], [ -62.188388436, -8.590558739999985 ], [ -62.33577761, -8.609484552 ], [ -62.370549548, -8.384659411 ], [ -62.526135973, -8.383054486000013 ], [ -62.845055743, -7.98653125100001 ], [ -63.621249135999989, -7.976531748 ], [ -63.773508277, -8.32073275300001 ], [ -63.944122521, -8.331187684999973 ], [ -63.924568701, -8.575525416 ], [ -64.027869248, -8.71566624 ], [ -64.130868357999987, -8.722160195 ], [ -64.149452204, -8.958937181 ], [ -64.839324228, -8.99411139300001 ], [ -65.097849986, -9.432515837000023 ], [ -65.185463152, -9.427031653999977 ], [ -65.246661429999989, -9.257663552 ], [ -65.447018418, -9.316376362000021 ], [ -65.434715838000017, -9.466332981 ], [ -65.59677551, -9.413865155999988 ], [ -65.791521963, -9.585644437000012 ], [ -65.970300624, -9.413160124000015 ], [ -66.408858419, -9.40694662199998 ], [ -66.50061336, -9.633564155 ], [ -66.810253112, -9.818045874999987 ], [ -68.647186431999984, -9.049416565000012 ], [ -70.054979349, -7.845149146 ], [ -72.584765622, -7.552004229 ], [ -73.801558115, -7.111824379000027 ], [ -73.642805795, -6.762149042 ], [ -73.138416138999986, -6.497976416999982 ], [ -73.237468638999985, -6.032191043999988 ], [ -72.961775677, -5.654578584999977 ], [ -72.873071542, -5.156072506 ], [ -71.882901533, -4.51617832500003 ], [ -71.619396435999974, -4.47025002300004 ], [ -71.606453437, -4.534430034 ], [ -71.278112456, -4.388040401000025 ], [ -70.943207870999984, -4.386114945000039 ], [ -70.808172655, -4.183531965999975 ], [ -70.681033835, -4.199791780000043 ], [ -70.65349935, -4.127195031999977 ], [ -70.62494704, -4.192793787 ], [ -70.32603179100002, -4.146294352000013 ], [ -70.199086382, -4.36641626799997 ], [ -70.107861776999982, -4.264456375999983 ], [ -70.032778914, -4.355167516000041 ], [ -69.894026118, -4.000677526 ] ] ] } },
{ "type": "Feature", "properties": { "abbrev_state": "RR", "name_state": "Roraima", "name_region": "Norte" }, "geometry": { "type": "Polygon", "coordinates": [ [ [ -63.46423582500001, 2.401407454999929 ], [ -64.061677283, 2.504380143 ], [ -64.01469324, 2.812169947000011 ], [ -64.218683031, 3.090609527 ], [ -64.114810905, 3.329835037999989 ], [ -64.196250888999984, 3.578896074000039 ], [ -64.558056358, 3.868506913 ], [ -64.810527316, 4.174616634999969 ], [ -64.799693215, 4.284068037999973 ], [ -64.560504395999985, 4.101566802999955 ], [ -64.164414832, 4.126283853999972 ], [ -63.965805073999988, 3.868229008999958 ], [ -63.85024750800001, 3.949901168 ], [ -63.682746235, 3.907398249 ], [ -63.683024283, 4.018505969000024 ], [ -63.497467224999987, 3.839895477 ], [ -63.428856147, 3.977120134000047 ], [ -63.207745408, 3.952396666000028 ], [ -63.226632016, 3.835451165999961 ], [ -62.960243133, 3.607678125000023 ], [ -62.835801452, 3.738508817999987 ], [ -62.74385143100001, 3.673230249000045 ], [ -62.753578933, 4.031289009000025 ], [ -62.558299177, 4.01600602200002 ], [ -62.464124041, 4.177399021999969 ], [ -62.146066865, 4.074064839000025 ], [ -61.981352949, 4.180447693 ], [ -61.930794006, 4.103225711000015 ], [ -61.774955463, 4.249620059000038 ], [ -61.558568357, 4.252948154 ], [ -61.513572172, 4.405445798 ], [ -61.28829243, 4.457392403 ], [ -61.323210976, 4.534888667999988 ], [ -60.997879722, 4.515604721999987 ], [ -60.90190555600001, 4.716077221999988 ], [ -60.750931667, 4.753689166999966 ], [ -60.589957241, 4.931011994000016 ], [ -60.723287929, 5.219893635 ], [ -60.1360617, 5.249062267999985 ], [ -59.970246742, 5.063080254999984 ], [ -60.025504069, 4.706200038000039 ], [ -60.161496115, 4.517764007000046 ], [ -59.670796115, 4.37656400700001 ], [ -59.731152788, 4.181063328 ], [ -59.51590257, 3.945589339 ], [ -59.668752726, 3.702841199999958 ], [ -59.872698649, 3.56384396799998 ], [ -59.804489626, 3.360642986000015 ], [ -59.956058198, 3.081062279000025 ], [ -59.972609815, 2.595730349000019 ], [ -59.898517925, 2.362357073000064 ], [ -59.723282474, 2.276338196999979 ], [ -59.759391498999989, 1.900466847000077 ], [ -59.662166641, 1.869629776999903 ], [ -59.690222503, 1.756298582999924 ], [ -59.538280379, 1.72185462 ], [ -59.253279998, 1.388247822000049 ], [ -58.886884395, 1.260193279000121 ], [ -58.895464818999983, 0.263510276000448 ], [ -60.037968645999989, 0.263545517000086 ], [ -60.40557251100001, -0.515435687999768 ], [ -60.307649547, -0.710879419999955 ], [ -60.536209759, -0.869476033000118 ], [ -60.762204625, -0.862929037999926 ], [ -60.930894522, -0.550115237999878 ], [ -61.097519925, -0.499005893999936 ], [ -61.433507102, -0.633032602999882 ], [ -61.538466446999983, -0.763684549000133 ], [ -61.62884952400001, -1.301467775000122 ], [ -61.482736451999983, -1.580633105999977 ], [ -61.624404851, -1.438689206999883 ], [ -61.896623907, -1.39535525699993 ], [ -62.031623134999982, -1.126462886 ], [ -62.510237738, -0.758968532999924 ], [ -62.486627285, -0.681467307999919 ], [ -62.402988426, -0.722398148999784 ], [ -62.292873955, -0.647715244000248 ], [ -62.307239898, -0.508118633000011 ], [ -62.186912903, -0.325592984999885 ], [ -62.42177348500001, 0.097843241998273 ], [ -62.533008617, 0.508808359000253 ], [ -62.47162089, 1.08628163400012 ], [ -62.805282332999987, 1.591345664000101 ], [ -62.706029406, 1.939723204999909 ], [ -63.05356813, 2.028889734999938 ], [ -63.146339441999984, 2.173258556 ], [ -63.359791171999987, 2.197101554999968 ], [ -63.414678271, 2.454231595 ], [ -63.46423582500001, 2.401407454999929 ] ] ] } },
{ "type": "Feature", "properties": { "abbrev_state": "PA", "name_state": "Pará", "name_region": "Norte" }, "geometry": { "type": "MultiPolygon", "coordinates": [ [ [ [ -51.679204912, -0.785251928000029 ], [ -51.216362859, -0.118612785999436 ], [ -50.668197496, 0.185034471999653 ], [ -50.436546897, 0.600107025000141 ], [ -50.226085739, 0.696237153000213 ], [ -50.029151432, 0.578059719999956 ], [ -50.167818885, 0.34029084100019 ], [ -49.503175136, 0.371678658000289 ], [ -49.699578385, 0.150505099999116 ], [ -49.37491528, 0.044399326003853 ], [ -49.394176063, -0.190946142000782 ], [ -49.16656951, -0.12896664900114 ], [ -49.155958384, -0.157797465000233 ], [ -49.129698934, -0.171022677999396 ], [ -49.012620407, -0.159883421998956 ], [ -48.997267327, -0.186209930000756 ], [ -48.918390451, -0.229552937999739 ], [ -48.396910391, -0.25163412100037 ], [ -48.51218031, -0.759688605999887 ], [ -48.423887869, -0.90064789199981 ], [ -48.293770785, -0.919676531000116 ], [ -48.055217794, -0.661769521000198 ], [ -48.019695569, -0.68655819300016 ], [ -47.991219521, -0.69468600099981 ], [ -47.97946826, -0.689443342000248 ], [ -47.916577455, -0.622099913000258 ], [ -47.907093551, -0.600565335000072 ], [ -47.91428589, -0.563607918000176 ], [ -47.840582737, -0.682775682999787 ], [ -47.820592817, -0.636482138999823 ], [ -47.819291078, -0.562330053000199 ], [ -47.761101074, -0.610535997999904 ], [ -47.703878386, -0.534575982999672 ], [ -47.629124759, -0.707273842999798 ], [ -47.589291061, -0.575800598999806 ], [ -47.481566083, -0.739083402999863 ], [ -47.476557921, -0.593517417000255 ], [ -47.426509188, -0.657411025999802 ], [ -47.296287405, -0.595748139000281 ], [ -47.168043777999983, -0.764928586000187 ], [ -47.121187667, -0.676212527999957 ], [ -47.055981246, -0.797290668999891 ], [ -46.958117746, -0.710745794000176 ], [ -46.941211478, -0.869243481999811 ], [ -46.849599159, -0.73939034999979 ], [ -46.801747614, -0.872407945000134 ], [ -46.760642695, -0.798606887000058 ], [ -46.724095005, -0.866753470000065 ], [ -46.618975542, -0.805480251000058 ], [ -46.636408539, -0.969078539000051 ], [ -46.577485169, -0.981503232999896 ], [ -46.426108225, -0.86575391300003 ], [ -46.480837651, -0.921256654000157 ], [ -46.462613439, -0.939006613000187 ], [ -46.495309167999984, -0.974621780999979 ], [ -46.476051914, -1.016391197000054 ], [ -46.438938214, -1.027557713000136 ], [ -46.398937548, -0.996531497000067 ], [ -46.381659855, -1.026370827999951 ], [ -46.321360226, -1.024663200999941 ], [ -46.204048199, -0.884912726000153 ], [ -46.239477036, -1.101232454999838 ], [ -46.175435799, -0.999852155000107 ], [ -46.166406577, -1.088572985999859 ], [ -46.069972289, -1.035643861000085 ], [ -46.161577308999988, -1.281888887999944 ], [ -46.103722623, -1.337285910999936 ], [ -46.156788661, -1.680287722000013 ], [ -46.323707247, -1.766444388999937 ], [ -46.211027429, -1.831059277999957 ], [ -46.272107122, -2.117572443999939 ], [ -46.431940463, -2.23705570499996 ], [ -46.467366685, -2.376350998999944 ], [ -46.409414271999985, -2.371371172000025 ], [ -46.419333614999985, -2.532425064999926 ], [ -46.671372861, -2.706198219999975 ], [ -46.575697628999983, -2.841538618000032 ], [ -46.68055541, -2.882717814999966 ], [ -46.676503555, -3.094142378 ], [ -47.038846104, -3.562103308000044 ], [ -47.085205117, -3.856640016000027 ], [ -47.319424334, -4.047774505999968 ], [ -47.611941881, -4.557357881 ], [ -47.792569131, -4.58641079099998 ], [ -48.755150737, -5.349165408000032 ], [ -48.384742538, -5.394206788000028 ], [ -48.134565503, -5.635445046 ], [ -48.293511558, -5.751195429999962 ], [ -48.230074445, -5.938400794 ], [ -48.334716313, -6.004274754000016 ], [ -48.297240215, -6.110477604 ], [ -48.4349388, -6.18316828500001 ], [ -48.382679265, -6.379607884 ], [ -48.505994799, -6.353114034000026 ], [ -48.676188955, -6.673379667 ], [ -49.209528113, -6.925420569 ], [ -49.185284176, -7.235171785999984 ], [ -49.384051966, -7.543492224 ], [ -49.148443419, -7.807314798000015 ], [ -49.283324052, -8.37955720900001 ], [ -49.592411328, -8.839491234 ], [ -49.745088141, -8.906163576 ], [ -50.037784899, -9.289405382000014 ], [ -50.224806382, -9.841153477 ], [ -56.761108748, -9.404999403000021 ], [ -56.8201088, -9.24634038100001 ], [ -57.057167109, -9.185927913000013 ], [ -57.039241594000011, -9.098290014 ], [ -57.195004293, -8.927513700000015 ], [ -57.592938921, -8.75647697200001 ], [ -57.686943957999986, -8.416253597999974 ], [ -57.645610865, -8.206291516000016 ], [ -58.209523984, -7.134262618000026 ], [ -58.434555932, -6.908806513 ], [ -58.479335761, -6.707413203 ], [ -58.255255853999977, -6.454117476999986 ], [ -56.402107186, -2.456516763 ], [ -56.465594822, -2.423115081000069 ], [ -56.098173196, -2.026939020000051 ], [ -56.689851351, -2.208940254 ], [ -56.76853918, -2.165751951999924 ], [ -56.738967007999989, -2.017009538999969 ], [ -57.028415189, -1.918023782999974 ], [ -57.16677291, -1.718833421999915 ], [ -57.392376866, -1.724792108000041 ], [ -57.957877098, -1.403462091999918 ], [ -58.017332071, -1.103608486999913 ], [ -58.156105135, -1.232777373999969 ], [ -58.421728504999976, -1.038533341000073 ], [ -58.440003549, -0.874203053999804 ], [ -58.707593685, -0.678472916999748 ], [ -58.725282365, -0.438319144 ], [ -58.874316816, -0.339323468999792 ], [ -58.895498082, 1.228781423999953 ], [ -58.821332281, 1.171048779000082 ], [ -58.694668331999985, 1.297373375999941 ], [ -58.496327226, 1.268015326000038 ], [ -58.508829712, 1.463000052000066 ], [ -58.385689804, 1.470043878999921 ], [ -58.322468053, 1.597072352999899 ], [ -58.004325961999989, 1.503086364999983 ], [ -57.990191255, 1.658501479999936 ], [ -57.774403093, 1.729793513000015 ], [ -57.553321417, 1.692508025999971 ], [ -57.304406184999984, 1.997541639 ], [ -57.23238114, 1.93684686500002 ], [ -57.086765315, 2.026519274000061 ], [ -57.01429472200001, 1.914969199000048 ], [ -56.791398095, 1.852530402 ], [ -56.451340044, 1.956225753000045 ], [ -55.98328862, 1.835604854000036 ], [ -55.903929986, 1.88811284699998 ], [ -55.903178428, 2.041164454999945 ], [ -56.138952171, 2.265833274999939 ], [ -56.090201166999989, 2.372367036999953 ], [ -56.021891544, 2.342558939999943 ], [ -55.978313875, 2.527421938999983 ], [ -55.717956049, 2.402098485000064 ], [ -55.385398727, 2.418454302999963 ], [ -55.3202556, 2.515463302000016 ], [ -54.954306696, 2.583692423000051 ], [ -54.763110876, 2.202319066000081 ], [ -54.812832036, 2.062813727000066 ], [ -54.744779072, 1.775800777999937 ], [ -54.309304392, 1.741050329000107 ], [ -54.143663703, 1.64061204599994 ], [ -54.086466106, 1.488296839000121 ], [ -53.646832677, 1.407624734000021 ], [ -53.650966645, 1.336223283999943 ], [ -53.538547714, 1.340861055 ], [ -53.538992921, 1.2124260870001 ], [ -53.426520755, 1.242720971 ], [ -53.411494203, 0.929344150999808 ], [ -53.106297954, 0.683982016999948 ], [ -53.17404997700001, 0.374304697000332 ], [ -52.932743659, -0.142307300998927 ], [ -52.688819039, -0.304136432999752 ], [ -52.667764278, -0.544136725000076 ], [ -52.525015519, -0.585339757999696 ], [ -52.543839298, -0.851539243000152 ], [ -52.403157955, -0.877148319999987 ], [ -52.427040125, -1.050794927999958 ], [ -52.120262265, -1.146197957999948 ], [ -52.070459021, -1.235984113000061 ], [ -51.985334115, -1.121445355000021 ], [ -51.788458814, -1.147605313000055 ], [ -51.688185836, -1.03924827700003 ], [ -51.679204912, -0.785251928000029 ] ] ], [ [ [ -48.428518219, -0.807884215999808 ], [ -48.430380298, -0.805512218000134 ], [ -48.427446889, -0.805435708000052 ], [ -48.428518219, -0.807884215999808 ] ] ], [ [ [ -47.992273694, -0.684521578000107 ], [ -47.996426262999989, -0.681552352000159 ], [ -47.995148219, -0.678456499999835 ], [ -47.992273694, -0.684521578000107 ] ] ], [ [ [ -48.016176284, -0.669352430000129 ], [ -48.007119804, -0.678500375000252 ], [ -48.011364546, -0.685180049000132 ], [ -48.016176284, -0.669352430000129 ] ] ], [ [ [ -47.970807603, -0.654968567000133 ], [ -47.982326127, -0.673329490000207 ], [ -47.975051622, -0.648663254999799 ], [ -47.970807603, -0.654968567000133 ] ] ], [ [ [ -47.909707523, -0.600685978000216 ], [ -47.920857677, -0.594532691000022 ], [ -47.918316413, -0.589492992999945 ], [ -47.909707523, -0.600685978000216 ] ] ], [ [ [ -47.913981122, -0.584378781999907 ], [ -47.921909486, -0.580626372000138 ], [ -47.920916022, -0.576522931999739 ], [ -47.913981122, -0.584378781999907 ] ] ], [ [ [ -48.915633549, -0.151286433000619 ], [ -48.872613483, -0.200124308999316 ], [ -48.947534987, -0.206832723000602 ], [ -48.915633549, -0.151286433000619 ] ] ], [ [ [ -48.968333274, -0.189191454000291 ], [ -48.986728269, -0.179992750000611 ], [ -48.986292274, -0.171082879000266 ], [ -48.968333274, -0.189191454000291 ] ] ], [ [ [ -48.943039985, -0.180993799000337 ], [ -48.94462663, -0.171055422999618 ], [ -48.937879925, -0.171245772000188 ], [ -48.943039985, -0.180993799000337 ] ] ], [ [ [ -48.746768848, -0.170515596000579 ], [ -48.770681318, -0.177851067000144 ], [ -48.754808309, -0.163808039999957 ], [ -48.746768848, -0.170515596000579 ] ] ], [ [ [ -48.731416773, -0.172191278999174 ], [ -48.736637181, -0.171037490998973 ], [ -48.734033475, -0.167721860999296 ], [ -48.731416773, -0.172191278999174 ] ] ], [ [ [ -48.977048556, -0.172326680998947 ], [ -48.974956609, -0.166828789000876 ], [ -48.975156088, -0.171988137000752 ], [ -48.977048556, -0.172326680998947 ] ] ], [ [ [ -49.12407311, -0.159324414000576 ], [ -49.151138394, -0.135751833000801 ], [ -49.122735049, -0.145130030999555 ], [ -49.12407311, -0.159324414000576 ] ] ], [ [ [ -49.476907069, 0.148206434000435 ], [ -49.502367345, 0.117384731000614 ], [ -49.506906558, 0.12659175300088 ], [ -49.476907069, 0.148206434000435 ] ] ], [ [ [ -49.632858081999984, 0.194500043999767 ], [ -49.653457233, 0.145035481999946 ], [ -49.678496622, 0.16313200799945 ], [ -49.632858081999984, 0.194500043999767 ] ] ], [ [ [ -49.568349552, 0.181005457999484 ], [ -49.564817918, 0.206079918000474 ], [ -49.554929342, 0.206433079000765 ], [ -49.568349552, 0.181005457999484 ] ] ], [ [ [ -49.618080172, 0.199240555999086 ], [ -49.6021381, 0.242767929000701 ], [ -49.557818427, 0.243863767999413 ], [ -49.618080172, 0.199240555999086 ] ] ], [ [ [ -46.43675768, -1.018452815000139 ], [ -46.437226225000011, -1.019143884000153 ], [ -46.437538355, -1.018920806000104 ], [ -46.43675768, -1.018452815000139 ] ] ], [ [ [ -46.438619529999983, -1.018316359000083 ], [ -46.438973359999984, -1.017775493000084 ], [ -46.437507001, -1.017843524999915 ], [ -46.438619529999983, -1.018316359000083 ] ] ], [ [ [ -46.375009983, -1.020113196000165 ], [ -46.385651666, -1.006025916999983 ], [ -46.377196085, -1.001971200000047 ], [ -46.375009983, -1.020113196000165 ] ] ], [ [ [ -46.43423402, -1.015269534999903 ], [ -46.443614447, -1.010011783000062 ], [ -46.432545837, -1.006110959000037 ], [ -46.43423402, -1.015269534999903 ] ] ], [ [ [ -46.440478621, -1.006042118999988 ], [ -46.436633295, -1.004276806999861 ], [ -46.440676651, -1.006451906000044 ], [ -46.440478621, -1.006042118999988 ] ] ], [ [ [ -46.482745857, -0.9712466 ], [ -46.480714766, -0.973803563999912 ], [ -46.486207951, -0.972892613999901 ], [ -46.482745857, -0.9712466 ] ] ], [ [ [ -46.305621975, -0.997830961999829 ], [ -46.339182974, -0.95685547500002 ], [ -46.316090648, -0.934582326000189 ], [ -46.305621975, -0.997830961999829 ] ] ], [ [ [ -46.471150511, -0.968900472000085 ], [ -46.471157110999989, -0.965306556000126 ], [ -46.468677234, -0.963915103999983 ], [ -46.471150511, -0.968900472000085 ] ] ], [ [ [ -46.406832962, -0.96827072300011 ], [ -46.416457304, -0.943116663000102 ], [ -46.404898222, -0.94254494799991 ], [ -46.406832962, -0.96827072300011 ] ] ], [ [ [ -46.606385461, -0.955147302000086 ], [ -46.626846941, -0.959236075000126 ], [ -46.606877086, -0.939944608000177 ], [ -46.606385461, -0.955147302000086 ] ] ], [ [ [ -46.144458556, -0.947902640999897 ], [ -46.152133893, -0.925229648999946 ], [ -46.13839787, -0.925573748999835 ], [ -46.144458556, -0.947902640999897 ] ] ], [ [ [ -46.456200488, -0.908649324000112 ], [ -46.462003003, -0.908086533000168 ], [ -46.456428255, -0.906813622000069 ], [ -46.456200488, -0.908649324000112 ] ] ], [ [ [ -46.722111481, -0.782577505999893 ], [ -46.723737173, -0.790036500999774 ], [ -46.729335606999989, -0.783111811000119 ], [ -46.722111481, -0.782577505999893 ] ] ], [ [ [ -47.840006459, -0.65869953600012 ], [ -47.846523218, -0.665085262 ], [ -47.841314028, -0.655932318999894 ], [ -47.840006459, -0.65869953600012 ] ] ], [ [ [ -47.834764839, -0.659027889999823 ], [ -47.838171145, -0.65701966499998 ], [ -47.835850554, -0.655482392000021 ], [ -47.834764839, -0.659027889999823 ] ] ], [ [ [ -47.829075171, -0.633729615999803 ], [ -47.826817787, -0.643755074000043 ], [ -47.827176094, -0.648774132999796 ], [ -47.829075171, -0.633729615999803 ] ] ], [ [ [ -47.854131018, -0.63853278199998 ], [ -47.8512827, -0.634856139999719 ], [ -47.854555187, -0.640056313999835 ], [ -47.854131018, -0.63853278199998 ] ] ] ] } },
{ "type": "Feature", "properties": { "abbrev_state": "AP", "name_state": "Amapá", "name_region": "Norte" }, "geometry": { "type": "MultiPolygon", "coordinates": [ [ [ [ -53.27655348, 2.188161550999932 ], [ -52.90311650000001, 2.18617849999998 ], [ -52.552060173999983, 2.520020792999988 ], [ -52.331286579, 3.170871161000046 ], [ -51.656065392, 4.053905147999962 ], [ -51.637634878, 4.508817070000022 ], [ -51.331840136, 4.305798591999982 ], [ -51.179297792, 3.919496293999981 ], [ -51.083030942, 3.89495119 ], [ -51.044410423, 3.134003920000027 ], [ -50.681866793, 2.133402790000076 ], [ -50.444838844, 1.815035819000046 ], [ -50.16575857, 1.813030610000062 ], [ -49.920618346, 1.6879296100001 ], [ -49.889782433, 1.013596962000058 ], [ -50.097361984, 0.767049911999974 ], [ -50.436546897, 0.600107025000141 ], [ -50.668197496, 0.185034471999653 ], [ -51.216362859, -0.118612785999436 ], [ -51.679204912, -0.785251928000029 ], [ -51.688185836, -1.03924827700003 ], [ -51.809096335, -1.157101134000017 ], [ -51.985334115, -1.121445355000021 ], [ -52.070459021, -1.235984113000061 ], [ -52.120262265, -1.146197957999948 ], [ -52.427040125, -1.050794927999958 ], [ -52.403157955, -0.877148319999987 ], [ -52.543839298, -0.851539243000152 ], [ -52.525015519, -0.585339757999696 ], [ -52.667764278, -0.544136725000076 ], [ -52.688819039, -0.304136432999752 ], [ -52.932743659, -0.142307300998927 ], [ -53.17404997700001, 0.374304697000332 ], [ -53.106297954, 0.683982016999948 ], [ -53.411494203, 0.929344150999808 ], [ -53.426520755, 1.242720971 ], [ -53.538992921, 1.2124260870001 ], [ -53.538547714, 1.340861055 ], [ -53.650966645, 1.336223283999943 ], [ -53.646832677, 1.407624734000021 ], [ -54.086466106, 1.488296839000121 ], [ -54.143663703, 1.64061204599994 ], [ -54.309304392, 1.741050329000107 ], [ -54.744779072, 1.775800777999937 ], [ -54.812832036, 2.062813727000066 ], [ -54.763110876, 2.202319066000081 ], [ -54.87625018, 2.426694446000059 ], [ -54.744032434, 2.471486166000059 ], [ -54.662249133, 2.326987027000033 ], [ -54.189079119, 2.178827492999934 ], [ -53.770824434, 2.378284620999964 ], [ -53.540942447, 2.257254054000066 ], [ -53.343908087, 2.355034005999962 ], [ -53.230771108, 2.26888605500008 ], [ -53.27655348, 2.188161550999932 ] ] ], [ [ [ -50.442522005, 2.109766384999962 ], [ -50.316943356, 1.955395618000026 ], [ -50.425508237, 1.867017231000071 ], [ -50.521230223, 2.005429098999956 ], [ -50.442522005, 2.109766384999962 ] ] ], [ [ [ -50.513668356, 2.185307106999973 ], [ -50.440930797, 2.166513137999944 ], [ -50.42263348, 2.118462411000015 ], [ -50.507659611, 2.099890788000047 ], [ -50.513668356, 2.185307106999973 ] ] ] ] } },
{ "type": "Feature", "properties": { "abbrev_state": "TO", "name_state": "Tocantins", "name_region": "Norte" }, "geometry": { "type": "Polygon", "coordinates": [ [ [ -48.237459241, -5.952639206999976 ], [ -48.297636543, -5.765123455999985 ], [ -48.138151994, -5.602690143000031 ], [ -48.384742538, -5.394206788000028 ], [ -48.754579035, -5.359683575999969 ], [ -48.606131708, -5.336500756 ], [ -48.529767752, -5.196616693999973 ], [ -47.928104067, -5.241235519999989 ], [ -47.843759371, -5.376208750000017 ], [ -47.500120459, -5.525604845000013 ], [ -47.377235775, -6.266768312000029 ], [ -47.529951488, -6.980105402999985 ], [ -47.74982577, -7.195261748 ], [ -47.647712148, -7.304122932 ], [ -47.499786362, -7.29385835000001 ], [ -47.591569659, -7.440068349000018 ], [ -47.501525005, -7.439794892000021 ], [ -47.045585646, -8.053090701 ], [ -46.608820537, -7.892941371 ], [ -46.46578349, -8.069082206 ], [ -46.543999487, -8.317435942 ], [ -46.806834981, -8.398970712 ], [ -46.916280157, -8.594783773999987 ], [ -46.914895564, -8.853058219 ], [ -47.07055164, -9.061954214000011 ], [ -46.921624833, -9.066812907000017 ], [ -46.76567750000001, -9.406330941 ], [ -46.560975945, -9.484032968 ], [ -46.647419942, -9.730350401 ], [ -46.509448502, -9.801366662 ], [ -46.36788953, -10.168814146 ], [ -46.028278165, -10.176869648000016 ], [ -45.922240075, -10.370929798000013 ], [ -45.896728459, -10.264290209 ], [ -45.701977335, -10.179350374 ], [ -45.821251257, -10.458073994999989 ], [ -46.14970492, -10.63591076 ], [ -46.576509606, -11.342277316999985 ], [ -46.44043461, -11.520788988 ], [ -46.080894206, -11.624011157 ], [ -46.384870413, -11.625204363 ], [ -46.307734748, -11.686440668 ], [ -46.37065830600001, -11.889589853 ], [ -46.180039834, -11.90709115299998 ], [ -46.479799657, -12.04735907700001 ], [ -46.38442231, -12.05175625400001 ], [ -46.377415824000011, -12.352774963 ], [ -46.289883578, -12.376652969 ], [ -46.340543675, -12.45229851900001 ], [ -46.282095436, -12.415987849 ], [ -46.272624487, -12.514598424 ], [ -46.198212967, -12.503958813 ], [ -46.307567406, -12.576747841999982 ], [ -46.330076297, -12.95785168 ], [ -46.112964967999986, -12.91801043200001 ], [ -46.364403859, -12.990742857 ], [ -46.417984759, -12.822436733000012 ], [ -46.45464987, -12.971152609999979 ], [ -46.750610975, -12.969155006999983 ], [ -47.426127485, -13.289979877000011 ], [ -47.633644987, -13.101179886 ], [ -47.679748372, -13.468174783000011 ], [ -47.82021442, -13.312523375 ], [ -48.062455857, -13.235721212 ], [ -48.164823096, -13.306660259 ], [ -48.143659159, -13.152472546999988 ], [ -48.441908924, -13.292342177 ], [ -48.518103151, -13.139521794000014 ], [ -48.586089798, -13.321600522 ], [ -48.6005347, -13.058853531000011 ], [ -48.856872792, -12.804357504000013 ], [ -48.976233465, -12.957893053 ], [ -49.118877037, -12.789519236 ], [ -49.237655197, -12.883786133 ], [ -49.368315907, -13.272301371999985 ], [ -50.292842717, -12.83846936100001 ], [ -50.299072791, -12.680177137 ], [ -50.141802001, -12.39539562 ], [ -50.365984324, -12.545501064000016 ], [ -50.510981069, -12.86089831 ], [ -50.622732049, -12.819736221 ], [ -50.706488785, -12.609701005 ], [ -50.618255037, -12.428992177 ], [ -50.686871796, -12.202153885999987 ], [ -50.639288208, -11.884566501 ], [ -50.722042017, -11.73969886 ], [ -50.657473855, -11.592806388000023 ], [ -50.74206313, -11.454906412000012 ], [ -50.609457426, -11.067445653999986 ], [ -50.60289775, -10.658233980000013 ], [ -50.418285345, -10.356281448999979 ], [ -50.040979815, -9.294419239000025 ], [ -49.745088141, -8.906163576 ], [ -49.592411328, -8.839491234 ], [ -49.276243915, -8.363683836000011 ], [ -49.148443419, -7.807314798000015 ], [ -49.384051966, -7.543492224 ], [ -49.185284176, -7.235171785999984 ], [ -49.209528113, -6.925420569 ], [ -48.670912734, -6.669004439999984 ], [ -48.613154462, -6.453728987000021 ], [ -48.50021515000001, -6.350927585000014 ], [ -48.382679265, -6.379607884 ], [ -48.4349388, -6.18316828500001 ], [ -48.297240215, -6.110477604 ], [ -48.334716313, -6.004274754000016 ], [ -48.237459241, -5.952639206999976 ] ] ] } },
{ "type": "Feature", "properties": { "abbrev_state": "MA", "name_state": "Maranhão", "name_region": "Nordeste" }, "geometry": { "type": "MultiPolygon", "coordinates": [ [ [ [ -46.147309093, -1.606436117999982 ], [ -46.149263643, -1.226002142000036 ], [ -45.978345599, -1.04932812100003 ], [ -45.983661961, -1.111402560000017 ], [ -45.9539761, -1.202193136999895 ], [ -45.86056102, -1.049709522 ], [ -45.912074861, -1.166341302999849 ], [ -45.862774473, -1.212663607999945 ], [ -45.768167042, -1.198982361999958 ], [ -45.720928598, -1.110008596999907 ], [ -45.73821339500001, -1.220129790000015 ], [ -45.689899303, -1.273601417999988 ], [ -45.648062533, -1.236972217000106 ], [ -45.62988772500001, -1.123628985 ], [ -45.636787177, -1.281191776999913 ], [ -45.548937059, -1.276382990999877 ], [ -45.512441964, -1.378086805 ], [ -45.41412308000001, -1.297472437000106 ], [ -45.482488465, -1.478579344999911 ], [ -45.308619586, -1.332917283999917 ], [ -45.300397084, -1.437635107000106 ], [ -45.388205043, -1.472017012999912 ], [ -45.308447749, -1.496810837000029 ], [ -45.334755004, -1.594314806000012 ], [ -45.260919639, -1.596081475999945 ], [ -45.198023675, -1.48842501 ], [ -45.132490051, -1.484785093000087 ], [ -45.103192989999989, -1.473129227000103 ], [ -45.096709424, -1.455464557000027 ], [ -44.95469391200001, -1.560824309999981 ], [ -44.969196122, -1.477883288000098 ], [ -44.860448224, -1.411296031999962 ], [ -44.830547019, -1.434627995000127 ], [ -44.918265609, -1.53903937599989 ], [ -44.90579936, -1.604665713000034 ], [ -44.657098535, -1.587750654999963 ], [ -44.660964594, -1.661975847999911 ], [ -44.74677722, -1.650732653999958 ], [ -44.799795983, -1.704293091000055 ], [ -44.700915797, -1.726243570000087 ], [ -44.757223448, -1.789355810999971 ], [ -44.601065939, -1.73970748500002 ], [ -44.481253735, -1.98689971900006 ], [ -44.57599431, -2.024143544000037 ], [ -44.485294981, -2.04274105100002 ], [ -44.682080443, -2.272115383000032 ], [ -44.463777654, -2.144297920999912 ], [ -44.357905047, -2.336858049000031 ], [ -44.498447325, -2.425880621999932 ], [ -44.442941425, -2.457515913999946 ], [ -44.626804327, -2.702679428999954 ], [ -44.679448106, -2.979084274000013 ], [ -44.597153763, -3.040047757999982 ], [ -44.506951749, -3.03282551099996 ], [ -44.424817549, -2.943933926999963 ], [ -44.304569017, -2.487506014999967 ], [ -44.030837487, -2.407015288000034 ], [ -44.036063489000014, -2.556544065 ], [ -44.26603848, -2.757982021999987 ], [ -44.094912926, -2.753250035000041 ], [ -43.627210474, -2.251233663999955 ], [ -43.645206925, -2.402716406000062 ], [ -43.76782359900001, -2.493908137 ], [ -43.692510977, -2.520543255999941 ], [ -43.651598962, -2.481822024 ], [ -43.621965612, -2.510199337000032 ], [ -43.57979433, -2.458642806000059 ], [ -43.58055134, -2.507051245000012 ], [ -43.528455259, -2.418720594 ], [ -43.508677774, -2.476115133000055 ], [ -43.461479342999986, -2.486344014 ], [ -43.460968983, -2.350623766000054 ], [ -43.291927148, -2.343105250999953 ], [ -42.338606357, -2.749150825999987 ], [ -42.263555788, -2.757903820000053 ], [ -42.25691503, -2.675737963999955 ], [ -41.807247502, -2.730040289000032 ], [ -41.866037934, -2.86996640699998 ], [ -41.79606907, -2.957504731000048 ], [ -42.201731929, -3.431340686999956 ], [ -42.503319022, -3.450607072999948 ], [ -42.67507512, -3.672653905999974 ], [ -42.729878804, -3.916305038000045 ], [ -42.986434964, -4.220480504000035 ], [ -42.850398270999989, -4.484460582000033 ], [ -42.950357303, -4.775214103 ], [ -42.798993601, -5.189678073 ], [ -42.825309621, -5.346363132 ], [ -43.098009255, -5.624772099999987 ], [ -43.074585178, -6.057422377000023 ], [ -42.829484584, -6.334221444999978 ], [ -42.919931394, -6.671008127999984 ], [ -43.011062297, -6.760009391 ], [ -43.41912892900001, -6.844010489 ], [ -43.714990082, -6.698733289999978 ], [ -44.033393276, -6.760404076000026 ], [ -44.305184799, -7.117812220000016 ], [ -44.564195301, -7.227707973999989 ], [ -44.688640993, -7.394908847000019 ], [ -44.816496234, -7.360893828000022 ], [ -45.45960061000001, -7.672803452000021 ], [ -45.766190584, -8.609545618 ], [ -45.995089302, -8.926991554000015 ], [ -45.783435309, -9.479477094 ], [ -45.877344512, -10.10658648 ], [ -46.002971308, -10.261764701999985 ], [ -46.031247466, -10.176110777000019 ], [ -46.36788953, -10.168814146 ], [ -46.509448502, -9.801366662 ], [ -46.647419942, -9.730350401 ], [ -46.560975945, -9.484032968 ], [ -46.76567750000001, -9.406330941 ], [ -46.921624833, -9.066812907000017 ], [ -47.07055164, -9.061954214000011 ], [ -46.914895564, -8.853058219 ], [ -46.916280157, -8.594783773999987 ], [ -46.806834981, -8.398970712 ], [ -46.516788044, -8.288137919 ], [ -46.489221304, -7.987504654 ], [ -46.609166123, -7.892959180999982 ], [ -47.045585646, -8.053090701 ], [ -47.501525005, -7.439794892000021 ], [ -47.591569659, -7.440068349000018 ], [ -47.499786362, -7.29385835000001 ], [ -47.647712148, -7.304122932 ], [ -47.74982577, -7.195261748 ], [ -47.529951488, -6.980105402999985 ], [ -47.377235775, -6.266768312000029 ], [ -47.500120459, -5.525604845000013 ], [ -47.843759371, -5.376208750000017 ], [ -47.928104067, -5.241235519999989 ], [ -48.178544202, -5.260776075000027 ], [ -48.363909815, -5.168380515000013 ], [ -48.755150737, -5.349165408000032 ], [ -47.792569131, -4.58641079099998 ], [ -47.611941881, -4.557357881 ], [ -47.319424334, -4.047774505999968 ], [ -47.085205117, -3.856640016000027 ], [ -47.038846104, -3.562103308000044 ], [ -46.676503555, -3.094142378 ], [ -46.68055541, -2.882717814999966 ], [ -46.575697628999983, -2.841538618000032 ], [ -46.671372861, -2.706198219999975 ], [ -46.419333614999985, -2.532425064999926 ], [ -46.431940463, -2.23705570499996 ], [ -46.283296922, -2.154390115000044 ], [ -46.211369475, -1.835747796999932 ], [ -46.321557242, -1.758629887000089 ], [ -46.147309093, -1.606436117999982 ] ] ], [ [ [ -45.141572341, -1.477460300000124 ], [ -45.143143315, -1.475470635999982 ], [ -45.141562057, -1.471395180999974 ], [ -45.141572341, -1.477460300000124 ] ] ], [ [ [ -45.097361885, -1.450330894999887 ], [ -45.098931869, -1.445277603999904 ], [ -45.095995726, -1.450058044999906 ], [ -45.097361885, -1.450330894999887 ] ] ], [ [ [ -45.103017227, -1.464153325999962 ], [ -45.124155733, -1.438930767000018 ], [ -45.110591901, -1.421901062999916 ], [ -45.103017227, -1.464153325999962 ] ] ], [ [ [ -45.070391636, -1.438011221999916 ], [ -45.07492792, -1.459632010000047 ], [ -45.08085251, -1.428904586 ], [ -45.070391636, -1.438011221999916 ] ] ], [ [ [ -45.088548333, -1.443901977000074 ], [ -45.094448186, -1.424761845999954 ], [ -45.087853841, -1.422420093000045 ], [ -45.088548333, -1.443901977000074 ] ] ], [ [ [ -45.41944639, -1.413372899000131 ], [ -45.404475088, -1.401084797 ], [ -45.413866123, -1.420770565 ], [ -45.41944639, -1.413372899000131 ] ] ], [ [ [ -45.071723033, -1.373409170000057 ], [ -45.101052161, -1.433028973000099 ], [ -45.102889505000014, -1.421663208999909 ], [ -45.081862785, -1.377283416999886 ], [ -45.071723033, -1.373409170000057 ] ] ], [ [ [ -45.093941337, -1.379779299999964 ], [ -45.111187172, -1.412829733999878 ], [ -45.114906595, -1.363099473999875 ], [ -45.093941337, -1.379779299999964 ] ] ], [ [ [ -45.497387121, -1.359617260000069 ], [ -45.500622691, -1.353047988999894 ], [ -45.49592077, -1.346207496999869 ], [ -45.497387121, -1.359617260000069 ] ] ], [ [ [ -45.491872688, -1.348368473000088 ], [ -45.488123988, -1.339873245999872 ], [ -45.487005355, -1.339696679999935 ], [ -45.491872688, -1.348368473000088 ] ] ], [ [ [ -45.576057629, -1.262205348999869 ], [ -45.56962447, -1.270479795000043 ], [ -45.573044458, -1.273750982000138 ], [ -45.576057629, -1.262205348999869 ] ] ], [ [ [ -45.650395236, -1.229101470999897 ], [ -45.649312706, -1.233565195000126 ], [ -45.652172859, -1.234577319999887 ], [ -45.650395236, -1.229101470999897 ] ] ], [ [ [ -45.668047797, -1.24365151800004 ], [ -45.710747972999989, -1.226574378000129 ], [ -45.688015079, -1.183653690000087 ], [ -45.668047797, -1.24365151800004 ] ] ], [ [ [ -45.5321908, -1.220545064000076 ], [ -45.595934536999984, -1.241799257999932 ], [ -45.576258655, -1.19278259599994 ], [ -45.5321908, -1.220545064000076 ] ] ], [ [ [ -45.773424886, -1.194363390000098 ], [ -45.768292178, -1.191052526000024 ], [ -45.769020967, -1.196219863000126 ], [ -45.773424886, -1.194363390000098 ] ] ], [ [ [ -45.956139247, -1.187040737999885 ], [ -45.953488942, -1.187221859000015 ], [ -45.955890602999986, -1.191728274000146 ], [ -45.956139247, -1.187040737999885 ] ] ], [ [ [ -45.904456637, -1.163580761000045 ], [ -45.892401166, -1.15048106700003 ], [ -45.898745623, -1.159364710000052 ], [ -45.904456637, -1.163580761000045 ] ] ], [ [ [ -45.604382961, -1.159334002000032 ], [ -45.610643786, -1.153807707000083 ], [ -45.60650664500001, -1.150156054999855 ], [ -45.604382961, -1.159334002000032 ] ] ], [ [ [ -45.804987294999989, -1.145103298999918 ], [ -45.827837418, -1.128710766000113 ], [ -45.807818307, -1.12446958900007 ], [ -45.804987294999989, -1.145103298999918 ] ] ], [ [ [ -46.014278891, -1.072024736000108 ], [ -46.010174206, -1.075824354999952 ], [ -46.016919821, -1.07827743899989 ], [ -46.014278891, -1.072024736000108 ] ] ], [ [ [ -44.659159126, -2.970742118999983 ], [ -44.667023643, -2.972617577999972 ], [ -44.661086838, -2.957030649000028 ], [ -44.659159126, -2.970742118999983 ] ] ], [ [ [ -44.623089031, -2.937618441000015 ], [ -44.628291692, -2.932651422999974 ], [ -44.620959466, -2.926405270999983 ], [ -44.623089031, -2.937618441000015 ] ] ], [ [ [ -44.640056687, -2.923563691999983 ], [ -44.664321755, -2.928322063 ], [ -44.640800336, -2.914832055999962 ], [ -44.640056687, -2.923563691999983 ] ] ], [ [ [ -44.475970232, -2.736057079999983 ], [ -44.479020434, -2.957860328999972 ], [ -44.582777733, -3.031823386999978 ], [ -44.641552641999986, -2.972682792000029 ], [ -44.589616595, -2.894839936000057 ], [ -44.58030789, -2.859403514999987 ], [ -44.58805232, -2.818700395000055 ], [ -44.475970232, -2.736057079999983 ] ] ], [ [ [ -44.591332343999987, -2.878072207999946 ], [ -44.588317198, -2.866876138000042 ], [ -44.58800794, -2.866674237 ], [ -44.591332343999987, -2.878072207999946 ] ] ], [ [ [ -44.42817344, -2.420116144999954 ], [ -44.419987485999989, -2.416594879999931 ], [ -44.424224761, -2.428455987999965 ], [ -44.42817344, -2.420116144999954 ] ] ], [ [ [ -44.467891075, -2.077117748999948 ], [ -44.469684998, -2.067964443999951 ], [ -44.465555148, -2.0708369 ], [ -44.467891075, -2.077117748999948 ] ] ], [ [ [ -44.539549958, -2.020092455000084 ], [ -44.538609327, -2.023053979999919 ], [ -44.541477865, -2.020988441000039 ], [ -44.539549958, -2.020092455000084 ] ] ], [ [ [ -44.738472571, -1.679091329000039 ], [ -44.74379593, -1.698868848000097 ], [ -44.757949546, -1.689338541000017 ], [ -44.738472571, -1.679091329000039 ] ] ], [ [ [ -44.747436463, -1.679989512000042 ], [ -44.747118789, -1.677287534999956 ], [ -44.745119224, -1.678311302000066 ], [ -44.747436463, -1.679989512000042 ] ] ], [ [ [ -44.729213346, -1.658692779000071 ], [ -44.741582914, -1.66911583900002 ], [ -44.742153082, -1.666793219999962 ], [ -44.729213346, -1.658692779000071 ] ] ], [ [ [ -44.780509036000012, -1.576032445000041 ], [ -44.785343631, -1.575856646000043 ], [ -44.780156927, -1.574011791000029 ], [ -44.780509036000012, -1.576032445000041 ] ] ], [ [ [ -44.829017251, -1.568040526999892 ], [ -44.839111129, -1.557486033999989 ], [ -44.824397407, -1.562770874999936 ], [ -44.829017251, -1.568040526999892 ] ] ], [ [ [ -44.751614242, -1.535000112999962 ], [ -44.7482063, -1.56917593800009 ], [ -44.762603649, -1.580023147999972 ], [ -44.751614242, -1.535000112999962 ] ] ], [ [ [ -44.894980444, -1.530025666 ], [ -44.898370512, -1.530598846000024 ], [ -44.896301461, -1.52795609 ], [ -44.894980444, -1.530025666 ] ] ], [ [ [ -44.794998929, -1.512898212000115 ], [ -44.836590638, -1.542791643000059 ], [ -44.78062128, -1.478606149999966 ], [ -44.774389672, -1.487304352000093 ], [ -44.794998929, -1.512898212000115 ] ] ], [ [ [ -44.742328888, -1.492699361999955 ], [ -44.750678149, -1.517285761999924 ], [ -44.794689295, -1.523713602 ], [ -44.77218498, -1.485859689999911 ], [ -44.789898934999982, -1.466323385000102 ], [ -44.742328888, -1.492699361999955 ] ] ], [ [ [ -44.868536873, -1.492916143999989 ], [ -44.871992505, -1.491295464000031 ], [ -44.863803004, -1.491771346000017 ], [ -44.868536873, -1.492916143999989 ] ] ], [ [ [ -44.870501485, -1.487439811999884 ], [ -44.86975817, -1.488522076999948 ], [ -44.871382285, -1.489062961999879 ], [ -44.870501485, -1.487439811999884 ] ] ], [ [ [ -45.039427534, -1.38816985600002 ], [ -45.050054157, -1.369607168000011 ], [ -45.047724966, -1.36619011300011 ], [ -45.039427534, -1.38816985600002 ] ] ], [ [ [ -44.929004102, -1.266771948999913 ], [ -44.867390912, -1.329605344999885 ], [ -45.006744254, -1.399882403000022 ], [ -45.030842111, -1.321200974000121 ], [ -44.929004102, -1.266771948999913 ] ] ], [ [ [ -44.411686692, -2.797270904000044 ], [ -44.413592618, -2.796734005000026 ], [ -44.412598862, -2.79566484000003 ], [ -44.411686692, -2.797270904000044 ] ] ], [ [ [ -44.096353842, -2.750700890999987 ], [ -44.094439685, -2.750244764000061 ], [ -44.096191817, -2.750858982000047 ], [ -44.096353842, -2.750700890999987 ] ] ], [ [ [ -44.092324483, -2.746797576000051 ], [ -44.093731189, -2.747545108000019 ], [ -44.093664077999989, -2.746886722000017 ], [ -44.092324483, -2.746797576000051 ] ] ], [ [ [ -44.373812952, -2.57745402100007 ], [ -44.37467426, -2.578195388000058 ], [ -44.374939319, -2.57759969000004 ], [ -44.373812952, -2.57745402100007 ] ] ], [ [ [ -44.364799063, -2.545284753000032 ], [ -44.365705161, -2.542549850999961 ], [ -44.363823391, -2.544174349000051 ], [ -44.364799063, -2.545284753000032 ] ] ], [ [ [ -44.365741558, -2.539919021999965 ], [ -44.365583042, -2.538636378000066 ], [ -44.365121552, -2.539754578000018 ], [ -44.365741558, -2.539919021999965 ] ] ], [ [ [ -44.363386238, -2.519877954000016 ], [ -44.370740534, -2.528021793999984 ], [ -44.372587818, -2.521625918999932 ], [ -44.363386238, -2.519877954000016 ] ] ], [ [ [ -44.359844238, -2.522876385999959 ], [ -44.359531973, -2.523650779999948 ], [ -44.360285625, -2.523295884000055 ], [ -44.359844238, -2.522876385999959 ] ] ], [ [ [ -43.680973677, -2.506794319000053 ], [ -43.678918045, -2.506488887999976 ], [ -43.680820448, -2.508467715000074 ], [ -43.680973677, -2.506794319000053 ] ] ], [ [ [ -43.710896276, -2.483455521000065 ], [ -43.710199193, -2.48492353 ], [ -43.710892453, -2.485183643999934 ], [ -43.710896276, -2.483455521000065 ] ] ], [ [ [ -43.464432971, -2.484657998 ], [ -43.473511417, -2.473776350999944 ], [ -43.470362933, -2.470233961000025 ], [ -43.464432971, -2.484657998 ] ] ], [ [ [ -43.853647231, -2.473169593000033 ], [ -43.853743447, -2.469330628 ], [ -43.85205635, -2.469044806999968 ], [ -43.853647231, -2.473169593000033 ] ] ], [ [ [ -43.851038727, -2.465570241999941 ], [ -43.851700054, -2.468203669 ], [ -43.850869066, -2.463587318999966 ], [ -43.851038727, -2.465570241999941 ] ] ], [ [ [ -43.85583867, -2.448131785 ], [ -43.85528522, -2.44988941 ], [ -43.856742619, -2.449744999 ], [ -43.85583867, -2.448131785 ] ] ], [ [ [ -43.853028342, -2.420564286 ], [ -43.855547194, -2.442534678 ], [ -43.870275308, -2.445500793 ], [ -43.853028342, -2.420564286 ] ] ], [ [ [ -43.788563925, -2.415852743999982 ], [ -43.789028469, -2.415192781 ], [ -43.788161816, -2.415166512999944 ], [ -43.788563925, -2.415852743999982 ] ] ], [ [ [ -43.786960731, -2.377444623999958 ], [ -43.762037265, -2.377998936999952 ], [ -43.788406872, -2.414722637999932 ], [ -43.786960731, -2.377444623999958 ] ] ], [ [ [ -43.558057975, -2.355496193999928 ], [ -43.573540551, -2.425397869999955 ], [ -43.612879678, -2.378492270000022 ], [ -43.558057975, -2.355496193999928 ] ] ], [ [ [ -43.506624284999987, -2.383997783000011 ], [ -43.537217716, -2.405635804999918 ], [ -43.524796435999988, -2.370095815999938 ], [ -43.506624284999987, -2.383997783000011 ] ] ] ] } },
{ "type": "Feature", "properties": { "abbrev_state": "PI", "name_state": "Piauí", "name_region": "Nordeste" }, "geometry": { "type": "Polygon", "coordinates": [ [ [ -43.011062297, -6.760009391 ], [ -42.829484584, -6.334221444999978 ], [ -43.074585178, -6.057422377000023 ], [ -43.097209096, -5.620052672000021 ], [ -42.825309621, -5.346363132 ], [ -42.798993601, -5.189678073 ], [ -42.950357303, -4.775214103 ], [ -42.850398270999989, -4.484460582000033 ], [ -42.986434964, -4.220480504000035 ], [ -42.729878804, -3.916305038000045 ], [ -42.67507512, -3.672653905999974 ], [ -42.503319022, -3.450607072999948 ], [ -42.201731929, -3.431340686999956 ], [ -42.123647649, -3.266804783000028 ], [ -41.935561167, -3.183553804999957 ], [ -41.796309356, -2.959564186999983 ], [ -41.866037934, -2.86996640699998 ], [ -41.794440833, -2.749937695999948 ], [ -41.594388331, -2.904170760000059 ], [ -41.32268131, -2.921319574000012 ], [ -41.248131325, -3.025891458000017 ], [ -41.423518009, -3.368006522000019 ], [ -41.324049276, -3.38592407700004 ], [ -41.371313107, -3.572627187000041 ], [ -41.238280463, -3.715768560999945 ], [ -41.300814145999986, -3.82629890199996 ], [ -41.220239523, -3.941505520000014 ], [ -41.256726865, -4.034848614000012 ], [ -41.114282417, -4.040564651999988 ], [ -41.090885601999986, -4.170331832 ], [ -41.242260378, -4.569946726 ], [ -41.173852601, -4.666942883999965 ], [ -41.249573827, -4.86969019700002 ], [ -40.92560737, -5.176853369000028 ], [ -40.907547512, -6.044661638 ], [ -40.731465567, -6.656968037 ], [ -40.370509762, -6.803070419999979 ], [ -40.548463713, -7.392691466 ], [ -40.715141029, -7.481414651 ], [ -40.62198973, -7.651359867999966 ], [ -40.673569476, -7.76167194600001 ], [ -40.538124011, -7.856937304999986 ], [ -40.589698422, -8.138808338 ], [ -40.925149037, -8.446326064999989 ], [ -40.99995321, -8.400299565 ], [ -41.213542855, -8.644155529 ], [ -41.381251535, -8.707272369 ], [ -41.913856036, -9.277076849 ], [ -42.23846393, -9.285765185 ], [ -42.799792087, -9.622503118 ], [ -42.973419634, -9.407134542 ], [ -43.2787692, -9.424574680000012 ], [ -43.451782157, -9.262262867999977 ], [ -43.769728807, -9.442051245 ], [ -43.841952224, -9.637427579 ], [ -43.65324499, -9.839055302999974 ], [ -43.662827135, -10.011815514 ], [ -44.139264024, -10.639884324 ], [ -44.336842856, -10.548535817 ], [ -44.584904372, -10.629350884999988 ], [ -44.931217945, -10.928756348999988 ], [ -45.358218967, -10.732207539 ], [ -45.447129894, -10.558789106 ], [ -45.39599431, -10.445025185 ], [ -45.593227427, -10.110297 ], [ -45.971114919, -10.358939315 ], [ -46.028206791, -10.277103297 ], [ -45.877344512, -10.10658648 ], [ -45.783435309, -9.479477094 ], [ -45.995089302, -8.926991554000015 ], [ -45.766190584, -8.609545618 ], [ -45.45960061000001, -7.672803452000021 ], [ -44.816496234, -7.360893828000022 ], [ -44.688640993, -7.394908847000019 ], [ -44.564195301, -7.227707973999989 ], [ -44.305184799, -7.117812220000016 ], [ -44.053370721, -6.768308814000028 ], [ -43.714990082, -6.698733289999978 ], [ -43.41912892900001, -6.844010489 ], [ -43.011062297, -6.760009391 ] ] ] } },
{ "type": "Feature", "properties": { "abbrev_state": "CE", "name_state": "Ceará", "name_region": "Nordeste" }, "geometry": { "type": "Polygon", "coordinates": [ [ [ -41.182915325, -4.017965154999974 ], [ -41.256726865, -4.034848614000012 ], [ -41.220239523, -3.941505520000014 ], [ -41.300814145999986, -3.82629890199996 ], [ -41.238280463, -3.715768560999945 ], [ -41.371313107, -3.572627187000041 ], [ -41.324049276, -3.38592407700004 ], [ -41.423518009, -3.368006522000019 ], [ -41.255765734, -3.087583798999984 ], [ -41.322668259, -2.921207833000015 ], [ -40.497958827, -2.784323465000031 ], [ -39.994625245, -2.839547028999965 ], [ -39.250150594, -3.223168157 ], [ -38.652404674, -3.682156009000029 ], [ -38.460302515, -3.705064021000045 ], [ -37.635592229, -4.589508592 ], [ -37.286085345, -4.743244377999971 ], [ -37.252658644, -4.831390316000012 ], [ -37.640338093, -4.926404372999968 ], [ -38.163779769, -5.945443411000025 ], [ -38.303775273, -6.086522665000015 ], [ -38.424220848, -6.066668008 ], [ -38.579545663, -6.279626404 ], [ -38.60221448, -6.390895082999976 ], [ -38.529399886, -6.392889993000025 ], [ -38.517909342, -6.408731716999977 ], [ -38.673150451, -6.697221205999969 ], [ -38.613684689, -6.783031011999987 ], [ -38.765107309, -6.993225380999989 ], [ -38.669849027, -7.047704612000013 ], [ -38.687829987, -7.190161168999982 ], [ -38.534586876, -7.293793047000026 ], [ -38.655325094, -7.565542990000011 ], [ -38.96285947, -7.844816397000014 ], [ -39.09299192, -7.857557758000013 ], [ -39.135640874000011, -7.723375096 ], [ -39.471680839, -7.575800613999971 ], [ -39.460747612, -7.471218999000025 ], [ -39.706188883, -7.337761186999982 ], [ -40.087454495, -7.383093067 ], [ -40.262995607, -7.301020938999973 ], [ -40.393878139, -7.368168385999987 ], [ -40.523723229, -7.318450456 ], [ -40.370509762, -6.803070419999979 ], [ -40.717807868, -6.671414310999986 ], [ -40.790561367, -6.518701247999976 ], [ -40.782009823, -6.316562900999973 ], [ -40.907547512, -6.044661638 ], [ -40.92560737, -5.176853369000028 ], [ -41.249573827, -4.86969019700002 ], [ -41.173852601, -4.666942883999965 ], [ -41.242260378, -4.569946726 ], [ -41.090885601999986, -4.170331832 ], [ -41.182915325, -4.017965154999974 ] ] ] } },
{ "type": "Feature", "properties": { "abbrev_state": "RN", "name_state": "Rio Grande do Norte", "name_region": "Nordeste" }, "geometry": { "type": "MultiPolygon", "coordinates": [ [ [ [ -38.061509223, -5.762053266 ], [ -38.081985407, -5.67012272700002 ], [ -37.901577269, -5.49979238 ], [ -37.640338093, -4.926404372999968 ], [ -37.252624639, -4.831381433000029 ], [ -37.153141377, -4.948106241999982 ], [ -36.960339085, -4.918477920000014 ], [ -36.688662152, -5.088301009 ], [ -35.979081632, -5.041553561000031 ], [ -35.617551563, -5.113794898000011 ], [ -35.416717185, -5.22097320100001 ], [ -35.259584304, -5.481713781999984 ], [ -34.968457928, -6.487199868000012 ], [ -35.170298851, -6.558392642000018 ], [ -35.66016426, -6.445278719 ], [ -35.97764729, -6.488905789 ], [ -36.077720624999984, -6.405090632999989 ], [ -36.249772072, -6.437359913 ], [ -36.303523881, -6.283033732999984 ], [ -36.394561408, -6.293974775999978 ], [ -36.530971554, -6.452071557 ], [ -36.435858141, -6.625877963999984 ], [ -36.524542733000011, -6.599653261999967 ], [ -36.506937806, -6.813005376999987 ], [ -36.718553882, -6.982734812000016 ], [ -36.835029624, -6.731070934999973 ], [ -36.957135468, -6.790478196999977 ], [ -36.99983354, -6.707712876000031 ], [ -37.223237838, -6.825389575 ], [ -37.283715994, -6.693914827000022 ], [ -37.484699542, -6.710037374000015 ], [ -37.36652789, -6.32558271200002 ], [ -37.156922969999989, -6.152488230000016 ], [ -37.231860241, -6.027594928000021 ], [ -37.742373876, -6.188975422000023 ], [ -37.757662517, -6.290772175 ], [ -38.117057391, -6.52266852399998 ], [ -38.485061393, -6.399419305 ], [ -38.458386491, -6.330213550999988 ], [ -38.577075354, -6.347427537 ], [ -38.447316577999985, -6.085277722 ], [ -38.277009231, -6.069951677999975 ], [ -38.061509223, -5.762053266 ] ] ], [ [ [ -37.044124584, -4.81854139200001 ], [ -37.045752766, -4.816679574 ], [ -37.044828874, -4.816359188 ], [ -37.044124584, -4.81854139200001 ] ] ] ] } },
{ "type": "Feature", "properties": { "abbrev_state": "PB", "name_state": "Paraíba", "name_region": "Nordeste" }, "geometry": { "type": "MultiPolygon", "coordinates": [ [ [ [ -34.797995184, -7.362775074 ], [ -34.797854356000016, -7.363118911 ], [ -34.79816365500001, -7.362979568 ], [ -34.797995184, -7.362775074 ] ] ], [ [ [ -34.79895896, -7.362565046999988 ], [ -34.798938261, -7.36237353 ], [ -34.798733119, -7.362482791000018 ], [ -34.79895896, -7.362565046999988 ] ] ], [ [ [ -34.798897039000011, -7.36066895500002 ], [ -34.798879485999983, -7.360486342000018 ], [ -34.798757047, -7.360625292999988 ], [ -34.798897039000011, -7.36066895500002 ] ] ], [ [ [ -34.795587123, -7.349791626999973 ], [ -34.795949744, -7.348995788999979 ], [ -34.795491333, -7.348562546 ], [ -34.795587123, -7.349791626999973 ] ] ], [ [ [ -34.797571893, -7.348844895999987 ], [ -34.797282657, -7.348506176999972 ], [ -34.797130795, -7.348581351999988 ], [ -34.797571893, -7.348844895999987 ] ] ], [ [ [ -38.669849027, -7.047704612000013 ], [ -38.765177157, -6.910936785999977 ], [ -38.616921297000012, -6.793298924000017 ], [ -38.673150451, -6.697221205999969 ], [ -38.517909342, -6.408731716999977 ], [ -38.57607531, -6.36269193600003 ], [ -38.458386491, -6.330213550999988 ], [ -38.485061393, -6.399419305 ], [ -38.117057391, -6.52266852399998 ], [ -37.757662517, -6.290772175 ], [ -37.742373876, -6.188975422000023 ], [ -37.231860241, -6.027594928000021 ], [ -37.156922969999989, -6.152488230000016 ], [ -37.36652789, -6.32558271200002 ], [ -37.484699542, -6.710037374000015 ], [ -37.283715994, -6.693914827000022 ], [ -37.223237838, -6.825389575 ], [ -36.99983354, -6.707712876000031 ], [ -36.957135468, -6.790478196999977 ], [ -36.835029624, -6.731070934999973 ], [ -36.718553882, -6.982734812000016 ], [ -36.506937806, -6.813005376999987 ], [ -36.524542733000011, -6.599653261999967 ], [ -36.435858141, -6.625877963999984 ], [ -36.530971554, -6.452071557 ], [ -36.394561408, -6.293974775999978 ], [ -36.303523881, -6.283033732999984 ], [ -36.249772072, -6.437359913 ], [ -36.077720624999984, -6.405090632999989 ], [ -35.97764729, -6.488905789 ], [ -35.66016426, -6.445278719 ], [ -35.170298851, -6.558392642000018 ], [ -34.971026991, -6.485396870999977 ], [ -34.940467069, -6.753970992999982 ], [ -34.865262994, -7.029583126 ], [ -34.828829146, -6.968817242 ], [ -34.79316128, -7.154560484999982 ], [ -34.803898907, -7.47127204 ], [ -34.82659682100001, -7.551004870999982 ], [ -34.959346334000017, -7.539133101 ], [ -35.070520762, -7.398760993 ], [ -35.24859467600001, -7.374779552000023 ], [ -35.494312128, -7.482205559000011 ], [ -35.532811956, -7.654817570000018 ], [ -35.998220597, -7.813756198 ], [ -36.424047568, -7.815778198999989 ], [ -36.444109588999986, -7.915283272000016 ], [ -36.61187687, -7.94789670700001 ], [ -36.628612516, -8.111050373 ], [ -36.991156284, -8.302955050999982 ], [ -37.163616030999989, -8.165761852000013 ], [ -37.192675588, -7.960598180999981 ], [ -37.357368463, -7.974955982 ], [ -37.157199255, -7.790586798 ], [ -37.19667291, -7.629581668999975 ], [ -36.984225594, -7.48226169200001 ], [ -37.025623399, -7.386044157999982 ], [ -37.330585745, -7.288283505 ], [ -37.706505731, -7.550583780999979 ], [ -37.750647958, -7.662889425 ], [ -37.857158855, -7.651968882000016 ], [ -38.077069438, -7.830579562000023 ], [ -38.164218992, -7.7799088 ], [ -38.275454221, -7.834241173999975 ], [ -38.357495875, -7.677161912 ], [ -38.589957432, -7.755681465000015 ], [ -38.715112949, -7.621919511000024 ], [ -38.534586876, -7.293793047000026 ], [ -38.687829987, -7.190161168999982 ], [ -38.669849027, -7.047704612000013 ] ] ], [ [ [ -34.867951880000014, -6.988036702999975 ], [ -34.847195038999985, -6.983808457999983 ], [ -34.859019483, -7.015346409999988 ], [ -34.867951880000014, -6.988036702999975 ] ] ] ] } },
{ "type": "Feature", "properties": { "abbrev_state": "PE", "name_state": "Pernambuco", "name_region": "Nordeste" }, "geometry": { "type": "MultiPolygon", "coordinates": [ [ [ [ -35.02569133, -8.613483669 ], [ -35.020003113, -8.612506384 ], [ -35.021395016, -8.615855975999986 ], [ -35.02569133, -8.613483669 ] ] ], [ [ [ -34.957708611, -8.375325254 ], [ -34.966009576, -8.387414540999975 ], [ -34.964896329, -8.37239511400001 ], [ -34.957708611, -8.375325254 ] ] ], [ [ [ -37.9571411, -7.761809298000018 ], [ -37.330585745, -7.288283505 ], [ -37.025623399, -7.386044157999982 ], [ -36.984225594, -7.48226169200001 ], [ -37.19667291, -7.629581668999975 ], [ -37.157199255, -7.790586798 ], [ -37.357368463, -7.974955982 ], [ -37.192675588, -7.960598180999981 ], [ -37.163616030999989, -8.165761852000013 ], [ -36.991156284, -8.302955050999982 ], [ -36.628612516, -8.111050373 ], [ -36.61187687, -7.94789670700001 ], [ -36.444109588999986, -7.915283272000016 ], [ -36.424047568, -7.815778198999989 ], [ -35.998220597, -7.813756198 ], [ -35.532811956, -7.654817570000018 ], [ -35.494312128, -7.482205559000011 ], [ -35.24859467600001, -7.374779552000023 ], [ -35.070520762, -7.398760993 ], [ -34.806690724, -7.620428368 ], [ -34.848209032, -7.687789269999985 ], [ -34.823500796, -7.735579719999976 ], [ -34.845098771, -7.816362014999983 ], [ -34.823399598, -7.946431198 ], [ -35.15265135500001, -8.913856028 ], [ -35.470124692, -8.813126731999983 ], [ -35.748398992, -8.917151743999987 ], [ -35.89620057, -8.854268297 ], [ -36.127280332, -8.956110552 ], [ -36.263498154, -9.172014494 ], [ -36.603624979, -9.34151251 ], [ -36.871261151, -9.268084762 ], [ -36.955464647, -9.381251129 ], [ -37.090672549, -9.246362098 ], [ -37.234341489, -9.240175431 ], [ -37.410991656, -9.009283400999983 ], [ -37.697933093, -8.991093924 ], [ -37.75536189000001, -8.846363685 ], [ -37.978562914, -9.147661993 ], [ -38.237590046, -9.329794523999986 ], [ -38.296402488, -9.022851443 ], [ -38.48404277, -9.001021725999976 ], [ -38.480809825, -8.849326122 ], [ -38.570428631, -8.830369086 ], [ -38.653726692, -8.983900038999984 ], [ -38.796989456999988, -8.793464422 ], [ -39.228521864, -8.710315320000015 ], [ -39.379793561, -8.532820571 ], [ -39.691131733, -8.66231292500002 ], [ -39.693196366, -8.798675741 ], [ -39.892957722, -8.828793992 ], [ -39.958034748, -9.048591558999986 ], [ -40.129894919999984, -9.110304606 ], [ -40.255790976, -9.063223433 ], [ -40.338865538, -9.359891762 ], [ -40.628100649, -9.482689762000014 ], [ -40.776750543, -9.454451428 ], [ -40.667395666, -9.159059198999985 ], [ -40.820067001, -9.081258672 ], [ -40.919237104, -8.837177042000013 ], [ -41.021240914, -8.843560916 ], [ -41.112757959, -8.703974089999978 ], [ -41.281537594, -8.736100377999984 ], [ -41.358336184, -8.707620178 ], [ -40.589698422, -8.138808338 ], [ -40.538124011, -7.856937304999986 ], [ -40.672072316, -7.764829005 ], [ -40.62198973, -7.651359867999966 ], [ -40.715536484, -7.484437275 ], [ -40.523723229, -7.318450456 ], [ -40.393878139, -7.368168385999987 ], [ -40.262995607, -7.301020938999973 ], [ -40.087454495, -7.383093067 ], [ -39.706188883, -7.337761186999982 ], [ -39.460747612, -7.471218999000025 ], [ -39.471680839, -7.575800613999971 ], [ -39.135640874000011, -7.723375096 ], [ -39.091297788, -7.858182471000026 ], [ -38.96285947, -7.844816397000014 ], [ -38.715112949, -7.621919511000024 ], [ -38.589957432, -7.755681465000015 ], [ -38.357495875, -7.677161912 ], [ -38.275454221, -7.834241173999975 ], [ -37.9571411, -7.761809298000018 ] ] ], [ [ [ -34.839751397, -7.816010815000015 ], [ -34.839320726, -7.816697623000024 ], [ -34.840679028, -7.816289474 ], [ -34.839751397, -7.816010815000015 ] ] ], [ [ [ -32.435152594, -3.873478677 ], [ -32.435850251, -3.874665055 ], [ -32.436243512, -3.874260339999987 ], [ -32.435152594, -3.873478677 ] ] ], [ [ [ -32.439102877, -3.872767351999984 ], [ -32.438168076, -3.873229938000041 ], [ -32.439140772, -3.873802061000048 ], [ -32.439102877, -3.872767351999984 ] ] ], [ [ [ -32.476089495, -3.875583152999985 ], [ -32.391204441, -3.851681924999982 ], [ -32.425628054, -3.866670284 ], [ -32.424653197, -3.877399156 ], [ -32.435244297999986, -3.869967592000036 ], [ -32.457506161, -3.881361240999975 ], [ -32.476089495, -3.875583152999985 ] ] ], [ [ [ -32.441643843, -3.849274034999972 ], [ -32.440713417, -3.849479021000041 ], [ -32.440756258, -3.849609411000016 ], [ -32.441643843, -3.849274034999972 ] ] ], [ [ [ -32.441745538, -3.849103820000014 ], [ -32.442804167, -3.848850504000019 ], [ -32.442063062, -3.848239403000039 ], [ -32.441745538, -3.849103820000014 ] ] ], [ [ [ -32.420049197, -3.870855940000036 ], [ -32.417209307, -3.87201909299997 ], [ -32.417845173, -3.872871951000032 ], [ -32.420049197, -3.870855940000036 ] ] ], [ [ [ -32.421118077999985, -3.871058956000022 ], [ -32.422104099, -3.87095865700002 ], [ -32.422092927, -3.870364648 ], [ -32.421118077999985, -3.871058956000022 ] ] ], [ [ [ -32.412025949, -3.868941453999978 ], [ -32.41269793, -3.868613036000051 ], [ -32.411912083, -3.868758334000045 ], [ -32.412025949, -3.868941453999978 ] ] ], [ [ [ -32.413730636000011, -3.867644108999984 ], [ -32.414414086, -3.867277283000025 ], [ -32.41378267000001, -3.866961522999987 ], [ -32.413730636000011, -3.867644108999984 ] ] ], [ [ [ -32.40050955600001, -3.860165885 ], [ -32.401550092, -3.860510642000028 ], [ -32.401277117, -3.859730859999956 ], [ -32.40050955600001, -3.860165885 ] ] ], [ [ [ -32.403837148000015, -3.827934005999959 ], [ -32.404420219, -3.82833249499998 ], [ -32.404171496, -3.827518612999982 ], [ -32.403837148000015, -3.827934005999959 ] ] ], [ [ [ -32.394059413, -3.823230904000016 ], [ -32.39356666, -3.82564540099998 ], [ -32.394812596, -3.825257987 ], [ -32.394059413, -3.823230904000016 ] ] ], [ [ [ -32.39485072, -3.818873842000019 ], [ -32.391672942, -3.821047709999978 ], [ -32.395055683, -3.821514937 ], [ -32.39485072, -3.818873842000019 ] ] ], [ [ [ -32.388790799, -3.806826318000039 ], [ -32.381795267, -3.814244298999971 ], [ -32.394794318, -3.812397494999966 ], [ -32.388790799, -3.806826318000039 ] ] ] ] } },
{ "type": "Feature", "properties": { "abbrev_state": "AL", "name_state": "Alagoas", "name_region": "Nordeste" }, "geometry": { "type": "MultiPolygon", "coordinates": [ [ [ [ -35.757994828, -9.692693030999978 ], [ -35.758385564, -9.693641919999978 ], [ -35.760407324, -9.694963828999978 ], [ -35.757994828, -9.692693030999978 ] ] ], [ [ [ -36.624535321, -9.331665803000018 ], [ -36.263498154, -9.172014494 ], [ -36.127280332, -8.956110552 ], [ -35.89620057, -8.854268297 ], [ -35.748398992, -8.917151743999987 ], [ -35.470124692, -8.813126731999983 ], [ -35.151931323, -8.914994427999988 ], [ -36.390727678000012, -10.500441633 ], [ -36.560219137, -10.418707107 ], [ -36.62263920800001, -10.255251735 ], [ -36.912183816, -10.138237938 ], [ -36.9682085, -9.986915778 ], [ -37.786126764, -9.638913067 ], [ -38.20476417, -9.418674281999982 ], [ -38.237590046, -9.329794523999986 ], [ -37.978562914, -9.147661993 ], [ -37.75536189000001, -8.846363685 ], [ -37.697933093, -8.991093924 ], [ -37.410991656, -9.009283400999983 ], [ -37.234341489, -9.240175431 ], [ -37.090672549, -9.246362098 ], [ -36.952433679, -9.382543444 ], [ -36.871261151, -9.268084762 ], [ -36.624535321, -9.331665803000018 ] ] ] ] } },
{ "type": "Feature", "properties": { "abbrev_state": "SE", "name_state": "Sergipe", "name_region": "Nordeste" }, "geometry": { "type": "MultiPolygon", "coordinates": [ [ [ [ -36.916865225, -10.841945967999985 ], [ -36.918538474, -10.846241830999983 ], [ -36.919493936, -10.846611189000017 ], [ -36.916865225, -10.841945967999985 ] ] ], [ [ [ -37.743312842, -10.338390727999984 ], [ -37.790903334, -10.032703183000017 ], [ -38.003500065, -9.905513766999979 ], [ -38.061709676, -9.590908720999979 ], [ -38.003289898, -9.515029907999985 ], [ -36.9682085, -9.986915778 ], [ -36.912183816, -10.138237938 ], [ -36.62263920800001, -10.255251735 ], [ -36.560219137, -10.418707107 ], [ -36.395940754, -10.496872190999987 ], [ -36.867504964, -10.758052228 ], [ -37.324836639, -11.436034543000012 ], [ -37.672928588, -11.568463044 ], [ -37.977817264, -11.392659656000012 ], [ -37.973748638, -11.1936888 ], [ -38.057208961, -11.172051189 ], [ -38.245003672, -10.822869381 ], [ -38.202716771, -10.709536653 ], [ -37.966259890000011, -10.758100601000011 ], [ -37.808630438, -10.687632111 ], [ -37.859609174, -10.427119802 ], [ -37.743312842, -10.338390727999984 ] ] ] ] } },
{ "type": "Feature", "properties": { "abbrev_state": "BA", "name_state": "Bahia", "name_region": "Nordeste" }, "geometry": { "type": "MultiPolygon", "coordinates": [ [ [ [ -39.207978473, -17.968113804 ], [ -39.209008459, -17.96708793 ], [ -39.207137483, -17.966425193 ], [ -39.207978473, -17.968113804 ] ] ], [ [ [ -39.178912761, -17.740415534999979 ], [ -39.19757314, -17.75812691 ], [ -39.201641223, -17.755504411 ], [ -39.178912761, -17.740415534999979 ] ] ], [ [ [ -38.955506726999985, -16.22628017 ], [ -38.956024577, -16.225111787999985 ], [ -38.955313902, -16.224749342 ], [ -38.955506726999985, -16.22628017 ] ] ], [ [ [ -38.998635404, -14.978580528000014 ], [ -38.997826056, -14.9799143 ], [ -38.9986974, -14.981021761 ], [ -38.998635404, -14.978580528000014 ] ] ], [ [ [ -39.015398566, -14.789723169 ], [ -39.014946215, -14.790758314 ], [ -39.015522291, -14.79016097 ], [ -39.015398566, -14.789723169 ] ] ], [ [ [ -39.015516975, -14.771641444 ], [ -39.01556348, -14.771338315000019 ], [ -39.015476401, -14.771321457 ], [ -39.015516975, -14.771641444 ] ] ], [ [ [ -39.016116487, -14.770460517999989 ], [ -39.015211556, -14.770875435999987 ], [ -39.015577653, -14.771127816 ], [ -39.016116487, -14.770460517999989 ] ] ], [ [ [ -39.017985001, -14.769592329999989 ], [ -39.017333389, -14.770628016 ], [ -39.017671121, -14.770819376 ], [ -39.017985001, -14.769592329999989 ] ] ], [ [ [ -38.964098130000011, -13.675362287 ], [ -38.964182801, -13.677398982 ], [ -38.96535188, -13.675732068000011 ], [ -38.964098130000011, -13.675362287 ] ] ], [ [ [ -46.198550218999983, -12.503628207 ], [ -46.272624487, -12.514598424 ], [ -46.282095436, -12.415987849 ], [ -46.340543675, -12.45229851900001 ], [ -46.289883578, -12.376652969 ], [ -46.377415824000011, -12.352774963 ], [ -46.38442231, -12.05175625400001 ], [ -46.479799657, -12.04735907700001 ], [ -46.180039834, -11.90709115299998 ], [ -46.37065830600001, -11.889589853 ], [ -46.307734748, -11.686440668 ], [ -46.395697143, -11.642527514 ], [ -46.384870413, -11.625204363 ], [ -46.080894206, -11.624011157 ], [ -46.44043461, -11.520788988 ], [ -46.576464606, -11.342020650999984 ], [ -46.14970492, -10.63591076 ], [ -45.820642923, -10.457258995000014 ], [ -45.699576147, -10.259686223999983 ], [ -45.723483949, -10.155412708 ], [ -45.567456406, -10.139522508999985 ], [ -45.39599431, -10.445025185 ], [ -45.447129894, -10.558789106 ], [ -45.358218967, -10.732207539 ], [ -44.847149066999989, -10.901087958000018 ], [ -44.584904372, -10.629350884999988 ], [ -44.336842856, -10.548535817 ], [ -44.149177917, -10.643210772 ], [ -44.023540418, -10.408200383000011 ], [ -43.916229328, -10.426718669999984 ], [ -43.662131407, -10.009544197 ], [ -43.65324499, -9.839055302999974 ], [ -43.784921816, -9.762385012 ], [ -43.851350939, -9.552129231 ], [ -43.572823685, -9.316245381 ], [ -43.451782157, -9.262262867999977 ], [ -43.2787692, -9.424574680000012 ], [ -42.986829735, -9.401607168 ], [ -42.769957195, -9.619182114 ], [ -42.316076568, -9.316612336 ], [ -41.837965769, -9.242272043 ], [ -41.726482949, -9.016360883 ], [ -41.545795871, -8.961675944999984 ], [ -41.374461529, -8.705400864 ], [ -41.112757959, -8.703974089999978 ], [ -41.021240914, -8.843560916 ], [ -40.919237104, -8.837177042000013 ], [ -40.820067001, -9.081258672 ], [ -40.667395666, -9.159059198999985 ], [ -40.776750543, -9.454451428 ], [ -40.628100649, -9.482689762000014 ], [ -40.338865538, -9.359891762 ], [ -40.255790976, -9.063223433 ], [ -40.129894919999984, -9.110304606 ], [ -39.958034748, -9.048591558999986 ], [ -39.892957722, -8.828793992 ], [ -39.693196366, -8.798675741 ], [ -39.691131733, -8.66231292500002 ], [ -39.409523279, -8.538900111 ], [ -39.284105872, -8.56586795 ], [ -39.228521864, -8.710315320000015 ], [ -38.804069855, -8.789181096999981 ], [ -38.653726692, -8.983900038999984 ], [ -38.570428631, -8.830369086 ], [ -38.480809825, -8.849326122 ], [ -38.48404277, -9.001021725999976 ], [ -38.289675766, -9.036334421999987 ], [ -38.20476417, -9.418674281999982 ], [ -37.99794944, -9.499283339 ], [ -38.061709676, -9.590908720999979 ], [ -38.003500065, -9.905513766999979 ], [ -37.790903334, -10.032703183000017 ], [ -37.74709077, -10.238072693 ], [ -37.743312842, -10.338390727999984 ], [ -37.859609174, -10.427119802 ], [ -37.808630438, -10.687632111 ], [ -37.966259890000011, -10.758100601000011 ], [ -38.209167632, -10.711869696 ], [ -38.228168294, -10.914183903 ], [ -37.973748638, -11.1936888 ], [ -37.977817264, -11.392659656000012 ], [ -37.812288578, -11.517019958000013 ], [ -37.520067635, -11.549303513 ], [ -37.341146654, -11.44233647400001 ], [ -38.046773844, -12.634609483 ], [ -38.342693518, -12.950774979 ], [ -38.643338711, -13.015313122 ], [ -38.957828142, -13.267586295999985 ], [ -38.95584313, -13.379747506 ], [ -38.891536982, -13.451955151 ], [ -38.891469973, -13.652791038 ], [ -38.97146876, -13.672084501 ], [ -38.997656661, -13.747560819000013 ], [ -38.927692891, -13.939845939 ], [ -39.065003405, -14.708515701 ], [ -38.852839294, -15.849354111 ], [ -39.011063814, -16.245785776 ], [ -39.21206189, -17.16126084 ], [ -39.135800339, -17.690252705 ], [ -39.480816937, -17.98489973500001 ], [ -39.669494463, -18.348490108 ], [ -40.222350609, -17.980417387 ], [ -40.220796649, -17.737247429 ], [ -40.623475114, -17.405980699000011 ], [ -40.491205524, -16.884490034 ], [ -40.281637051, -16.901183641000014 ], [ -40.257802532, -16.806540973 ], [ -40.345493613999984, -16.787267521 ], [ -40.28349334, -16.587447844999986 ], [ -40.15789741, -16.579454856 ], [ -39.85727362, -16.115695301999978 ], [ -40.231111321, -15.80384712 ], [ -40.562509417000015, -15.803263641 ], [ -40.822110441, -15.646007049 ], [ -41.142530206, -15.772047002000013 ], [ -41.331206098, -15.744673363 ], [ -41.356422745, -15.50028613499998 ], [ -41.800710057000011, -15.101097119999983 ], [ -42.09162087, -15.186605386999977 ], [ -42.173319797, -15.08595402 ], [ -42.44093847300001, -15.062362563000011 ], [ -42.938880226, -14.708029574 ], [ -43.176349835, -14.650543841 ], [ -43.529757037, -14.815944843 ], [ -43.88350757, -14.653232195 ], [ -43.784016626, -14.337178826 ], [ -44.215332566, -14.233180665999983 ], [ -44.565565211, -14.340059957 ], [ -45.082772659, -14.748766718999985 ], [ -45.205573676999983, -14.744738944 ], [ -46.077081842, -15.264681801 ], [ -46.120722323, -15.195194939 ], [ -45.966253475, -14.977067598 ], [ -46.039378504000013, -14.875251519 ], [ -46.019003108999989, -14.472071183 ], [ -45.907155329, -14.355189846 ], [ -46.18599253, -14.155591735 ], [ -46.264190331999984, -13.947435089000015 ], [ -46.263632903, -13.691392980000012 ], [ -46.16274536, -13.603642125 ], [ -46.247452542, -13.57866042 ], [ -46.24952245, -13.431308946000012 ], [ -46.068275462, -13.29544179 ], [ -46.292486944999986, -13.316930099 ], [ -46.328957019, -13.250295389 ], [ -46.335788770999983, -13.097657946 ], [ -46.105535565, -12.93273334800001 ], [ -46.330076297, -12.95785168 ], [ -46.307567406, -12.576747841999982 ], [ -46.198550218999983, -12.503628207 ] ] ], [ [ [ -38.946223094, -13.386447847000012 ], [ -38.947084787, -13.385540472999985 ], [ -38.9455457, -13.384890343 ], [ -38.946223094, -13.386447847000012 ] ] ], [ [ [ -38.700088822, -17.981726143 ], [ -38.697534095999984, -17.979276161999987 ], [ -38.696476268, -17.980129295 ], [ -38.700088822, -17.981726143 ] ] ], [ [ [ -38.696179261, -17.979073711 ], [ -38.696358276, -17.978864306 ], [ -38.696089452, -17.978895562 ], [ -38.696179261, -17.979073711 ] ] ], [ [ [ -38.707982187, -17.968946903 ], [ -38.708484984, -17.971480242 ], [ -38.71451851, -17.970875139 ], [ -38.707982187, -17.968946903 ] ] ], [ [ [ -38.707818751, -17.964661032 ], [ -38.711727156, -17.967753733 ], [ -38.712031921, -17.964407193 ], [ -38.707818751, -17.964661032 ] ] ], [ [ [ -38.706580752999983, -17.962790756 ], [ -38.692582881, -17.963832976 ], [ -38.691727203, -17.965577899999978 ], [ -38.706580752999983, -17.962790756 ] ] ], [ [ [ -38.693389949, -17.96074677 ], [ -38.692309199, -17.961210636999986 ], [ -38.693336265, -17.961106811000015 ], [ -38.693389949, -17.96074677 ] ] ], [ [ [ -38.918999799, -16.179104923 ], [ -38.919995412999988, -16.178616733 ], [ -38.919127963, -16.178115916 ], [ -38.918999799, -16.179104923 ] ] ], [ [ [ -38.922879198, -16.031226991 ], [ -38.922157042, -16.028531989 ], [ -38.921913034, -16.02847587 ], [ -38.922879198, -16.031226991 ] ] ], [ [ [ -38.943331347, -13.835751782 ], [ -38.938041119, -13.835925591 ], [ -38.938270974, -13.838979118 ], [ -38.943331347, -13.835751782 ] ] ], [ [ [ -38.904511206, -13.37933908 ], [ -38.903409876, -13.380577413 ], [ -38.903811264000012, -13.38077834 ], [ -38.904511206, -13.37933908 ] ] ] ] } },
{ "type": "Feature", "properties": { "abbrev_state": "MG", "name_state": "Minas Gerais", "name_region": "Sudeste" }, "geometry": { "type": "Polygon", "coordinates": [ [ [ -50.8745731, -19.41001090100001 ], [ -50.535162452, -19.098887106 ], [ -50.314490032, -18.700749756 ], [ -50.028763045, -18.601466407 ], [ -49.784819601, -18.64224767 ], [ -49.499833027, -18.491022847 ], [ -49.385057497, -18.646061917 ], [ -49.210098755, -18.414781527999985 ], [ -48.933171575, -18.305454009 ], [ -48.816361609, -18.379661166 ], [ -48.270497371, -18.329448297 ], [ -47.954937045, -18.500280322 ], [ -47.284157556, -18.058719498999981 ], [ -47.372615819000011, -17.829791857 ], [ -47.264803798, -17.611389161 ], [ -47.325414484, -17.523800632 ], [ -47.504716628, -17.509193192 ], [ -47.539812278, -17.388396662 ], [ -47.127409012, -16.978651788 ], [ -47.250862073, -16.664807426999989 ], [ -47.455705267, -16.467639246999987 ], [ -47.300367441, -16.017245654 ], [ -46.807499122, -15.880775990999984 ], [ -46.854883477, -15.618300545 ], [ -46.948687994, -15.557844407 ], [ -46.835675834, -15.325127735000011 ], [ -46.940866606, -15.23070156 ], [ -46.926596163, -15.061692833 ], [ -46.503608073, -15.053433331999972 ], [ -46.566281779, -14.788395655 ], [ -46.501113683, -14.703025897 ], [ -46.286864755000011, -14.928145712 ], [ -46.005636171, -14.900051025 ], [ -45.975494077, -15.038881559 ], [ -46.120722323, -15.195194939 ], [ -46.058112976, -15.262741801 ], [ -45.205573676999983, -14.744738944 ], [ -45.082772659, -14.748766718999985 ], [ -44.565565211, -14.340059957 ], [ -44.316483205999987, -14.24034915 ], [ -43.987344385, -14.267295448 ], [ -43.783186733, -14.33923371500001 ], [ -43.859200998, -14.674298825 ], [ -43.529757037, -14.815944843 ], [ -43.176349835, -14.650543841 ], [ -42.938880226, -14.708029574 ], [ -42.44093847300001, -15.062362563000011 ], [ -42.173319797, -15.08595402 ], [ -42.09162087, -15.186605386999977 ], [ -41.803406847, -15.099737279999983 ], [ -41.356422745, -15.50028613499998 ], [ -41.331206098, -15.744673363 ], [ -40.700575211, -15.667309001 ], [ -40.562509417000015, -15.803263641 ], [ -40.231111321, -15.80384712 ], [ -39.856828891, -16.113824768 ], [ -40.15789741, -16.579454856 ], [ -40.28349334, -16.587447844999986 ], [ -40.345493613999984, -16.787267521 ], [ -40.257802532, -16.806540973 ], [ -40.281637051, -16.901183641000014 ], [ -40.485004447, -16.878970685 ], [ -40.57141428700001, -17.063885495 ], [ -40.547750901, -17.283706279000011 ], [ -40.623475114, -17.405980699000011 ], [ -40.220796649, -17.737247429 ], [ -40.222350609, -17.980417387 ], [ -40.527037837, -17.891944637 ], [ -40.703683428, -18.023727033 ], [ -40.882717039, -17.970551075000014 ], [ -40.771496051, -18.155940009999988 ], [ -41.056084607, -18.166621079 ], [ -41.158920654, -18.308243451 ], [ -41.182092461, -18.439254547 ], [ -41.02064937, -18.458599239 ], [ -41.052920456999985, -18.631199025 ], [ -40.915921867, -18.812658163 ], [ -41.232544392, -18.797278795 ], [ -41.243582406, -18.852749066999987 ], [ -41.016912853, -18.97464056 ], [ -41.065556555, -19.051332136999985 ], [ -40.907692703, -19.308812724 ], [ -40.949329006, -19.473156819 ], [ -41.046692703, -19.487399739 ], [ -41.168472824, -19.672222654 ], [ -41.185188247, -19.889933827 ], [ -41.302693351, -19.938060877 ], [ -41.382114496, -20.188813112 ], [ -41.756753686, -20.206865963 ], [ -41.847498297, -20.32800618 ], [ -41.807297337, -20.643690958999983 ], [ -41.976152268, -20.935792440999982 ], [ -42.150949977, -20.974028955 ], [ -42.079920264, -21.035103083999985 ], [ -42.369119437, -21.619455779 ], [ -42.266649175, -21.714473168 ], [ -43.07504046, -22.093391968 ], [ -43.245467, -22.006574108 ], [ -43.765705447, -22.062175472 ], [ -45.097323977, -22.485068418999987 ], [ -45.397876483, -22.653423818 ], [ -45.473856577, -22.588894225 ], [ -45.666184756, -22.651201173 ], [ -45.718454772999984, -22.577991391 ], [ -45.693992663, -22.651709887999989 ], [ -45.819927819, -22.722718611 ], [ -45.728140305, -22.723683628 ], [ -45.713023791, -22.813025061 ], [ -45.790853894, -22.858606049 ], [ -46.344893003, -22.905224002 ], [ -46.334541461999983, -22.760300075 ], [ -46.478890364, -22.698276749 ], [ -46.393058871, -22.662974059 ], [ -46.406952235, -22.539932536 ], [ -46.723260254, -22.306623841 ], [ -46.59853002, -22.136389533 ], [ -46.723421725, -22.076895563000011 ], [ -46.613262381, -22.014962691 ], [ -46.690970547, -21.836963849 ], [ -46.509252136, -21.469898927 ], [ -46.665531173, -21.361158224 ], [ -47.011507927, -21.422272817 ], [ -47.240044257, -20.885281697 ], [ -47.096895797, -20.644528274 ], [ -47.292765579, -20.447733619000012 ], [ -47.25704435, -20.166203997 ], [ -47.468292708, -19.961422207999984 ], [ -47.634764342, -20.049247843000011 ], [ -47.856150189, -19.990544792 ], [ -47.895462811, -20.125258263 ], [ -47.975969317, -20.035372667 ], [ -48.105487413, -20.146355956 ], [ -48.234826713, -20.028275566 ], [ -48.254687801, -20.143815786 ], [ -48.825743215, -20.161957488 ], [ -48.894944602, -20.441813889 ], [ -48.992250686, -20.165384464 ], [ -49.225294015, -20.305343065 ], [ -49.308538039, -20.103892934 ], [ -49.249646984, -19.969554239 ], [ -49.539877463, -19.907444543 ], [ -49.888336931, -19.945304916 ], [ -50.471918223, -19.779655795 ], [ -51.000475002, -20.085384369 ], [ -51.038180814, -19.691767493 ], [ -50.924394629, -19.580884597 ], [ -50.95692184, -19.476022777 ], [ -50.826691277, -19.487468337 ], [ -50.8745731, -19.41001090100001 ] ] ] } },
{ "type": "Feature", "properties": { "abbrev_state": "ES", "name_state": "Espírito Santo", "name_region": "Sudeste" }, "geometry": { "type": "MultiPolygon", "coordinates": [ [ [ [ -40.885241095, -21.161668164 ], [ -40.883171170999987, -21.163036543 ], [ -40.883537405, -21.163870799000012 ], [ -40.885241095, -21.161668164 ] ] ], [ [ [ -40.801545307, -21.006753586 ], [ -40.800468994, -21.005803952 ], [ -40.801536717, -21.006873241000012 ], [ -40.801545307, -21.006753586 ] ] ], [ [ [ -40.788145187, -21.003366542 ], [ -40.787533262, -21.003031337 ], [ -40.788218595, -21.003701708 ], [ -40.788145187, -21.003366542 ] ] ], [ [ [ -40.785880811, -21.001145524 ], [ -40.7858727, -21.002529765 ], [ -40.78668795, -21.002191807999989 ], [ -40.785880811, -21.001145524 ] ] ], [ [ [ -40.75346333, -20.924342572 ], [ -40.756013614, -20.928860362 ], [ -40.756770178, -20.928594892999985 ], [ -40.75346333, -20.924342572 ] ] ], [ [ [ -40.751881493, -20.874614519 ], [ -40.750476741, -20.87326418 ], [ -40.749398469999988, -20.873065547 ], [ -40.751881493, -20.874614519 ] ] ], [ [ [ -40.726731591, -20.854120647 ], [ -40.728120282, -20.856500639999989 ], [ -40.72889174, -20.856344349 ], [ -40.726731591, -20.854120647 ] ] ], [ [ [ -40.72579996000001, -20.847497725 ], [ -40.725556415, -20.850456324 ], [ -40.727682284, -20.85100386 ], [ -40.72579996000001, -20.847497725 ] ] ], [ [ [ -40.684280221, -20.827299986 ], [ -40.684793115, -20.827564762 ], [ -40.684933596, -20.82716833100001 ], [ -40.684280221, -20.827299986 ] ] ], [ [ [ -40.598307919, -20.80671339600001 ], [ -40.598940328, -20.80835621 ], [ -40.600499944, -20.807218238 ], [ -40.598307919, -20.80671339600001 ] ] ], [ [ [ -40.5500252, -20.76231268 ], [ -40.549300526, -20.761334143999985 ], [ -40.549836195, -20.762475393 ], [ -40.5500252, -20.76231268 ] ] ], [ [ [ -40.546980908, -20.758816512 ], [ -40.546238887, -20.759779874 ], [ -40.547445397, -20.758898551000019 ], [ -40.546980908, -20.758816512 ] ] ], [ [ [ -40.547504849, -20.757934685 ], [ -40.547098134, -20.758069921 ], [ -40.547866996, -20.758491781999986 ], [ -40.547504849, -20.757934685 ] ] ], [ [ [ -40.541418566, -20.74260007 ], [ -40.542854383, -20.743006899 ], [ -40.541292585, -20.742086287 ], [ -40.541418566, -20.74260007 ] ] ], [ [ [ -40.528023619, -20.737214458 ], [ -40.528503155, -20.736946273 ], [ -40.527682364, -20.736599485 ], [ -40.528023619, -20.737214458 ] ] ], [ [ [ -40.526345867, -20.731877519000012 ], [ -40.526280368, -20.731729883 ], [ -40.52580701, -20.731778406 ], [ -40.526345867, -20.731877519000012 ] ] ], [ [ [ -40.523422798, -20.730780884 ], [ -40.523652116, -20.730365229 ], [ -40.523156494, -20.730554312 ], [ -40.523422798, -20.730780884 ] ] ], [ [ [ -40.524466738, -20.730021947 ], [ -40.523969346, -20.729487730999988 ], [ -40.524325776000012, -20.73041395 ], [ -40.524466738, -20.730021947 ] ] ], [ [ [ -40.509400014999983, -20.714626973 ], [ -40.509192611, -20.7134517 ], [ -40.508884755, -20.714565983000011 ], [ -40.509400014999983, -20.714626973 ] ] ], [ [ [ -40.508871695, -20.712771694999979 ], [ -40.509580695, -20.712471503 ], [ -40.508678797, -20.7125756 ], [ -40.508871695, -20.712771694999979 ] ] ], [ [ [ -40.508737083, -20.711391679 ], [ -40.507933293, -20.710622369 ], [ -40.508350286, -20.711617033 ], [ -40.508737083, -20.711391679 ] ] ], [ [ [ -40.512184318, -20.703879955 ], [ -40.511935508000015, -20.703965741 ], [ -40.512156269, -20.704129751 ], [ -40.512184318, -20.703879955 ] ] ], [ [ [ -40.500617643, -20.683163362 ], [ -40.502122276, -20.684004752 ], [ -40.500567681, -20.682704163 ], [ -40.500617643, -20.683163362 ] ] ], [ [ [ -40.471936823999989, -20.662912708 ], [ -40.466545654, -20.661901875 ], [ -40.468605918, -20.663423189999982 ], [ -40.471936823999989, -20.662912708 ] ] ], [ [ [ -40.494357906, -20.661669268 ], [ -40.493990897, -20.661847137 ], [ -40.494308326, -20.661900168 ], [ -40.494357906, -20.661669268 ] ] ], [ [ [ -40.472551613, -20.661203289 ], [ -40.47212941, -20.661268393 ], [ -40.472450699, -20.661419389 ], [ -40.472551613, -20.661203289 ] ] ], [ [ [ -40.464532237, -20.627164275 ], [ -40.46457651, -20.627452343 ], [ -40.464686394, -20.627176325 ], [ -40.464532237, -20.627164275 ] ] ], [ [ [ -41.189535724, -19.746282533 ], [ -40.907692703, -19.308812724 ], [ -41.065556555, -19.051332136999985 ], [ -41.016912853, -18.97464056 ], [ -41.24547747, -18.821959067 ], [ -40.916772629, -18.815543416 ], [ -41.052920456999985, -18.631199025 ], [ -41.02064937, -18.458599239 ], [ -41.182092461, -18.439254547 ], [ -41.056084607, -18.166621079 ], [ -40.771496051, -18.155940009999988 ], [ -40.899332668, -17.982650252 ], [ -40.703683428, -18.023727033 ], [ -40.527037837, -17.891944637 ], [ -40.3455218, -17.923782028000016 ], [ -39.666632, -18.33154241 ], [ -39.735881166, -19.48095578 ], [ -39.810802381, -19.649612858 ], [ -40.153045131, -19.949912473 ], [ -40.192011713, -20.199519607999989 ], [ -40.28912351, -20.283779884 ], [ -40.423026231999984, -20.635899851 ], [ -40.464335656999985, -20.623939968999988 ], [ -40.472649661, -20.650790835999985 ], [ -40.466309803, -20.65749278 ], [ -40.481159788, -20.652413298 ], [ -40.497176932, -20.662612863 ], [ -40.491292229, -20.669002883000012 ], [ -40.511887342, -20.693714198 ], [ -40.520140935, -20.729749001 ], [ -40.527279863, -20.729220518 ], [ -40.537292732, -20.745281427 ], [ -40.541565259, -20.73826045 ], [ -40.556720277, -20.746471511999985 ], [ -40.627884366, -20.840982345 ], [ -40.653318549, -20.805872743999984 ], [ -40.755320207, -20.85952617500001 ], [ -40.957909104, -21.301781967 ], [ -41.717065162, -21.125279049 ], [ -41.711786144, -20.868997767 ], [ -41.879795699, -20.759567681 ], [ -41.807297337, -20.643690958999983 ], [ -41.847498297, -20.32800618 ], [ -41.756753686, -20.206865963 ], [ -41.382114496, -20.188813112 ], [ -41.302693351, -19.938060877 ], [ -41.185188247, -19.889933827 ], [ -41.189535724, -19.746282533 ] ] ], [ [ [ -40.405800831, -20.700682672999982 ], [ -40.407242433, -20.699575405 ], [ -40.405972731, -20.699161147 ], [ -40.405800831, -20.700682672999982 ] ] ], [ [ [ -40.363923402, -20.677916286 ], [ -40.366096192, -20.678448164 ], [ -40.36478243, -20.677088988000015 ], [ -40.363923402, -20.677916286 ] ] ], [ [ [ -40.367397355, -20.675930777 ], [ -40.368395319, -20.676521713 ], [ -40.368167933, -20.675812587000014 ], [ -40.367397355, -20.675930777 ] ] ], [ [ [ -40.462962804999982, -20.644542052 ], [ -40.46352154, -20.644423005000011 ], [ -40.462927262, -20.644290906999988 ], [ -40.462962804999982, -20.644542052 ] ] ], [ [ [ -40.464376773, -20.643943474 ], [ -40.46414217400001, -20.643930797999985 ], [ -40.464330753, -20.644114151 ], [ -40.464376773, -20.643943474 ] ] ], [ [ [ -40.461425314, -20.644028848 ], [ -40.461422532, -20.643672732 ], [ -40.461189613, -20.643946663 ], [ -40.461425314, -20.644028848 ] ] ], [ [ [ -40.429273639, -20.63861631 ], [ -40.429734218, -20.640752985 ], [ -40.430528084, -20.640522117 ], [ -40.429273639, -20.63861631 ] ] ], [ [ [ -40.446024093, -20.637749136 ], [ -40.446232741, -20.63880313200001 ], [ -40.447038889, -20.638127279999985 ], [ -40.446024093, -20.637749136 ] ] ], [ [ [ -40.443862701, -20.638158099 ], [ -40.443652543, -20.63774357 ], [ -40.443421276, -20.637733659999984 ], [ -40.443862701, -20.638158099 ] ] ], [ [ [ -40.440554126, -20.637331385 ], [ -40.440311749, -20.638002686 ], [ -40.441102893999989, -20.638061916 ], [ -40.440554126, -20.637331385 ] ] ], [ [ [ -40.437000936, -20.635857487 ], [ -40.437411552, -20.63538903200001 ], [ -40.437006399, -20.635217473 ], [ -40.437000936, -20.635857487 ] ] ], [ [ [ -40.395715745, -20.622165361000011 ], [ -40.396750234, -20.622185368 ], [ -40.39587731, -20.621751849 ], [ -40.395715745, -20.622165361000011 ] ] ], [ [ [ -40.376862337, -20.614219981 ], [ -40.378115203, -20.612929392 ], [ -40.376284271, -20.612545776 ], [ -40.376862337, -20.614219981 ] ] ], [ [ [ -40.383112599, -20.611321868 ], [ -40.379586468, -20.614262688 ], [ -40.384183859, -20.614780954 ], [ -40.383112599, -20.611321868 ] ] ], [ [ [ -40.376307434, -20.610383462 ], [ -40.372646316, -20.612807371 ], [ -40.373701971, -20.613359173 ], [ -40.376307434, -20.610383462 ] ] ], [ [ [ -40.387746062, -20.610185278 ], [ -40.388840636, -20.610559767 ], [ -40.388015577, -20.609955888 ], [ -40.387746062, -20.610185278 ] ] ], [ [ [ -40.391723384, -20.598595494000012 ], [ -40.391807219, -20.596715142 ], [ -40.390460984, -20.597407317 ], [ -40.391723384, -20.598595494000012 ] ] ], [ [ [ -40.357108882, -20.524324512999989 ], [ -40.358313726, -20.525351871 ], [ -40.359087003, -20.524711896 ], [ -40.357108882, -20.524324512999989 ] ] ], [ [ [ -40.311555031, -20.420667256 ], [ -40.311417342, -20.421213812 ], [ -40.312137278, -20.42169873 ], [ -40.311555031, -20.420667256 ] ] ], [ [ [ -40.300582417, -20.38214025 ], [ -40.300239448999989, -20.382315611 ], [ -40.300707133, -20.382344837 ], [ -40.300582417, -20.38214025 ] ] ], [ [ [ -40.296544599, -20.380004452 ], [ -40.29680214, -20.382468629000012 ], [ -40.297726015, -20.382021405 ], [ -40.296544599, -20.380004452 ] ] ], [ [ [ -40.28651611, -20.371507716 ], [ -40.286252068, -20.371721065 ], [ -40.286470567, -20.371755221 ], [ -40.28651611, -20.371507716 ] ] ], [ [ [ -40.28105609, -20.360525245 ], [ -40.280608704, -20.361317261 ], [ -40.281552872, -20.361402682 ], [ -40.28105609, -20.360525245 ] ] ], [ [ [ -40.280174726, -20.355190144999987 ], [ -40.281171352, -20.35417607700002 ], [ -40.279869023, -20.354680395 ], [ -40.280174726, -20.355190144999987 ] ] ], [ [ [ -40.287173466, -20.305202 ], [ -40.287096713, -20.304712751 ], [ -40.287089771, -20.305246038 ], [ -40.287173466, -20.305202 ] ] ], [ [ [ -40.283245349, -20.293461475 ], [ -40.283448318, -20.292037751 ], [ -40.283121256, -20.292014488 ], [ -40.283245349, -20.293461475 ] ] ], [ [ [ -40.28200096, -20.292623135 ], [ -40.281700668, -20.291984206 ], [ -40.28185236800001, -20.292656536000013 ], [ -40.28200096, -20.292623135 ] ] ], [ [ [ -40.284975859, -20.28451333 ], [ -40.285876586, -20.284378634 ], [ -40.285633781999984, -20.283942292 ], [ -40.284975859, -20.28451333 ] ] ], [ [ [ -29.331768876, -20.525535552000012 ], [ -29.308784657, -20.507810672 ], [ -29.299583794, -20.52665595800001 ], [ -29.331768876, -20.525535552000012 ] ] ], [ [ [ -28.849606137, -20.495788664 ], [ -28.847898498999985, -20.497893565 ], [ -28.850588685, -20.496970787 ], [ -28.849606137, -20.495788664 ] ] ], [ [ [ -28.851773236, -20.471853855 ], [ -28.852257949, -20.479474006 ], [ -28.854326122, -20.473434638 ], [ -28.851773236, -20.471853855 ] ] ], [ [ [ -28.855603743, -20.472618746 ], [ -28.855187101, -20.472111204 ], [ -28.855175747, -20.472478459 ], [ -28.855603743, -20.472618746 ] ] ], [ [ [ -28.854196075, -20.468713104 ], [ -28.856426226, -20.469355401 ], [ -28.855677673, -20.46807989700002 ], [ -28.854196075, -20.468713104 ] ] ], [ [ [ -40.27870463, -20.365388026 ], [ -40.277994626, -20.363939101 ], [ -40.278279431, -20.365589706 ], [ -40.27870463, -20.365388026 ] ] ], [ [ [ -40.279944048, -20.364733181 ], [ -40.279329161, -20.364395923 ], [ -40.279343261000015, -20.364850489 ], [ -40.279944048, -20.364733181 ] ] ], [ [ [ -40.277552652, -20.364586301000021 ], [ -40.276611438, -20.363498392 ], [ -40.276107921, -20.36343675000002 ], [ -40.277552652, -20.364586301000021 ] ] ], [ [ [ -40.279377376, -20.362300716 ], [ -40.280578351, -20.36373219 ], [ -40.281240495, -20.362921694 ], [ -40.279377376, -20.362300716 ] ] ], [ [ [ -40.276523876, -20.361588152 ], [ -40.277049134, -20.362604171 ], [ -40.277202437999989, -20.362214231 ], [ -40.276523876, -20.361588152 ] ] ], [ [ [ -40.279788618, -20.360400696 ], [ -40.279490301, -20.361076591999986 ], [ -40.279780263, -20.361061011 ], [ -40.279788618, -20.360400696 ] ] ], [ [ [ -40.274862878999983, -20.353373237 ], [ -40.275535251, -20.353675418 ], [ -40.275689403, -20.353320819 ], [ -40.274862878999983, -20.353373237 ] ] ], [ [ [ -40.253123868, -20.353045969999986 ], [ -40.252509512, -20.352767114 ], [ -40.252866452000013, -20.353446578999986 ], [ -40.253123868, -20.353045969999986 ] ] ], [ [ [ -40.249966865, -20.352241029 ], [ -40.249568699, -20.352269645 ], [ -40.249895104, -20.352575807999987 ], [ -40.249966865, -20.352241029 ] ] ], [ [ [ -40.250848086, -20.352190727999989 ], [ -40.250314086, -20.351584934 ], [ -40.250443718, -20.352386381 ], [ -40.250848086, -20.352190727999989 ] ] ], [ [ [ -40.276026022, -20.351122977 ], [ -40.276446327, -20.350807815 ], [ -40.275689906, -20.350558162 ], [ -40.276026022, -20.351122977 ] ] ], [ [ [ -40.272326437, -20.335578572 ], [ -40.271928683, -20.336159067 ], [ -40.272073562, -20.336212381 ], [ -40.272326437, -20.335578572 ] ] ], [ [ [ -40.270680127, -20.335433283 ], [ -40.271853755, -20.334593114 ], [ -40.271588695, -20.334341017 ], [ -40.270680127, -20.335433283 ] ] ], [ [ [ -40.275199786, -20.333619557 ], [ -40.275014502, -20.333611015 ], [ -40.275079496, -20.333776009 ], [ -40.275199786, -20.333619557 ] ] ], [ [ [ -40.271142478, -20.331887894000012 ], [ -40.270123077, -20.333530091999975 ], [ -40.270641704, -20.333716571999986 ], [ -40.271142478, -20.331887894000012 ] ] ], [ [ [ -40.267897051, -20.33193759700001 ], [ -40.268818354, -20.331858025 ], [ -40.268275194, -20.331205000999983 ], [ -40.267897051, -20.33193759700001 ] ] ], [ [ [ -40.266003553, -20.323974107 ], [ -40.265600094000014, -20.323885396999984 ], [ -40.265861292, -20.324107719 ], [ -40.266003553, -20.323974107 ] ] ], [ [ [ -40.271583451, -20.31999829 ], [ -40.271162629, -20.322370278 ], [ -40.272511117, -20.320585563 ], [ -40.271583451, -20.31999829 ] ] ], [ [ [ -40.269239218, -20.320712888 ], [ -40.268058221, -20.321426568999989 ], [ -40.268566246, -20.321698612 ], [ -40.269239218, -20.320712888 ] ] ], [ [ [ -40.277155036000011, -20.307889458 ], [ -40.276043437, -20.307473281 ], [ -40.275592433, -20.309471957 ], [ -40.277155036000011, -20.307889458 ] ] ], [ [ [ -40.275123706, -20.306934841 ], [ -40.27373989, -20.307146892 ], [ -40.273647712, -20.308630843999985 ], [ -40.275123706, -20.306934841 ] ] ], [ [ [ -40.275297095, -20.298478554 ], [ -40.276090485999987, -20.298123644 ], [ -40.275614488, -20.297530690999988 ], [ -40.275297095, -20.298478554 ] ] ], [ [ [ -40.133585027999985, -19.968899684000014 ], [ -40.134155823, -19.968433291999986 ], [ -40.133808298, -19.968036642 ], [ -40.133585027999985, -19.968899684000014 ] ] ] ] } },
{ "type": "Feature", "properties": { "abbrev_state": "RJ", "name_state": "Rio de Janeiro", "name_region": "Sudeste" }, "geometry": { "type": "MultiPolygon", "coordinates": [ [ [ [ -44.719240348, -23.359485225 ], [ -44.720177262, -23.357857734 ], [ -44.71830916, -23.357059469 ], [ -44.719240348, -23.359485225 ] ] ], [ [ [ -44.671761775, -23.356659022999988 ], [ -44.672104803, -23.354805883 ], [ -44.670506081, -23.35500662 ], [ -44.671761775, -23.356659022999988 ] ] ], [ [ [ -44.665989296, -23.351397037 ], [ -44.665331368, -23.350557295 ], [ -44.665948217, -23.351531688 ], [ -44.665989296, -23.351397037 ] ] ], [ [ [ -44.566536143, -23.34789931600001 ], [ -44.570811782, -23.352416284 ], [ -44.569560239, -23.348252986999984 ], [ -44.566536143, -23.34789931600001 ] ] ], [ [ [ -44.664790737, -23.350110752 ], [ -44.665106418000015, -23.350059531999989 ], [ -44.664823365, -23.349950437 ], [ -44.664790737, -23.350110752 ] ] ], [ [ [ -44.680567531, -23.342790446 ], [ -44.679559627, -23.341900546 ], [ -44.679387127, -23.342334731 ], [ -44.680567531, -23.342790446 ] ] ], [ [ [ -44.681437599, -23.341583036 ], [ -44.680762337, -23.341652057 ], [ -44.68143091000001, -23.341802177 ], [ -44.681437599, -23.341583036 ] ] ], [ [ [ -44.636596689, -23.280123155 ], [ -44.635964542000011, -23.279723079 ], [ -44.636274311, -23.280269303 ], [ -44.636596689, -23.280123155 ] ] ], [ [ [ -44.629717908, -23.273098994 ], [ -44.631907028, -23.273135222 ], [ -44.631460593, -23.27249226 ], [ -44.629717908, -23.273098994 ] ] ], [ [ [ -44.570870361, -23.267304082999985 ], [ -44.571206902, -23.265567016 ], [ -44.568173586, -23.26428641 ], [ -44.570870361, -23.267304082999985 ] ] ], [ [ [ -44.668120533, -23.23880628 ], [ -44.670798485, -23.240379996999987 ], [ -44.67172511, -23.239513833 ], [ -44.668120533, -23.23880628 ] ] ], [ [ [ -44.651012533, -23.231347696 ], [ -44.633860441, -23.225755758 ], [ -44.639584223, -23.229166124 ], [ -44.651012533, -23.231347696 ] ] ], [ [ [ -44.556970766, -23.221052276 ], [ -44.556061395, -23.223155123000016 ], [ -44.557168402, -23.223613257 ], [ -44.556970766, -23.221052276 ] ] ], [ [ [ -44.693003805, -23.215352002 ], [ -44.690917554, -23.218021463 ], [ -44.692692922, -23.217857686 ], [ -44.693003805, -23.215352002 ] ] ], [ [ [ -44.594552309, -23.201942245 ], [ -44.602016965, -23.222097136999981 ], [ -44.621245884000011, -23.22331182 ], [ -44.594552309, -23.201942245 ] ] ], [ [ [ -44.583338606, -23.210035739999981 ], [ -44.584578885, -23.211784335 ], [ -44.585211575, -23.210564915 ], [ -44.583338606, -23.210035739999981 ] ] ], [ [ [ -44.689800406, -23.209267737 ], [ -44.689064832, -23.209627299 ], [ -44.689646733999986, -23.210008419 ], [ -44.689800406, -23.209267737 ] ] ], [ [ [ -44.689344934, -23.207598703 ], [ -44.688941073, -23.207946101 ], [ -44.689678097999987, -23.20815694 ], [ -44.689344934, -23.207598703 ] ] ], [ [ [ -44.707152875, -23.206366032 ], [ -44.707300338, -23.205911065 ], [ -44.70677082600001, -23.205431328 ], [ -44.707152875, -23.206366032 ] ] ], [ [ [ -44.682989432, -23.205885559 ], [ -44.681606839, -23.205007967000014 ], [ -44.681491119, -23.20505687 ], [ -44.682989432, -23.205885559 ] ] ], [ [ [ -44.708875141999989, -23.204249566 ], [ -44.710192587, -23.205176117 ], [ -44.710592438, -23.204652603999985 ], [ -44.708875141999989, -23.204249566 ] ] ], [ [ [ -44.672417118, -23.199854735999985 ], [ -44.672663458, -23.201352062 ], [ -44.673215702, -23.201020181 ], [ -44.672417118, -23.199854735999985 ] ] ], [ [ [ -44.583977435, -23.202336649999989 ], [ -44.578972672, -23.19966184 ], [ -44.579509664, -23.203069177 ], [ -44.583977435, -23.202336649999989 ] ] ], [ [ [ -44.572614615999989, -23.195393273 ], [ -44.573378101, -23.196557281 ], [ -44.574487264, -23.195895656 ], [ -44.572614615999989, -23.195393273 ] ] ], [ [ [ -44.607777888, -23.194393796 ], [ -44.60691935, -23.195980605 ], [ -44.608635072, -23.195790018 ], [ -44.607777888, -23.194393796 ] ] ], [ [ [ -44.625525621, -23.195147554 ], [ -44.625266974, -23.194193285000011 ], [ -44.624706439, -23.194254274 ], [ -44.625525621, -23.195147554 ] ] ], [ [ [ -44.634993888, -23.19338145 ], [ -44.637149992, -23.193839271 ], [ -44.635035381, -23.192242295 ], [ -44.634993888, -23.19338145 ] ] ], [ [ [ -44.622996792, -23.189747794 ], [ -44.620795375000014, -23.190263719 ], [ -44.624291823, -23.192313255 ], [ -44.622996792, -23.189747794 ] ] ], [ [ [ -44.576679063999983, -23.184265173 ], [ -44.57264888600001, -23.187972811 ], [ -44.577398387, -23.189432924 ], [ -44.576679063999983, -23.184265173 ] ] ], [ [ [ -44.659557161, -23.182071793 ], [ -44.656768791, -23.187946188 ], [ -44.659139302, -23.188084648 ], [ -44.659557161, -23.182071793 ] ] ], [ [ [ -44.685052625, -23.182312767 ], [ -44.68658259, -23.181989847 ], [ -44.685652149, -23.181038668 ], [ -44.685052625, -23.182312767 ] ] ], [ [ [ -44.678566433, -23.180979237 ], [ -44.678703685, -23.180762392999988 ], [ -44.6784266, -23.180766759 ], [ -44.678566433, -23.180979237 ] ] ], [ [ [ -44.683766809, -23.176986328 ], [ -44.682216921, -23.178789055 ], [ -44.684387242, -23.178651727 ], [ -44.683766809, -23.176986328 ] ] ], [ [ [ -44.63445701, -23.176462597 ], [ -44.635080372, -23.176564152 ], [ -44.634748965, -23.176049128 ], [ -44.63445701, -23.176462597 ] ] ], [ [ [ -44.679634096, -23.174937831 ], [ -44.679314652, -23.175167316 ], [ -44.68006186, -23.175546243 ], [ -44.679634096, -23.174937831 ] ] ], [ [ [ -44.633896313, -23.17474169 ], [ -44.635224216, -23.174760427999988 ], [ -44.634468845, -23.173995813000012 ], [ -44.633896313, -23.17474169 ] ] ], [ [ [ -44.68010385, -23.174076801 ], [ -44.679461101, -23.172934972999986 ], [ -44.679470928, -23.174055606 ], [ -44.68010385, -23.174076801 ] ] ], [ [ [ -44.678338309, -23.169509156 ], [ -44.674154123, -23.17009254500001 ], [ -44.678762712, -23.172293061 ], [ -44.678338309, -23.169509156 ] ] ], [ [ [ -44.666185371, -23.160612452 ], [ -44.664127726, -23.163464691 ], [ -44.665531023, -23.162929113 ], [ -44.666185371, -23.160612452 ] ] ], [ [ [ -44.694918043000015, -23.156167543 ], [ -44.681130563, -23.157445546 ], [ -44.692187029, -23.169605460999986 ], [ -44.694918043000015, -23.156167543 ] ] ], [ [ [ -44.675353617, -23.133104662 ], [ -44.674776471, -23.131718729 ], [ -44.674586452, -23.131843383 ], [ -44.675353617, -23.133104662 ] ] ], [ [ [ -44.667267981, -23.131944693 ], [ -44.667117034, -23.132063777 ], [ -44.667299695, -23.132032186 ], [ -44.667267981, -23.131944693 ] ] ], [ [ [ -44.685099321, -23.128364342000015 ], [ -44.685579996, -23.130709731 ], [ -44.687363706, -23.130554021999988 ], [ -44.685099321, -23.128364342000015 ] ] ], [ [ [ -44.678377872, -23.126806711 ], [ -44.678425266, -23.124863316 ], [ -44.677676107, -23.124713004 ], [ -44.678377872, -23.126806711 ] ] ], [ [ [ -44.667965959, -23.123228812 ], [ -44.667406487, -23.121805088999988 ], [ -44.666316356, -23.121000334 ], [ -44.667965959, -23.123228812 ] ] ], [ [ [ -44.677100257, -23.110898446 ], [ -44.67549172, -23.114185888 ], [ -44.678203615, -23.114230803 ], [ -44.677100257, -23.110898446 ] ] ], [ [ [ -44.680806536, -23.109361359 ], [ -44.679513666, -23.10810249 ], [ -44.678848816, -23.109583788 ], [ -44.680806536, -23.109361359 ] ] ], [ [ [ -44.689012505, -23.109799923 ], [ -44.686986185, -23.106842592 ], [ -44.68546084, -23.106458127 ], [ -44.689012505, -23.109799923 ] ] ], [ [ [ -44.671304401, -23.098534424 ], [ -44.67231772600001, -23.097189408 ], [ -44.66911941, -23.096872569999988 ], [ -44.671304401, -23.098534424 ] ] ], [ [ [ -44.67627996600001, -23.095873991 ], [ -44.676457517, -23.095777628 ], [ -44.675969419, -23.095583773 ], [ -44.67627996600001, -23.095873991 ] ] ], [ [ [ -44.657911641, -23.093156425 ], [ -44.658423725, -23.092912152 ], [ -44.658035888, -23.092720736 ], [ -44.657911641, -23.093156425 ] ] ], [ [ [ -44.682516907, -23.086851384 ], [ -44.684892514000012, -23.08861099 ], [ -44.684137790999984, -23.086989402 ], [ -44.682516907, -23.086851384 ] ] ], [ [ [ -44.594817822, -23.085336031 ], [ -44.593154196, -23.086880082 ], [ -44.595800464, -23.088743964 ], [ -44.594817822, -23.085336031 ] ] ], [ [ [ -44.557206658, -23.076601341000014 ], [ -44.556325909, -23.076462365 ], [ -44.556914952, -23.076999411 ], [ -44.557206658, -23.076601341000014 ] ] ], [ [ [ -44.635194517, -23.067651550999987 ], [ -44.64423626, -23.075093007 ], [ -44.645893913, -23.072329029 ], [ -44.635194517, -23.067651550999987 ] ] ], [ [ [ -44.589808884, -23.070319153 ], [ -44.590326688, -23.070652488 ], [ -44.589751585, -23.070027388 ], [ -44.589808884, -23.070319153 ] ] ], [ [ [ -44.633042257, -23.069378409 ], [ -44.62946332, -23.070827313 ], [ -44.631634024, -23.07199014 ], [ -44.633042257, -23.069378409 ] ] ], [ [ [ -44.602619903, -23.066555271 ], [ -44.602461889, -23.068887377999989 ], [ -44.604563438999989, -23.067887837 ], [ -44.602619903, -23.066555271 ] ] ], [ [ [ -44.563944471, -23.067164594000015 ], [ -44.564575964, -23.068113705 ], [ -44.564788452, -23.067724142 ], [ -44.563944471, -23.067164594000015 ] ] ], [ [ [ -44.63743064, -23.066212754 ], [ -44.637668695, -23.067302413 ], [ -44.638169166, -23.066391054 ], [ -44.63743064, -23.066212754 ] ] ], [ [ [ -44.596019987, -23.065322608 ], [ -44.59642696400001, -23.067124772 ], [ -44.597111952, -23.066530025 ], [ -44.596019987, -23.065322608 ] ] ], [ [ [ -44.616670859, -23.062356923 ], [ -44.617216943, -23.061565578 ], [ -44.616208137999983, -23.061436524 ], [ -44.616670859, -23.062356923 ] ] ], [ [ [ -44.62854414600001, -23.06047175 ], [ -44.627278444999988, -23.062606913 ], [ -44.629087763, -23.062702247 ], [ -44.62854414600001, -23.06047175 ] ] ], [ [ [ -44.564506792, -23.064477033 ], [ -44.551891571, -23.056890996999989 ], [ -44.563897786999988, -23.066829241 ], [ -44.564506792, -23.064477033 ] ] ], [ [ [ -44.607769898999983, -23.059872884999987 ], [ -44.60691158, -23.061435299 ], [ -44.608714027, -23.064154152 ], [ -44.607769898999983, -23.059872884999987 ] ] ], [ [ [ -44.660275483, -23.059383529 ], [ -44.66003402, -23.058468887999975 ], [ -44.659615218, -23.059417957 ], [ -44.660275483, -23.059383529 ] ] ], [ [ [ -44.622897673, -23.056794409000013 ], [ -44.623277847, -23.060168790999985 ], [ -44.624099558, -23.058925161 ], [ -44.622897673, -23.056794409000013 ] ] ], [ [ [ -44.609018175, -23.05430416 ], [ -44.610137751999986, -23.055095896999987 ], [ -44.609134381, -23.053881097 ], [ -44.609018175, -23.05430416 ] ] ], [ [ [ -44.56086165, -23.051271627 ], [ -44.560742859, -23.053176419 ], [ -44.563206507999986, -23.05287735400001 ], [ -44.56086165, -23.051271627 ] ] ], [ [ [ -44.545525656, -23.049677291 ], [ -44.545816327, -23.048134045 ], [ -44.544086127, -23.046851363 ], [ -44.545525656, -23.049677291 ] ] ], [ [ [ -44.544146111, -23.046411235000015 ], [ -44.543775337, -23.045470292 ], [ -44.54324972500001, -23.045284483 ], [ -44.544146111, -23.046411235000015 ] ] ], [ [ [ -44.492438223, -23.04415643099998 ], [ -44.493075627, -23.043864106 ], [ -44.49261554000001, -23.043594143 ], [ -44.492438223, -23.04415643099998 ] ] ], [ [ [ -44.518447899, -23.03581338 ], [ -44.519178636, -23.038402578 ], [ -44.520689691, -23.038517718 ], [ -44.518447899, -23.03581338 ] ] ], [ [ [ -44.356491444, -23.21335805 ], [ -44.360858466, -23.214346048999978 ], [ -44.357046875, -23.212336378 ], [ -44.356491444, -23.21335805 ] ] ], [ [ [ -44.398916288, -23.098549095 ], [ -44.399379902, -23.099748987 ], [ -44.399980831, -23.099801685999982 ], [ -44.398916288, -23.098549095 ] ] ], [ [ [ -44.395449352, -23.068761026 ], [ -44.394230536, -23.072429251 ], [ -44.396063239, -23.071706853 ], [ -44.395449352, -23.068761026 ] ] ], [ [ [ -44.410408177, -23.061694610999989 ], [ -44.410394083, -23.063789306000011 ], [ -44.411914628, -23.063906187 ], [ -44.410408177, -23.061694610999989 ] ] ], [ [ [ -44.40766538, -23.060483704999989 ], [ -44.406649066, -23.059743616 ], [ -44.407217334, -23.060872715 ], [ -44.40766538, -23.060483704999989 ] ] ], [ [ [ -44.405715918, -23.059060697 ], [ -44.406251381, -23.059518317 ], [ -44.40612615, -23.058948372 ], [ -44.405715918, -23.059060697 ] ] ], [ [ [ -44.41472396, -23.056892243 ], [ -44.418416081, -23.06101998 ], [ -44.41995471300001, -23.059099095 ], [ -44.41472396, -23.056892243 ] ] ], [ [ [ -44.376684203, -23.057872838 ], [ -44.376276958, -23.0584048 ], [ -44.37664739, -23.058622813999989 ], [ -44.376684203, -23.057872838 ] ] ], [ [ [ -44.3776577, -23.057056328 ], [ -44.377162178, -23.057244595 ], [ -44.377594773, -23.057512267 ], [ -44.3776577, -23.057056328 ] ] ], [ [ [ -44.40434315400001, -23.054927275 ], [ -44.4013978, -23.057221869 ], [ -44.40399663, -23.058139978 ], [ -44.40434315400001, -23.054927275 ] ] ], [ [ [ -44.376435537, -23.056197188 ], [ -44.37710389, -23.055897757 ], [ -44.376432024, -23.055764557 ], [ -44.376435537, -23.056197188 ] ] ], [ [ [ -44.412241339999987, -23.055558659999988 ], [ -44.412476032, -23.055984267 ], [ -44.412678367999987, -23.055779325 ], [ -44.412241339999987, -23.055558659999988 ] ] ], [ [ [ -44.420604364, -23.053608211999986 ], [ -44.420922197, -23.053254414 ], [ -44.420675653000018, -23.053212663 ], [ -44.420604364, -23.053608211999986 ] ] ], [ [ [ -44.391906517999985, -23.044744355 ], [ -44.346687714, -23.039382891 ], [ -44.345684711, -23.068795201 ], [ -44.391906517999985, -23.044744355 ] ] ], [ [ [ -44.501892351, -23.048323944999986 ], [ -44.491490526, -23.052389518 ], [ -44.50315059, -23.055035718999989 ], [ -44.501892351, -23.048323944999986 ] ] ], [ [ [ -44.399557361, -23.046101131 ], [ -44.399413042, -23.046659042 ], [ -44.399744941, -23.046592022 ], [ -44.399557361, -23.046101131 ] ] ], [ [ [ -44.399357315, -23.045534454999984 ], [ -44.399698161, -23.045353926 ], [ -44.399441553, -23.04528302 ], [ -44.399357315, -23.045534454999984 ] ] ], [ [ [ -44.395307258, -23.039299886 ], [ -44.391124853, -23.041341514 ], [ -44.395123541, -23.042709075999987 ], [ -44.395307258, -23.039299886 ] ] ], [ [ [ -44.340421903, -23.037491424 ], [ -44.343076861, -23.039741773 ], [ -44.343367658999988, -23.038301444 ], [ -44.340421903, -23.037491424 ] ] ], [ [ [ -44.397853446, -23.037281265 ], [ -44.397817634, -23.03706351 ], [ -44.397709253, -23.037117714 ], [ -44.397853446, -23.037281265 ] ] ], [ [ [ -44.400279411, -23.034915877000014 ], [ -44.398640831, -23.036778347 ], [ -44.400586156, -23.036725881 ], [ -44.400279411, -23.034915877000014 ] ] ], [ [ [ -44.411915238, -23.033406935 ], [ -44.41281976, -23.035058799 ], [ -44.41265666, -23.033471353999989 ], [ -44.411915238, -23.033406935 ] ] ], [ [ [ -44.38386742, -23.034055891 ], [ -44.383593106, -23.033955771 ], [ -44.3836909, -23.034142417 ], [ -44.38386742, -23.034055891 ] ] ], [ [ [ -44.445983022999989, -23.028223655999987 ], [ -44.447772777, -23.034328162 ], [ -44.450062865, -23.034170259 ], [ -44.445983022999989, -23.028223655999987 ] ] ], [ [ [ -44.481914516, -23.030212033 ], [ -44.480197582, -23.030278567 ], [ -44.482946104, -23.031948896 ], [ -44.481914516, -23.030212033 ] ] ], [ [ [ -44.402652575, -23.026352282 ], [ -44.401219901, -23.031994317 ], [ -44.405187453, -23.032641742 ], [ -44.402652575, -23.026352282 ] ] ], [ [ [ -44.43556518, -23.02575765 ], [ -44.436866778, -23.026180893 ], [ -44.436703698, -23.024841285999983 ], [ -44.43556518, -23.02575765 ] ] ], [ [ [ -44.426027045, -23.015395556 ], [ -44.425878986, -23.014692019 ], [ -44.425685846, -23.015301334 ], [ -44.426027045, -23.015395556 ] ] ], [ [ [ -44.363426044, -23.014215501 ], [ -44.363229835, -23.013956369 ], [ -44.363090198, -23.014308241 ], [ -44.363426044, -23.014215501 ] ] ], [ [ [ -44.369330471, -23.011786113 ], [ -44.369291014, -23.012457581 ], [ -44.369640225, -23.01221533 ], [ -44.369330471, -23.011786113 ] ] ], [ [ [ -44.369706744, -23.010198615 ], [ -44.36984509, -23.010491902 ], [ -44.369990113999982, -23.010551194000012 ], [ -44.369706744, -23.010198615 ] ] ], [ [ [ -44.363794753, -23.009684867999987 ], [ -44.363150734, -23.009993557 ], [ -44.364131781, -23.010399426 ], [ -44.363794753, -23.009684867999987 ] ] ], [ [ [ -44.382762056, -23.006691577 ], [ -44.383953609, -23.007210018 ], [ -44.384103011, -23.006511968 ], [ -44.382762056, -23.006691577 ] ] ], [ [ [ -44.42255656, -23.003786968 ], [ -44.42246462, -23.003097099 ], [ -44.422129749, -23.003708216 ], [ -44.42255656, -23.003786968 ] ] ], [ [ [ -44.430878769, -23.001905009 ], [ -44.432170991, -23.003771431 ], [ -44.432187324000012, -23.001852448 ], [ -44.430878769, -23.001905009 ] ] ], [ [ [ -44.42336973, -23.002014601 ], [ -44.423472253, -23.002403962 ], [ -44.423689198, -23.002382665 ], [ -44.42336973, -23.002014601 ] ] ], [ [ [ -44.366205607, -22.999630121 ], [ -44.365943117, -22.999956825 ], [ -44.366226157, -22.999994089 ], [ -44.366205607, -22.999630121 ] ] ], [ [ [ -44.421539778, -22.994452740000014 ], [ -44.423078796, -22.995352969 ], [ -44.422058093, -22.994224803 ], [ -44.421539778, -22.994452740000014 ] ] ], [ [ [ -44.410451884, -22.994290971 ], [ -44.40542849700001, -22.994260802 ], [ -44.406929045, -22.996899547000016 ], [ -44.410451884, -22.994290971 ] ] ], [ [ [ -44.400320832, -22.993891815 ], [ -44.400320746, -22.993445043 ], [ -44.399691783, -22.993770055 ], [ -44.400320832, -22.993891815 ] ] ], [ [ [ -44.352115032, -22.993537138 ], [ -44.352722637999989, -22.992786151 ], [ -44.352077494, -22.992807843 ], [ -44.352115032, -22.993537138 ] ] ], [ [ [ -44.402604748, -22.989837739 ], [ -44.401180393, -22.992841724 ], [ -44.404376973, -22.991448594 ], [ -44.402604748, -22.989837739 ] ] ], [ [ [ -44.345276959, -22.990936108 ], [ -44.345563728, -22.990400439 ], [ -44.344924112, -22.990427239 ], [ -44.345276959, -22.990936108 ] ] ], [ [ [ -44.416760225, -22.986519762 ], [ -44.408928219000011, -22.989922 ], [ -44.413386737, -22.993550816999988 ], [ -44.416760225, -22.986519762 ] ] ], [ [ [ -44.361025732, -22.986689017 ], [ -44.361690293, -22.985478673 ], [ -44.358962605, -22.984199849 ], [ -44.361025732, -22.986689017 ] ] ], [ [ [ -44.411973792, -22.983474335 ], [ -44.413652174, -22.984502285 ], [ -44.414082532, -22.984067245 ], [ -44.411973792, -22.983474335 ] ] ], [ [ [ -44.351695803, -22.984203027 ], [ -44.35750361, -22.987059809 ], [ -44.350020031, -22.980989905 ], [ -44.351695803, -22.984203027 ] ] ], [ [ [ -44.407495874, -22.982077583000013 ], [ -44.39520753, -22.979450102 ], [ -44.3991157, -22.984870702 ], [ -44.407495874, -22.982077583000013 ] ] ], [ [ [ -44.407307983, -22.978053293 ], [ -44.407999982, -22.977937382000015 ], [ -44.407360911, -22.977845632 ], [ -44.407307983, -22.978053293 ] ] ], [ [ [ -44.346383426, -22.97751158 ], [ -44.346800894, -22.975766666 ], [ -44.344988032, -22.975255371999989 ], [ -44.346383426, -22.97751158 ] ] ], [ [ [ -44.375605155, -22.975523092 ], [ -44.37680695, -22.975471725999981 ], [ -44.374808915, -22.974101887999989 ], [ -44.375605155, -22.975523092 ] ] ], [ [ [ -44.391566181, -22.974796683 ], [ -44.39140542, -22.97464487900001 ], [ -44.391265269, -22.974754937 ], [ -44.391566181, -22.974796683 ] ] ], [ [ [ -44.431698958, -22.975400633 ], [ -44.431616308, -22.973925314 ], [ -44.430565805, -22.974584518 ], [ -44.431698958, -22.975400633 ] ] ], [ [ [ -44.388822282, -22.973870343 ], [ -44.389306498, -22.971547114 ], [ -44.38727372, -22.971934792 ], [ -44.388822282, -22.973870343 ] ] ], [ [ [ -44.417352178, -22.966995222 ], [ -44.421147626, -22.973676456 ], [ -44.425324813, -22.972126659 ], [ -44.417352178, -22.966995222 ] ] ], [ [ [ -44.368656484, -22.969218093 ], [ -44.368947324, -22.966638322 ], [ -44.367795369, -22.967187795 ], [ -44.368656484, -22.969218093 ] ] ], [ [ [ -44.363945433, -22.965223873 ], [ -44.363961849, -22.963631464 ], [ -44.363110538999983, -22.963778565 ], [ -44.363945433, -22.965223873 ] ] ], [ [ [ -44.406346288, -22.962289345 ], [ -44.408107201, -22.963255734 ], [ -44.408732865, -22.962438473 ], [ -44.406346288, -22.962289345 ] ] ], [ [ [ -44.345595077, -22.959784606 ], [ -44.351235102, -22.964815343 ], [ -44.352086216, -22.962775711 ], [ -44.345595077, -22.959784606 ] ] ], [ [ [ -44.342610821, -22.962344631 ], [ -44.342102856, -22.960048662 ], [ -44.341384906, -22.960488437 ], [ -44.342610821, -22.962344631 ] ] ], [ [ [ -44.398313565, -22.959056659 ], [ -44.398454999, -22.956488333 ], [ -44.397440276, -22.956683251 ], [ -44.398313565, -22.959056659 ] ] ], [ [ [ -44.351103856, -22.95304635 ], [ -44.353422621, -22.955101672 ], [ -44.3515235, -22.952739384 ], [ -44.351103856, -22.95304635 ] ] ], [ [ [ -44.400508983, -22.951547311 ], [ -44.399009962, -22.951294422 ], [ -44.40025724, -22.952579937 ], [ -44.400508983, -22.951547311 ] ] ], [ [ [ -44.368677649, -22.946812033000011 ], [ -44.368504522, -22.947120259 ], [ -44.368862319, -22.947099001999987 ], [ -44.368677649, -22.946812033000011 ] ] ], [ [ [ -44.368653236, -22.946332093 ], [ -44.369655877, -22.947154660999988 ], [ -44.368773076, -22.945531913 ], [ -44.368653236, -22.946332093 ] ] ], [ [ [ -44.410536032, -22.946118672 ], [ -44.410735919, -22.946197072 ], [ -44.410613766, -22.946036862999989 ], [ -44.410536032, -22.946118672 ] ] ], [ [ [ -44.410939507, -22.945716444 ], [ -44.410721112, -22.946040271 ], [ -44.410958015, -22.946033454 ], [ -44.410939507, -22.945716444 ] ] ], [ [ [ -44.410077032, -22.945273309 ], [ -44.40975129, -22.944946071000018 ], [ -44.40992896800001, -22.945286943999989 ], [ -44.410077032, -22.945273309 ] ] ], [ [ [ -44.369486099, -22.944019675 ], [ -44.36881449, -22.944160407 ], [ -44.368958026, -22.944371299 ], [ -44.369486099, -22.944019675 ] ] ], [ [ [ -44.370078003, -22.943257219999989 ], [ -44.36836772, -22.942562096 ], [ -44.368609554, -22.943834548 ], [ -44.370078003, -22.943257219999989 ] ] ], [ [ [ -44.369997618, -22.941131676 ], [ -44.368711121, -22.94186033 ], [ -44.369681552, -22.942438441 ], [ -44.369997618, -22.941131676 ] ] ], [ [ [ -44.34865553, -22.93241813 ], [ -44.348984797, -22.932385497 ], [ -44.348637518, -22.932206899999983 ], [ -44.34865553, -22.93241813 ] ] ], [ [ [ -44.345615377, -22.931817556999988 ], [ -44.347500118, -22.931484041 ], [ -44.3460034, -22.930399684 ], [ -44.345615377, -22.931817556999988 ] ] ], [ [ [ -44.162150065, -23.222768484999989 ], [ -44.148766962, -23.223110311 ], [ -44.160263299, -23.227649961 ], [ -44.162150065, -23.222768484999989 ] ] ], [ [ [ -44.17973179, -23.18398929 ], [ -44.18029728, -23.183066987 ], [ -44.17911717, -23.183206808 ], [ -44.17973179, -23.18398929 ] ] ], [ [ [ -44.183335502, -23.184007512 ], [ -44.18256092, -23.18305851 ], [ -44.182039086, -23.18317576 ], [ -44.183335502, -23.184007512 ] ] ], [ [ [ -44.348321884, -23.226957058 ], [ -44.233560077, -23.090599574999988 ], [ -44.189937134, -23.102716787 ], [ -44.21774464500001, -23.109233342 ], [ -44.164427095, -23.141905818999987 ], [ -44.126659845, -23.119560286 ], [ -44.140722220999983, -23.157341481 ], [ -44.094502929, -23.174753449 ], [ -44.298961965, -23.177327216 ], [ -44.333393873, -23.223617009 ], [ -44.348321884, -23.226957058 ] ] ], [ [ [ -44.167506445, -23.137450622 ], [ -44.167439362, -23.137842731 ], [ -44.167752711, -23.137708221 ], [ -44.167506445, -23.137450622 ] ] ], [ [ [ -44.166242794, -23.135304694 ], [ -44.167327239, -23.136800908 ], [ -44.167289258, -23.135091206 ], [ -44.166242794, -23.135304694 ] ] ], [ [ [ -44.149821495, -23.125915432 ], [ -44.151311119, -23.126293029 ], [ -44.149840163, -23.12552273 ], [ -44.149821495, -23.125915432 ] ] ], [ [ [ -44.140651573, -23.119357591 ], [ -44.140143275, -23.119519549 ], [ -44.140857246, -23.119737061999988 ], [ -44.140651573, -23.119357591 ] ] ], [ [ [ -44.167306004, -23.115396355 ], [ -44.165671059, -23.114410307 ], [ -44.164565805, -23.114449251 ], [ -44.167306004, -23.115396355 ] ] ], [ [ [ -44.141479686, -23.107292286 ], [ -44.141450676, -23.107117438 ], [ -44.141392186, -23.107124094999982 ], [ -44.141479686, -23.107292286 ] ] ], [ [ [ -44.141020123, -23.106552168 ], [ -44.139419824, -23.10609316 ], [ -44.141041946, -23.106632876 ], [ -44.141020123, -23.106552168 ] ] ], [ [ [ -44.309957033000011, -23.091464426000016 ], [ -44.309280541, -23.090566552 ], [ -44.30910887600001, -23.091269052 ], [ -44.309957033000011, -23.091464426000016 ] ] ], [ [ [ -44.240373517, -23.085425822 ], [ -44.241007186999987, -23.086874044 ], [ -44.24136159, -23.086775673 ], [ -44.240373517, -23.085425822 ] ] ], [ [ [ -44.215868588, -23.086060852 ], [ -44.215054119, -23.085858802999986 ], [ -44.215361749, -23.08640057800001 ], [ -44.215868588, -23.086060852 ] ] ], [ [ [ -44.311915782, -23.086815906 ], [ -44.31198015, -23.08499832 ], [ -44.31014217, -23.085172014 ], [ -44.311915782, -23.086815906 ] ] ], [ [ [ -44.330376462, -23.08736315 ], [ -44.332536226, -23.084914882 ], [ -44.329296551, -23.08323388 ], [ -44.330376462, -23.08736315 ] ] ], [ [ [ -44.240333690999989, -23.085178749000015 ], [ -44.240306114, -23.085042253 ], [ -44.24020387, -23.085078474 ], [ -44.240333690999989, -23.085178749000015 ] ] ], [ [ [ -44.243769658, -23.083646010999988 ], [ -44.239805482, -23.08440214 ], [ -44.244098948, -23.084275366 ], [ -44.243769658, -23.083646010999988 ] ] ], [ [ [ -44.240664943, -23.083732794999989 ], [ -44.241066893, -23.083829133 ], [ -44.240654254, -23.083617358999984 ], [ -44.240664943, -23.083732794999989 ] ] ], [ [ [ -44.230128661, -23.083680299999987 ], [ -44.228789758, -23.082723007 ], [ -44.228236891, -23.083007064 ], [ -44.230128661, -23.083680299999987 ] ] ], [ [ [ -44.240107476, -23.077834679 ], [ -44.241240898, -23.077440042 ], [ -44.239967084, -23.077275881 ], [ -44.240107476, -23.077834679 ] ] ], [ [ [ -44.228313974, -23.077482915 ], [ -44.227050065, -23.077571623 ], [ -44.228257001, -23.077870453 ], [ -44.228313974, -23.077482915 ] ] ], [ [ [ -44.25190855, -23.071788888000011 ], [ -44.255014447, -23.070511047 ], [ -44.250583844, -23.070227779999989 ], [ -44.25190855, -23.071788888000011 ] ] ], [ [ [ -44.316397718, -23.064519915 ], [ -44.315357855, -23.064556336 ], [ -44.316308305, -23.064869517 ], [ -44.316397718, -23.064519915 ] ] ], [ [ [ -44.33827794, -23.06140572 ], [ -44.338740809999983, -23.061594036 ], [ -44.338547543, -23.061339897999986 ], [ -44.33827794, -23.06140572 ] ] ], [ [ [ -44.313587146, -23.057186709 ], [ -44.316325084, -23.062926205 ], [ -44.319225847, -23.061737404 ], [ -44.313587146, -23.057186709 ] ] ], [ [ [ -44.329872236999989, -23.056268355 ], [ -44.330586499, -23.055428444999983 ], [ -44.329224547, -23.055214389 ], [ -44.329872236999989, -23.056268355 ] ] ], [ [ [ -44.32911355, -23.055431219 ], [ -44.328106282, -23.054838770999986 ], [ -44.328888852999988, -23.05603848 ], [ -44.32911355, -23.055431219 ] ] ], [ [ [ -44.333156329, -23.055678269 ], [ -44.332722902, -23.054704513 ], [ -44.332467774, -23.055060081000011 ], [ -44.333156329, -23.055678269 ] ] ], [ [ [ -44.312687135, -23.053094074 ], [ -44.316919508, -23.055809265 ], [ -44.317912801, -23.054016704 ], [ -44.312687135, -23.053094074 ] ] ], [ [ [ -44.268541748, -23.053477002999983 ], [ -44.26907492, -23.05457388 ], [ -44.269082154, -23.053757726 ], [ -44.268541748, -23.053477002999983 ] ] ], [ [ [ -44.333716217, -23.052975141 ], [ -44.333580361, -23.054636182999985 ], [ -44.334566363, -23.054310217 ], [ -44.333716217, -23.052975141 ] ] ], [ [ [ -44.308690508, -23.050284266 ], [ -44.308320576, -23.051145998 ], [ -44.309123103, -23.05072821 ], [ -44.308690508, -23.050284266 ] ] ], [ [ [ -44.13608970500001, -23.043602476 ], [ -44.139454438, -23.042523115 ], [ -44.136665738, -23.040446369 ], [ -44.13608970500001, -23.043602476 ] ] ], [ [ [ -44.16207715800001, -23.040059567999979 ], [ -44.158114173, -23.040939456 ], [ -44.159033355, -23.042008372999984 ], [ -44.16207715800001, -23.040059567999979 ] ] ], [ [ [ -44.129308372, -23.042199539 ], [ -44.129405128, -23.035988631 ], [ -44.12321361, -23.039733835 ], [ -44.129308372, -23.042199539 ] ] ], [ [ [ -44.298665241, -23.038349477 ], [ -44.298332218, -23.038835666 ], [ -44.298455246, -23.038962234999989 ], [ -44.298665241, -23.038349477 ] ] ], [ [ [ -44.298644537, -23.037721957 ], [ -44.298336522, -23.0377449 ], [ -44.298457194, -23.037970906 ], [ -44.298644537, -23.037721957 ] ] ], [ [ [ -44.279661651, -23.033985085 ], [ -44.280123387, -23.035813122 ], [ -44.280376649, -23.034217904 ], [ -44.279661651, -23.033985085 ] ] ], [ [ [ -44.283264978, -23.033892876 ], [ -44.284449522, -23.033919726 ], [ -44.284160774, -23.033274903 ], [ -44.283264978, -23.033892876 ] ] ], [ [ [ -44.297063535, -23.032412342 ], [ -44.296405361, -23.031097145 ], [ -44.296151014, -23.030918089 ], [ -44.297063535, -23.032412342 ] ] ], [ [ [ -44.327217188999988, -23.029573183 ], [ -44.326585109, -23.028566233 ], [ -44.327081267, -23.029718763 ], [ -44.327217188999988, -23.029573183 ] ] ], [ [ [ -44.280666975, -23.026911405 ], [ -44.281040012, -23.027091424 ], [ -44.280838135, -23.026691902 ], [ -44.280666975, -23.026911405 ] ] ], [ [ [ -44.332730157, -23.025525244 ], [ -44.331662681, -23.028237016 ], [ -44.333881474, -23.026539582999987 ], [ -44.332730157, -23.025525244 ] ] ], [ [ [ -44.285911071, -23.025901758 ], [ -44.287213567, -23.027783806 ], [ -44.28802591, -23.026132797999988 ], [ -44.285911071, -23.025901758 ] ] ], [ [ [ -44.279905367, -23.026794365999987 ], [ -44.278235413, -23.025315021 ], [ -44.27964088, -23.027417007 ], [ -44.279905367, -23.026794365999987 ] ] ], [ [ [ -44.285033329, -23.026255503 ], [ -44.285600713, -23.026116456000011 ], [ -44.284898996, -23.025940208 ], [ -44.285033329, -23.026255503 ] ] ], [ [ [ -44.309157886, -23.025505261 ], [ -44.310122323, -23.025331459 ], [ -44.310430619, -23.024690921 ], [ -44.309157886, -23.025505261 ] ] ], [ [ [ -44.284367898, -23.024379343 ], [ -44.284718195, -23.026390408 ], [ -44.284899115, -23.024425582 ], [ -44.284367898, -23.024379343 ] ] ], [ [ [ -44.269466212, -23.024706433999985 ], [ -44.268893936, -23.024319920999986 ], [ -44.269374435, -23.025219175 ], [ -44.269466212, -23.024706433999985 ] ] ], [ [ [ -44.332081084, -23.023605229 ], [ -44.331244203, -23.023181850999983 ], [ -44.331919637, -23.023736362 ], [ -44.332081084, -23.023605229 ] ] ], [ [ [ -44.319893561, -23.019953145 ], [ -44.318574817, -23.018729828 ], [ -44.319293107, -23.020140914 ], [ -44.319893561, -23.019953145 ] ] ], [ [ [ -44.276231711, -23.017845459 ], [ -44.27716743, -23.017788716999988 ], [ -44.27713315, -23.017402433 ], [ -44.276231711, -23.017845459 ] ] ], [ [ [ -44.321434693, -23.017387385 ], [ -44.32077736, -23.016816389 ], [ -44.321109724, -23.01753014 ], [ -44.321434693, -23.017387385 ] ] ], [ [ [ -44.267325210999985, -23.013648585 ], [ -44.268793505, -23.014803537 ], [ -44.269254623, -23.014458325 ], [ -44.267325210999985, -23.013648585 ] ] ], [ [ [ -44.30150761, -23.008884852 ], [ -44.302513427, -23.010278306 ], [ -44.302101718, -23.008152967 ], [ -44.30150761, -23.008884852 ] ] ], [ [ [ -44.30884813, -23.009774624 ], [ -44.309059241999982, -23.008035624 ], [ -44.30744806900001, -23.007744225999989 ], [ -44.30884813, -23.009774624 ] ] ], [ [ [ -44.340814091, -22.98588779 ], [ -44.342118705, -22.985671492 ], [ -44.340990171, -22.985235092000011 ], [ -44.340814091, -22.98588779 ] ] ], [ [ [ -44.33496397, -22.981854201999987 ], [ -44.335904720999984, -22.9817254 ], [ -44.335060457, -22.981325669 ], [ -44.33496397, -22.981854201999987 ] ] ], [ [ [ -44.330378983, -22.980558322 ], [ -44.32980162, -22.978395614 ], [ -44.329149342, -22.97832565400001 ], [ -44.330378983, -22.980558322 ] ] ], [ [ [ -44.339758158, -22.97868102 ], [ -44.341471911, -22.976423609 ], [ -44.340189597, -22.97554512 ], [ -44.339758158, -22.97868102 ] ] ], [ [ [ -44.327664576, -22.972107703 ], [ -44.329024738, -22.97258482 ], [ -44.329118132, -22.972257157 ], [ -44.327664576, -22.972107703 ] ] ], [ [ [ -44.314909711, -22.969324333 ], [ -44.316392073, -22.969289621000016 ], [ -44.314995847, -22.968869149 ], [ -44.314909711, -22.969324333 ] ] ], [ [ [ -44.312489061, -22.967489528 ], [ -44.311901234, -22.966416419 ], [ -44.311537561, -22.967130269999988 ], [ -44.312489061, -22.967489528 ] ] ], [ [ [ -44.318545736, -22.967629649 ], [ -44.31777761, -22.965885529 ], [ -44.316698772, -22.966392200000016 ], [ -44.318545736, -22.967629649 ] ] ], [ [ [ -44.342108066999984, -22.962722999000015 ], [ -44.340611033, -22.963150765 ], [ -44.342392006, -22.963859026 ], [ -44.342108066999984, -22.962722999000015 ] ] ], [ [ [ -44.320585217, -22.959963044 ], [ -44.32134945, -22.962645267 ], [ -44.321741106, -22.960246492999985 ], [ -44.320585217, -22.959963044 ] ] ], [ [ [ -44.334584542, -22.953664793 ], [ -44.338653132, -22.954984011 ], [ -44.335042332999983, -22.947446191 ], [ -44.334584542, -22.953664793 ] ] ], [ [ [ -44.336427852, -22.946723576 ], [ -44.33598229, -22.946899421 ], [ -44.336317908, -22.947117894 ], [ -44.336427852, -22.946723576 ] ] ], [ [ [ -44.344883186, -22.938295289 ], [ -44.337672363, -22.940515871999985 ], [ -44.343035866, -22.942682861 ], [ -44.344883186, -22.938295289 ] ] ], [ [ [ -44.333942012, -22.928157539 ], [ -44.333784462, -22.928716141 ], [ -44.333955296, -22.92860691700001 ], [ -44.333942012, -22.928157539 ] ] ], [ [ [ -44.331627635, -22.927867455 ], [ -44.331381657, -22.928387067 ], [ -44.33203321700001, -22.928821113 ], [ -44.331627635, -22.927867455 ] ] ], [ [ [ -44.332284075, -22.928485156 ], [ -44.333534848, -22.927039156000014 ], [ -44.331398478, -22.925861791 ], [ -44.332284075, -22.928485156 ] ] ], [ [ [ -44.094228999, -23.17486046 ], [ -44.094382976, -23.175155204 ], [ -44.094421693, -23.174877354999985 ], [ -44.094228999, -23.17486046 ] ] ], [ [ [ -44.091389875, -23.174132613 ], [ -44.092916258, -23.173433430999989 ], [ -44.090812032, -23.173114786 ], [ -44.091389875, -23.174132613 ] ] ], [ [ [ -44.121109325, -23.147616753999987 ], [ -44.120488534, -23.147853065 ], [ -44.12097958, -23.148172265 ], [ -44.121109325, -23.147616753999987 ] ] ], [ [ [ -44.107913697, -23.143105878 ], [ -44.108699899, -23.143272222 ], [ -44.108273492, -23.142934173 ], [ -44.107913697, -23.143105878 ] ] ], [ [ [ -44.109164495, -23.138693468 ], [ -44.10900304, -23.142491097 ], [ -44.110076663, -23.14242951 ], [ -44.109164495, -23.138693468 ] ] ], [ [ [ -44.103028485999985, -23.138405174 ], [ -44.103454791, -23.138433758 ], [ -44.102990577, -23.13830711 ], [ -44.103028485999985, -23.138405174 ] ] ], [ [ [ -44.118384894, -23.098991514 ], [ -44.121123684, -23.100597079 ], [ -44.119392135999988, -23.098500325 ], [ -44.118384894, -23.098991514 ] ] ], [ [ [ -44.011217822, -23.086981994999977 ], [ -44.012038954, -23.086286760999982 ], [ -44.010532241999989, -23.085375479999989 ], [ -44.011217822, -23.086981994999977 ] ] ], [ [ [ -44.11181619, -23.037896754 ], [ -44.111812657, -23.038780092999986 ], [ -44.112335026, -23.03812879 ], [ -44.11181619, -23.037896754 ] ] ], [ [ [ -44.113022265, -23.037205891 ], [ -44.112245543, -23.036739501 ], [ -44.112335021, -23.037455053 ], [ -44.113022265, -23.037205891 ] ] ], [ [ [ -44.110407717, -23.025479909 ], [ -44.1104792, -23.025967409 ], [ -44.110792471, -23.025753661 ], [ -44.110407717, -23.025479909 ] ] ], [ [ [ -44.110469673, -23.024610856 ], [ -44.110274374, -23.024886737 ], [ -44.110574136, -23.024773877000012 ], [ -44.110469673, -23.024610856 ] ] ], [ [ [ -43.953408717, -23.022427351 ], [ -43.950987875, -23.025522877 ], [ -43.954211162, -23.024962819 ], [ -43.953408717, -23.022427351 ] ] ], [ [ [ -44.108848233, -23.023256519 ], [ -44.10893907, -23.023528224 ], [ -44.109034449, -23.023335941 ], [ -44.108848233, -23.023256519 ] ] ], [ [ [ -44.110972508, -23.023376058 ], [ -44.109489669999988, -23.022451022 ], [ -44.110105155, -23.023928727 ], [ -44.110972508, -23.023376058 ] ] ], [ [ [ -43.945145543, -23.02017364 ], [ -43.945261381, -23.024437737999985 ], [ -43.947872755, -23.024451301 ], [ -43.945145543, -23.02017364 ] ] ], [ [ [ -43.943159285, -23.018871947 ], [ -43.94464514, -23.01917007 ], [ -43.943355821, -23.018400204 ], [ -43.943159285, -23.018871947 ] ] ], [ [ [ -43.940596677, -23.016144625999988 ], [ -43.940109238, -23.016637143 ], [ -43.94074939, -23.016641767999989 ], [ -43.940596677, -23.016144625999988 ] ] ], [ [ [ -43.940502176, -23.015146572 ], [ -43.940610847, -23.015416335 ], [ -43.940852278, -23.015204849 ], [ -43.940502176, -23.015146572 ] ] ], [ [ [ -43.965582744999985, -23.015418469 ], [ -43.965605982, -23.015176144000012 ], [ -43.965417471, -23.015023565999979 ], [ -43.965582744999985, -23.015418469 ] ] ], [ [ [ -43.965506242000011, -23.013445006 ], [ -43.964408363, -23.012808834999987 ], [ -43.964940034, -23.013670708 ], [ -43.965506242000011, -23.013445006 ] ] ], [ [ [ -43.930541827, -23.0120159 ], [ -43.929933664, -23.012800132 ], [ -43.93027102, -23.013101849999984 ], [ -43.930541827, -23.0120159 ] ] ], [ [ [ -44.07697082, -23.011724312 ], [ -44.076914918999989, -23.0119043 ], [ -44.077352076, -23.012126297 ], [ -44.07697082, -23.011724312 ] ] ], [ [ [ -43.925029132, -23.007378257 ], [ -43.925234527, -23.00776118400001 ], [ -43.925409589, -23.007604169 ], [ -43.925029132, -23.007378257 ] ] ], [ [ [ -43.95285469600001, -23.004612278999986 ], [ -43.952550777, -23.009897937 ], [ -43.955053958, -23.005895094 ], [ -43.95285469600001, -23.004612278999986 ] ] ], [ [ [ -43.948689045, -23.004577813 ], [ -43.948379568, -23.00462913 ], [ -43.94857817, -23.004754406999989 ], [ -43.948689045, -23.004577813 ] ] ], [ [ [ -43.944571548, -23.004036431 ], [ -43.945393311, -23.003868951999987 ], [ -43.944769842, -23.003788557 ], [ -43.944571548, -23.004036431 ] ] ], [ [ [ -43.946227638, -23.004265688 ], [ -43.947162002, -23.003769403 ], [ -43.945979741, -23.003505613 ], [ -43.946227638, -23.004265688 ] ] ], [ [ [ -44.03482707, -22.996258345 ], [ -44.038079538, -23.011693246 ], [ -44.053242622, -23.006855512 ], [ -44.03482707, -22.996258345 ] ] ], [ [ [ -43.943431231, -23.003637882999989 ], [ -43.943228449, -23.003954042 ], [ -43.943780987, -23.004106646 ], [ -43.943431231, -23.003637882999989 ] ] ], [ [ [ -43.947600812, -23.003512066999988 ], [ -43.948014263, -23.003892983 ], [ -43.948178541, -23.003407143 ], [ -43.947600812, -23.003512066999988 ] ] ], [ [ [ -43.953109939, -23.003521534 ], [ -43.954814442, -23.002382712999985 ], [ -43.952110845, -23.000846435 ], [ -43.953109939, -23.003521534 ] ] ], [ [ [ -43.936961699, -22.998119994 ], [ -43.93045642300001, -23.011789324 ], [ -43.935454471, -23.015082082 ], [ -43.936961699, -22.998119994 ] ] ], [ [ [ -43.912480347, -22.996939499 ], [ -43.912956457, -22.996271858 ], [ -43.912273408, -22.996146907 ], [ -43.912480347, -22.996939499 ] ] ], [ [ [ -43.915956215, -22.995455931 ], [ -43.916434884, -22.995106618 ], [ -43.916216939, -22.994718399 ], [ -43.915956215, -22.995455931 ] ] ], [ [ [ -43.908567176, -22.98962409 ], [ -43.910283756, -22.995199126 ], [ -43.913475386, -22.995413129 ], [ -43.908567176, -22.98962409 ] ] ], [ [ [ -44.04026061, -22.988382169 ], [ -44.044906461999986, -22.98860419 ], [ -44.04295242, -22.986599729 ], [ -44.04026061, -22.988382169 ] ] ], [ [ [ -43.921069911, -22.985179437 ], [ -43.921652013, -22.988254182 ], [ -43.923282554, -22.987553374 ], [ -43.921069911, -22.985179437 ] ] ], [ [ [ -43.92266676, -22.982803585 ], [ -43.924166959999987, -22.983281848 ], [ -43.923429692, -22.982305503999985 ], [ -43.92266676, -22.982803585 ] ] ], [ [ [ -43.936133892, -22.982389355999985 ], [ -43.935206917, -22.981063130999988 ], [ -43.934659169000014, -22.981314188 ], [ -43.936133892, -22.982389355999985 ] ] ], [ [ [ -43.909097201, -22.979457898 ], [ -43.913162812, -22.983905568 ], [ -43.915385202, -22.980949549 ], [ -43.909097201, -22.979457898 ] ] ], [ [ [ -43.91606218, -22.978554091 ], [ -43.917219708, -22.978833973 ], [ -43.916262425, -22.977880462999988 ], [ -43.91606218, -22.978554091 ] ] ], [ [ [ -44.006733849, -22.964954553999988 ], [ -44.006788659, -22.96524853 ], [ -44.007051982, -22.965389604 ], [ -44.006733849, -22.964954553999988 ] ] ], [ [ [ -44.006352813, -22.96440928 ], [ -44.006010128, -22.964492314 ], [ -44.006219346, -22.964638452 ], [ -44.006352813, -22.96440928 ] ] ], [ [ [ -44.000657773, -22.961871162 ], [ -43.999734095, -22.962325601 ], [ -44.001279796, -22.963199306 ], [ -44.000657773, -22.961871162 ] ] ], [ [ [ -43.911218937, -22.96224225 ], [ -43.912183113, -22.960810305 ], [ -43.910939719, -22.960313973 ], [ -43.911218937, -22.96224225 ] ] ], [ [ [ -43.94706938600001, -22.959342015 ], [ -43.950780395, -22.960672881 ], [ -43.951909559, -22.95994533 ], [ -43.94706938600001, -22.959342015 ] ] ], [ [ [ -43.998032534, -22.96018599 ], [ -43.998406185, -22.960165699 ], [ -43.998231266, -22.959982806 ], [ -43.998032534, -22.96018599 ] ] ], [ [ [ -43.875842386000016, -22.958970631 ], [ -43.876115321, -22.95926949 ], [ -43.876351372, -22.959242321 ], [ -43.875842386000016, -22.958970631 ] ] ], [ [ [ -43.873772634, -22.9581083 ], [ -43.873121111, -22.958572791 ], [ -43.874007863, -22.958443182 ], [ -43.873772634, -22.9581083 ] ] ], [ [ [ -43.864338492, -22.955729349 ], [ -43.863876026, -22.955458163 ], [ -43.863681346, -22.955530763 ], [ -43.864338492, -22.955729349 ] ] ], [ [ [ -43.863244827, -22.955685936999988 ], [ -43.859998513, -22.950242601 ], [ -43.855777588, -22.950452707 ], [ -43.857434477, -22.954760276 ], [ -43.863244827, -22.955685936999988 ] ] ], [ [ [ -43.927575831, -22.947173760999984 ], [ -43.928362791, -22.948795924 ], [ -43.929010325, -22.948885916 ], [ -43.927575831, -22.947173760999984 ] ] ], [ [ [ -44.009315278, -22.94757531 ], [ -44.007887102999987, -22.947079835999983 ], [ -44.008661958, -22.948143602 ], [ -44.009315278, -22.94757531 ] ] ], [ [ [ -43.857093156, -22.945266679999989 ], [ -43.85851474, -22.946193837 ], [ -43.85901138, -22.946222381 ], [ -43.857093156, -22.945266679999989 ] ] ], [ [ [ -43.864186464, -22.945067763 ], [ -43.866339015, -22.945888462 ], [ -43.866120669, -22.94454635 ], [ -43.864186464, -22.945067763 ] ] ], [ [ [ -43.923584025, -22.94485861 ], [ -43.92214561, -22.944494103 ], [ -43.92369357, -22.945668985 ], [ -43.923584025, -22.94485861 ] ] ], [ [ [ -43.967296466, -22.943410942 ], [ -43.966449229, -22.94511787 ], [ -43.967165189, -22.945581793 ], [ -43.967296466, -22.943410942 ] ] ], [ [ [ -43.96339288, -22.944921010000012 ], [ -43.961784594, -22.943002181 ], [ -43.961227756, -22.943388899 ], [ -43.96339288, -22.944921010000012 ] ] ], [ [ [ -43.915132659, -22.941608090999988 ], [ -43.920837379, -22.944709129999985 ], [ -43.920999265, -22.942027904 ], [ -43.915132659, -22.941608090999988 ] ] ], [ [ [ -43.89353737, -22.934088246 ], [ -43.873095404, -22.948027452 ], [ -43.907020566, -22.958665435999986 ], [ -43.912325125999985, -22.935115531 ], [ -43.89353737, -22.934088246 ] ] ], [ [ [ -43.85488349, -22.941910133 ], [ -43.85393694, -22.941168892 ], [ -43.854055222, -22.941661532999987 ], [ -43.85488349, -22.941910133 ] ] ], [ [ [ -43.959688311, -22.93306595 ], [ -43.959707761, -22.933476332 ], [ -43.959968237, -22.933476931 ], [ -43.959688311, -22.93306595 ] ] ], [ [ [ -43.960998178, -22.93265446 ], [ -43.960793431, -22.932849526 ], [ -43.960984057, -22.932911296 ], [ -43.960998178, -22.93265446 ] ] ], [ [ [ -43.887073801999989, -22.927079224 ], [ -43.888219836, -22.927129297 ], [ -43.887245785, -22.926676537 ], [ -43.887073801999989, -22.927079224 ] ] ], [ [ [ -43.865028325, -22.924584122 ], [ -43.863513657, -22.925346464 ], [ -43.866177895, -22.925475531 ], [ -43.865028325, -22.924584122 ] ] ], [ [ [ -43.876265962, -22.924441481 ], [ -43.876351164, -22.92344896 ], [ -43.875835109, -22.923497577 ], [ -43.876265962, -22.924441481 ] ] ], [ [ [ -43.876648643, -22.922802659 ], [ -43.876944374, -22.9227173 ], [ -43.876591669, -22.922556302000011 ], [ -43.876648643, -22.922802659 ] ] ], [ [ [ -43.84121122, -22.907633957 ], [ -43.841358176999989, -22.907508259 ], [ -43.841179729, -22.907513093999988 ], [ -43.84121122, -22.907633957 ] ] ], [ [ [ -43.841101002, -22.907368057 ], [ -43.841300445, -22.907401899 ], [ -43.84121122, -22.907295539 ], [ -43.841101002, -22.907368057 ] ] ], [ [ [ -43.840912057, -22.907077984 ], [ -43.84085957300001, -22.907353553 ], [ -43.841121996, -22.907227855 ], [ -43.840912057, -22.907077984 ] ] ], [ [ [ -43.842428866, -22.906444654 ], [ -43.842602066, -22.906512338 ], [ -43.842528587, -22.906362466 ], [ -43.842428866, -22.906444654 ] ] ], [ [ [ -43.841988814, -22.906135844 ], [ -43.841608628, -22.906467618 ], [ -43.842178908, -22.906550562000017 ], [ -43.841988814, -22.906135844 ] ] ], [ [ [ -43.834744515, -23.115716451 ], [ -43.836626854, -23.116340184 ], [ -43.835183958, -23.115039109 ], [ -43.834744515, -23.115716451 ] ] ], [ [ [ -43.568963869, -23.081329538 ], [ -43.569031368, -23.081601541 ], [ -43.569160806, -23.081357848 ], [ -43.568963869, -23.081329538 ] ] ], [ [ [ -43.56137574400001, -23.078737275 ], [ -43.55947437, -23.081156781999983 ], [ -43.563786308, -23.081934104 ], [ -43.56137574400001, -23.078737275 ] ] ], [ [ [ -43.199642376, -23.073012326 ], [ -43.199185908, -23.074678533 ], [ -43.200476192, -23.073663429 ], [ -43.199642376, -23.073012326 ] ] ], [ [ [ -43.573192689, -23.072723138 ], [ -43.574097314, -23.073376568999979 ], [ -43.574303292, -23.072790546 ], [ -43.573192689, -23.072723138 ] ] ], [ [ [ -43.199159712, -23.07123299900001 ], [ -43.191097759, -23.070769537 ], [ -43.192784887, -23.074102079999985 ], [ -43.199159712, -23.07123299900001 ] ] ], [ [ [ -43.510156804, -23.06570171500001 ], [ -43.511412275, -23.061265341999988 ], [ -43.507894638, -23.064538101 ], [ -43.510156804, -23.06570171500001 ] ] ], [ [ [ -44.012044864, -23.079738740999989 ], [ -43.614277569, -23.030968952999984 ], [ -43.600939649, -23.040526175 ], [ -43.576951677, -23.048135194 ], [ -43.565933694, -23.057537833 ], [ -44.012044864, -23.079738740999989 ] ] ], [ [ [ -43.511344223, -23.060678834 ], [ -43.512496639, -23.060754402 ], [ -43.511023807000015, -23.060210768999983 ], [ -43.511344223, -23.060678834 ] ] ], [ [ [ -43.567423817, -23.059886135 ], [ -43.567662624999983, -23.059915004 ], [ -43.567479465, -23.059692082 ], [ -43.567423817, -23.059886135 ] ] ], [ [ [ -43.566333037, -23.05861734 ], [ -43.566225284, -23.059157119 ], [ -43.566532357999989, -23.059065486 ], [ -43.566333037, -23.05861734 ] ] ], [ [ [ -43.565994292, -23.05823278 ], [ -43.567690018, -23.059274355 ], [ -43.566033856, -23.058000433 ], [ -43.565994292, -23.05823278 ] ] ], [ [ [ -43.565820754, -23.058816548 ], [ -43.565733847, -23.05870203 ], [ -43.565734756, -23.058835081 ], [ -43.565820754, -23.058816548 ] ] ], [ [ [ -43.563670112, -23.057430478 ], [ -43.56294474, -23.058102082 ], [ -43.563777062, -23.059093032 ], [ -43.563670112, -23.057430478 ] ] ], [ [ [ -43.565790574, -23.057205582 ], [ -43.565552984, -23.055419767 ], [ -43.565282187, -23.058150446 ], [ -43.565790574, -23.057205582 ] ] ], [ [ [ -43.564229614999988, -23.054431147 ], [ -43.563635400999985, -23.053795025 ], [ -43.563279897, -23.054836217999988 ], [ -43.564229614999988, -23.054431147 ] ] ], [ [ [ -43.507741399, -23.053341817 ], [ -43.509511526999987, -23.05305887 ], [ -43.507938365, -23.052668178 ], [ -43.507741399, -23.053341817 ] ] ], [ [ [ -43.564644451, -23.051538299 ], [ -43.566496862, -23.052519827 ], [ -43.569491413, -23.050988642999986 ], [ -43.564644451, -23.051538299 ] ] ], [ [ [ -43.569367408, -23.05090333 ], [ -43.569401672, -23.050707263 ], [ -43.56906474, -23.05073772 ], [ -43.569367408, -23.05090333 ] ] ], [ [ [ -43.569980341, -23.04964048 ], [ -43.570109821, -23.050472075 ], [ -43.570782757, -23.049671482 ], [ -43.569980341, -23.04964048 ] ] ], [ [ [ -43.310543067, -23.047161408 ], [ -43.310074295, -23.046679575 ], [ -43.31000315, -23.047299749 ], [ -43.310543067, -23.047161408 ] ] ], [ [ [ -43.58466083, -23.044393851999988 ], [ -43.582874141, -23.045191692 ], [ -43.583203586, -23.045456882999989 ], [ -43.58466083, -23.044393851999988 ] ] ], [ [ [ -43.309987519, -23.044308063 ], [ -43.310470204, -23.044399593 ], [ -43.310227565, -23.044073536 ], [ -43.309987519, -23.044308063 ] ] ], [ [ [ -43.586840055, -23.044368128 ], [ -43.586483793, -23.042927154 ], [ -43.585633978, -23.044773309999986 ], [ -43.586840055, -23.044368128 ] ] ], [ [ [ -43.592514956, -23.042691582 ], [ -43.590486178, -23.041407532 ], [ -43.58860692, -23.04265675 ], [ -43.592514956, -23.042691582 ] ] ], [ [ [ -43.59272567, -23.041219493 ], [ -43.593371148, -23.041161937 ], [ -43.592776024, -23.041075257 ], [ -43.59272567, -23.041219493 ] ] ], [ [ [ -43.579092078999984, -23.040711009999981 ], [ -43.58144707000001, -23.039056992 ], [ -43.588304948, -23.035652732 ], [ -43.583522977, -23.036756144 ], [ -43.579092078999984, -23.040711009999981 ] ] ], [ [ [ -43.303991847, -23.036504636 ], [ -43.302593708, -23.0384381 ], [ -43.307944639, -23.038709139 ], [ -43.303991847, -23.036504636 ] ] ], [ [ [ -43.316459054999989, -23.037603265 ], [ -43.316358586, -23.03718664 ], [ -43.315690529, -23.03757912 ], [ -43.316459054999989, -23.037603265 ] ] ], [ [ [ -43.196773041, -23.034721818 ], [ -43.205724827, -23.040134684 ], [ -43.20826787, -23.039866039 ], [ -43.196773041, -23.034721818 ] ] ], [ [ [ -43.60227779400001, -23.039044000999983 ], [ -43.58084642, -23.040372321 ], [ -43.578480499, -23.046090163 ], [ -43.589650228, -23.040656045 ], [ -43.60227779400001, -23.039044000999983 ] ] ], [ [ [ -43.469585488, -23.033757917 ], [ -43.46826475, -23.037817063 ], [ -43.472179549, -23.035934692 ], [ -43.469585488, -23.033757917 ] ] ], [ [ [ -43.304804105, -23.033950443 ], [ -43.304992592, -23.034081116 ], [ -43.304886328, -23.033853295 ], [ -43.304804105, -23.033950443 ] ] ], [ [ [ -43.305541497, -23.033728168 ], [ -43.305674439, -23.033241077 ], [ -43.305244831, -23.033367758 ], [ -43.305541497, -23.033728168 ] ] ], [ [ [ -43.195195087, -23.033751486 ], [ -43.194915266, -23.032478733 ], [ -43.194627251, -23.032595562 ], [ -43.195195087, -23.033751486 ] ] ], [ [ [ -43.301099711, -23.031572594 ], [ -43.29865004, -23.034157989 ], [ -43.301322946, -23.033284446 ], [ -43.301099711, -23.031572594 ] ] ], [ [ [ -43.193675448, -23.031589505 ], [ -43.192747452, -23.031674518 ], [ -43.193731491, -23.031836440999989 ], [ -43.193675448, -23.031589505 ] ] ], [ [ [ -43.605292847, -23.033155896 ], [ -43.611641447, -23.030185422 ], [ -43.607608808999984, -23.02963153 ], [ -43.605292847, -23.033155896 ] ] ], [ [ [ -43.27592338, -23.028823112 ], [ -43.276667452, -23.03073626499998 ], [ -43.278428772, -23.030182875 ], [ -43.27592338, -23.028823112 ] ] ], [ [ [ -43.192407818, -23.029005258 ], [ -43.191499524, -23.030212839 ], [ -43.192636766, -23.030115057 ], [ -43.192407818, -23.029005258 ] ] ], [ [ [ -43.602471699, -23.026282609999981 ], [ -43.603108531000011, -23.028952836999984 ], [ -43.604570626, -23.027386268 ], [ -43.602471699, -23.026282609999981 ] ] ], [ [ [ -43.19190324, -23.025331868 ], [ -43.189929246999988, -23.02688378 ], [ -43.195257123, -23.027368359 ], [ -43.19190324, -23.025331868 ] ] ], [ [ [ -43.203603694, -23.025314903 ], [ -43.202091816, -23.02744756 ], [ -43.20633491, -23.025971084 ], [ -43.203603694, -23.025314903 ] ] ], [ [ [ -43.182801599, -23.021392016 ], [ -43.18382312, -23.022408978 ], [ -43.183671298, -23.02159766 ], [ -43.182801599, -23.021392016 ] ] ], [ [ [ -43.652766685, -23.002961843 ], [ -43.65247567, -23.003173836 ], [ -43.653073242, -23.003380774 ], [ -43.652766685, -23.002961843 ] ] ], [ [ [ -43.650323732, -23.002224459 ], [ -43.650374475999989, -23.002603367 ], [ -43.650786076, -23.002599305 ], [ -43.650323732, -23.002224459 ] ] ], [ [ [ -43.660587931, -22.999467772 ], [ -43.660716789, -22.999959931 ], [ -43.661013680000011, -22.999810412 ], [ -43.660587931, -22.999467772 ] ] ], [ [ [ -43.661238630999989, -22.998401887 ], [ -43.660673257, -22.998969411 ], [ -43.661411059999985, -22.998863838 ], [ -43.661238630999989, -22.998401887 ] ] ], [ [ [ -43.695262598, -22.986355199999988 ], [ -43.696235621, -22.986698857 ], [ -43.695253418999982, -22.986219991 ], [ -43.695262598, -22.986355199999988 ] ] ], [ [ [ -43.703213992999984, -22.985664594 ], [ -43.707288134, -22.986733167 ], [ -43.702879378, -22.985225139 ], [ -43.703213992999984, -22.985664594 ] ] ], [ [ [ -43.785866915, -22.92891151 ], [ -43.783289509, -22.925723115 ], [ -43.78387784600001, -22.927971206 ], [ -43.785866915, -22.92891151 ] ] ], [ [ [ -43.81053369, -22.925549193 ], [ -43.813055126, -22.924318281 ], [ -43.809312523, -22.922765702999989 ], [ -43.81053369, -22.925549193 ] ] ], [ [ [ -43.814294894, -22.92065615600001 ], [ -43.810958045, -22.919884679 ], [ -43.81418601, -22.92106268400001 ], [ -43.814294894, -22.92065615600001 ] ] ], [ [ [ -43.840308482, -22.90625127 ], [ -43.840140531, -22.906333458 ], [ -43.840292737, -22.906401143 ], [ -43.840308482, -22.90625127 ] ] ], [ [ [ -43.840812336, -22.906463991999988 ], [ -43.840093295, -22.905661449 ], [ -43.840775597, -22.906642872 ], [ -43.840812336, -22.906463991999988 ] ] ], [ [ [ -43.8392168, -22.905782314 ], [ -43.839258787, -22.906057885999981 ], [ -43.839442485, -22.905990202 ], [ -43.8392168, -22.905782314 ] ] ], [ [ [ -43.839998822, -22.905946691 ], [ -43.839851865, -22.905535749 ], [ -43.839694411, -22.905999871000017 ], [ -43.839998822, -22.905946691 ] ] ], [ [ [ -43.839799381, -22.905680786999987 ], [ -43.839316521, -22.905762975 ], [ -43.839437236, -22.905917683 ], [ -43.839799381, -22.905680786999987 ] ] ], [ [ [ -43.83880742, -22.905530914 ], [ -43.838796922, -22.905801651999987 ], [ -43.838996364000018, -22.905448724999985 ], [ -43.83880742, -22.905530914 ] ] ], [ [ [ -43.838628971, -22.905419717999987 ], [ -43.838681456, -22.905569591 ], [ -43.838749686, -22.905410048 ], [ -43.838628971, -22.905419717999987 ] ] ], [ [ [ -43.167368598, -22.895472144 ], [ -43.174959094, -22.897519902 ], [ -43.174717757, -22.89314796 ], [ -43.167368598, -22.895472144 ] ] ], [ [ [ -43.211094452999987, -22.887144564 ], [ -43.207361765, -22.889039460999985 ], [ -43.209106003, -22.891952228 ], [ -43.211094452999987, -22.887144564 ] ] ], [ [ [ -43.195519336, -22.887090457 ], [ -43.197659248, -22.888109635 ], [ -43.197818423, -22.887770861 ], [ -43.195519336, -22.887090457 ] ] ], [ [ [ -43.175598518999983, -22.882811635 ], [ -43.173600625, -22.884149119 ], [ -43.176923558, -22.884243612 ], [ -43.175598518999983, -22.882811635 ] ] ], [ [ [ -43.236238821, -22.861133625999983 ], [ -43.208316232, -22.858529007 ], [ -43.215665201, -22.870530775999988 ], [ -43.236238821, -22.861133625999983 ] ] ], [ [ [ -43.17298369400001, -22.838418096999984 ], [ -43.175631806, -22.837591794 ], [ -43.175704403000012, -22.836589913 ], [ -43.17298369400001, -22.838418096999984 ] ] ], [ [ [ -43.254316779, -22.825498812999989 ], [ -43.254166277999985, -22.825763416 ], [ -43.254536212, -22.825463181 ], [ -43.254316779, -22.825498812999989 ] ] ], [ [ [ -43.259922078, -22.825091083 ], [ -43.257582157, -22.826289971 ], [ -43.259203576, -22.826619001 ], [ -43.259922078, -22.825091083 ] ] ], [ [ [ -43.255552597, -22.824526546 ], [ -43.254572998, -22.824768646 ], [ -43.254661498, -22.825319453 ], [ -43.255552597, -22.824526546 ] ] ], [ [ [ -43.230882139, -22.784383796 ], [ -43.170190652, -22.831243975000017 ], [ -43.265675295, -22.812849803 ], [ -43.230882139, -22.784383796 ] ] ], [ [ [ -43.169191664, -22.767542469999988 ], [ -43.169345088, -22.767774319 ], [ -43.169419479, -22.767598947 ], [ -43.169191664, -22.767542469999988 ] ] ], [ [ [ -43.16919569, -22.766943688 ], [ -43.169214561, -22.766997055 ], [ -43.169230445, -22.766959643 ], [ -43.16919569, -22.766943688 ] ] ], [ [ [ -43.180811719, -22.725984838 ], [ -43.181304468, -22.726206071 ], [ -43.181386524, -22.725961348 ], [ -43.180811719, -22.725984838 ] ] ], [ [ [ -43.147821931, -23.064944325 ], [ -43.142853985, -23.06410213 ], [ -43.142328751, -23.065887141 ], [ -43.147821931, -23.064944325 ] ] ], [ [ [ -43.149876346, -22.962275556 ], [ -43.149011111, -22.965816579 ], [ -43.151430079, -22.966739261 ], [ -43.149876346, -22.962275556 ] ] ], [ [ [ -43.114956746, -22.952126638000014 ], [ -43.116707977999987, -22.952080769 ], [ -43.116718238, -22.951801137 ], [ -43.114956746, -22.952126638000014 ] ] ], [ [ [ -43.148478511, -22.935310288 ], [ -43.147890596000011, -22.935097669 ], [ -43.148578482, -22.93546373 ], [ -43.148478511, -22.935310288 ] ] ], [ [ [ -43.146136984, -22.934202187 ], [ -43.147241399, -22.934986934 ], [ -43.147419312, -22.934637344999988 ], [ -43.146136984, -22.934202187 ] ] ], [ [ [ -43.160633571, -22.912949652 ], [ -43.160550274, -22.916554002 ], [ -43.161366245000011, -22.916422773 ], [ -43.160633571, -22.912949652 ] ] ], [ [ [ -43.125765084, -22.910039148 ], [ -43.125198079, -22.909970479 ], [ -43.126092777, -22.910625053 ], [ -43.125765084, -22.910039148 ] ] ], [ [ [ -43.131180009, -22.908981798 ], [ -43.130871502, -22.908887556 ], [ -43.130842008, -22.908985558000012 ], [ -43.131180009, -22.908981798 ] ] ], [ [ [ -43.16699491, -22.896882147 ], [ -43.165853082, -22.897016892 ], [ -43.166838723, -22.897335808 ], [ -43.16699491, -22.896882147 ] ] ], [ [ [ -43.118109813, -22.87574045 ], [ -43.120040415, -22.87725761 ], [ -43.125057653, -22.87459902 ], [ -43.118109813, -22.87574045 ] ] ], [ [ [ -43.138182118, -22.869081392 ], [ -43.131500191, -22.873678642 ], [ -43.13839091900001, -22.875632311 ], [ -43.138182118, -22.869081392 ] ] ], [ [ [ -43.128961251, -22.866244909 ], [ -43.128175671, -22.861543854 ], [ -43.126378707, -22.862585995 ], [ -43.128961251, -22.866244909 ] ] ], [ [ [ -43.118951724, -22.86368160200001 ], [ -43.126617845, -22.861900539 ], [ -43.11678232, -22.858479093 ], [ -43.118951724, -22.86368160200001 ] ] ], [ [ [ -43.11595657, -22.854542164999987 ], [ -43.116484034, -22.85383657 ], [ -43.115783821, -22.853734337 ], [ -43.11595657, -22.854542164999987 ] ] ], [ [ [ -43.115540417, -22.833559914 ], [ -43.104739526, -22.834766122 ], [ -43.107812581, -22.840785695 ], [ -43.115540417, -22.833559914 ] ] ], [ [ [ -43.167563977, -22.829222934 ], [ -43.167170411, -22.829325306 ], [ -43.167566252, -22.829329856 ], [ -43.167563977, -22.829222934 ] ] ], [ [ [ -43.16314477, -22.819897760999989 ], [ -43.162478701, -22.819711319 ], [ -43.162787087, -22.820319272 ], [ -43.16314477, -22.819897760999989 ] ] ], [ [ [ -43.16526291, -22.813091781 ], [ -43.160698882, -22.81459428 ], [ -43.161662644, -22.815131693999987 ], [ -43.16526291, -22.813091781 ] ] ], [ [ [ -43.120074685, -22.806234036 ], [ -43.120953789, -22.806161736 ], [ -43.120365152, -22.805705846 ], [ -43.120074685, -22.806234036 ] ] ], [ [ [ -43.124255816, -22.805978211 ], [ -43.123288637, -22.807045472 ], [ -43.123764783, -22.807120018 ], [ -43.124255816, -22.805978211 ] ] ], [ [ [ -43.116955286, -22.802587356 ], [ -43.119614235, -22.803847344999987 ], [ -43.119206591, -22.802809707 ], [ -43.116955286, -22.802587356 ] ] ], [ [ [ -43.108328229, -22.801099358 ], [ -43.11166566, -22.801668195 ], [ -43.108884556, -22.800035067 ], [ -43.108328229, -22.801099358 ] ] ], [ [ [ -43.169318414, -22.80005449 ], [ -43.168476449, -22.800239293 ], [ -43.1692805, -22.800682653999985 ], [ -43.169318414, -22.80005449 ] ] ], [ [ [ -43.157717573, -22.799863657 ], [ -43.157497612, -22.800336924 ], [ -43.157839455, -22.800288588999987 ], [ -43.157717573, -22.799863657 ] ] ], [ [ [ -43.123924087, -22.798405215 ], [ -43.122715336, -22.799013548 ], [ -43.123733327, -22.799298229 ], [ -43.123924087, -22.798405215 ] ] ], [ [ [ -43.111675539, -22.795700173 ], [ -43.113438615, -22.797311701 ], [ -43.113774411, -22.796394966 ], [ -43.111675539, -22.795700173 ] ] ], [ [ [ -43.121141438, -22.79650137 ], [ -43.122752890000015, -22.796356908 ], [ -43.121198305, -22.795699432 ], [ -43.121141438, -22.79650137 ] ] ], [ [ [ -43.155821023, -22.794624566000014 ], [ -43.15579111200001, -22.794726341 ], [ -43.155856309, -22.794653627 ], [ -43.155821023, -22.794624566000014 ] ] ], [ [ [ -43.155470926999989, -22.794587409 ], [ -43.155499542999983, -22.794651227 ], [ -43.155538214, -22.794619191999988 ], [ -43.155470926999989, -22.794587409 ] ] ], [ [ [ -43.156005962, -22.794377319 ], [ -43.155922673, -22.794498311 ], [ -43.155945474, -22.794512534 ], [ -43.156005962, -22.794377319 ] ] ], [ [ [ -43.154938528, -22.794193277 ], [ -43.154883199, -22.794178010999989 ], [ -43.154890389, -22.794208429 ], [ -43.154938528, -22.794193277 ] ] ], [ [ [ -43.154986417, -22.794109868 ], [ -43.154876439, -22.794115638 ], [ -43.154941187, -22.794169473 ], [ -43.154986417, -22.794109868 ] ] ], [ [ [ -43.154849838, -22.794094203 ], [ -43.154830718, -22.794124859 ], [ -43.154864779, -22.794113335000013 ], [ -43.154849838, -22.794094203 ] ] ], [ [ [ -43.155818008, -22.794036293999987 ], [ -43.155797576999987, -22.794040644 ], [ -43.155806612, -22.794050456999983 ], [ -43.155818008, -22.794036293999987 ] ] ], [ [ [ -43.155761107, -22.794540616 ], [ -43.155621743, -22.794645531 ], [ -43.155766032999985, -22.794586956999989 ], [ -43.155963903, -22.794612019999985 ], [ -43.155761107, -22.794540616 ] ] ], [ [ [ -43.15575045, -22.792094614 ], [ -43.15576136, -22.792047154 ], [ -43.155699161, -22.792089942 ], [ -43.15575045, -22.792094614 ] ] ], [ [ [ -43.155420131, -22.791986866000013 ], [ -43.155504262, -22.792077524 ], [ -43.155532553, -22.791999148 ], [ -43.155420131, -22.791986866000013 ] ] ], [ [ [ -43.155574598, -22.791957079 ], [ -43.155499391999989, -22.791931499 ], [ -43.155512279, -22.791964594 ], [ -43.155574598, -22.791957079 ] ] ], [ [ [ -43.1556927, -22.791877452 ], [ -43.155651804000016, -22.791944245 ], [ -43.155706718, -22.791936642999985 ], [ -43.1556927, -22.791877452 ] ] ], [ [ [ -43.155515919, -22.791903718 ], [ -43.155535804, -22.791891762999981 ], [ -43.155513207, -22.791888117 ], [ -43.155515919, -22.791903718 ] ] ], [ [ [ -43.15560579200001, -22.791840754999988 ], [ -43.15554430600001, -22.791896327 ], [ -43.155622882, -22.791891744 ], [ -43.15560579200001, -22.791840754999988 ] ] ], [ [ [ -43.155820543, -22.79183683 ], [ -43.15577205, -22.791811008 ], [ -43.155783373, -22.791855871 ], [ -43.155820543, -22.79183683 ] ] ], [ [ [ -43.155520528, -22.791832695 ], [ -43.155488456, -22.791827585 ], [ -43.155489679, -22.791845198999987 ], [ -43.155520528, -22.791832695 ] ] ], [ [ [ -43.155372894, -22.791754322 ], [ -43.155401147, -22.791746413 ], [ -43.155370208, -22.791733700000012 ], [ -43.155372894, -22.791754322 ] ] ], [ [ [ -43.155720709, -22.791777564 ], [ -43.155674549, -22.791685056 ], [ -43.155708841, -22.791778799 ], [ -43.155720709, -22.791777564 ] ] ], [ [ [ -43.152151074, -22.790284758 ], [ -43.152349747, -22.790395186 ], [ -43.152228419, -22.790181364 ], [ -43.152151074, -22.790284758 ] ] ], [ [ [ -43.151973927, -22.790229258 ], [ -43.151218546999985, -22.789699941999988 ], [ -43.15181662, -22.790722683 ], [ -43.151973927, -22.790229258 ] ] ], [ [ [ -43.149344733, -22.789494462 ], [ -43.148646657, -22.78905218 ], [ -43.148589099, -22.789455982 ], [ -43.149344733, -22.789494462 ] ] ], [ [ [ -43.150935894, -22.786868285 ], [ -43.15063467, -22.788073778 ], [ -43.151615004, -22.78747469 ], [ -43.150935894, -22.786868285 ] ] ], [ [ [ -43.138093696, -22.782659659 ], [ -43.137479133, -22.783301583 ], [ -43.138351217, -22.783044828 ], [ -43.138093696, -22.782659659 ] ] ], [ [ [ -43.14044583, -22.781666437999988 ], [ -43.140503289, -22.782214387 ], [ -43.140892512, -22.781905605999984 ], [ -43.14044583, -22.781666437999988 ] ] ], [ [ [ -43.138666324, -22.776478821 ], [ -43.138192342000011, -22.777344006 ], [ -43.138521899, -22.777270622 ], [ -43.138666324, -22.776478821 ] ] ], [ [ [ -43.141585729, -22.776605439 ], [ -43.139587641, -22.776058753999987 ], [ -43.139156244999988, -22.776890926 ], [ -43.141585729, -22.776605439 ] ] ], [ [ [ -43.159840906, -22.775495002999982 ], [ -43.15279326, -22.771686695 ], [ -43.152057122, -22.774141382 ], [ -43.159840906, -22.775495002999982 ] ] ], [ [ [ -43.115125669, -22.76970531 ], [ -43.114419462, -22.769674185999989 ], [ -43.115340697, -22.770424691 ], [ -43.115125669, -22.76970531 ] ] ], [ [ [ -43.117116776, -22.769124147 ], [ -43.116379992, -22.769219668 ], [ -43.117101035, -22.769470225 ], [ -43.117116776, -22.769124147 ] ] ], [ [ [ -43.168955009, -22.768751746 ], [ -43.169032368, -22.768733822999987 ], [ -43.168967937000012, -22.768695465 ], [ -43.168955009, -22.768751746 ] ] ], [ [ [ -43.167816377, -22.767843775 ], [ -43.167948024, -22.769081189 ], [ -43.168496196999989, -22.76871365900001 ], [ -43.167816377, -22.767843775 ] ] ], [ [ [ -43.168719377, -22.768124576 ], [ -43.168577199, -22.767980109 ], [ -43.168634809, -22.768162561 ], [ -43.168719377, -22.768124576 ] ] ], [ [ [ -43.168363262, -22.767802929 ], [ -43.168427542000011, -22.767935372 ], [ -43.168619359, -22.767809578 ], [ -43.168363262, -22.767802929 ] ] ], [ [ [ -43.168205673, -22.767752569999988 ], [ -43.168318801, -22.767674102 ], [ -43.168312331, -22.767559016999982 ], [ -43.168205673, -22.767752569999988 ] ] ], [ [ [ -43.167807797000016, -22.767571776 ], [ -43.168044199, -22.767704341 ], [ -43.168018193, -22.767403531 ], [ -43.167807797000016, -22.767571776 ] ] ], [ [ [ -43.168778057, -22.767640153 ], [ -43.168743401, -22.767387474 ], [ -43.168633409, -22.767530903 ], [ -43.168778057, -22.767640153 ] ] ], [ [ [ -43.168674794, -22.76740346 ], [ -43.168525179, -22.767366498 ], [ -43.168519294999989, -22.767507411 ], [ -43.168674794, -22.76740346 ] ] ], [ [ [ -43.168820572, -22.767154225999981 ], [ -43.169145898, -22.767521942999984 ], [ -43.169148758, -22.767157992 ], [ -43.168820572, -22.767154225999981 ] ] ], [ [ [ -43.168267222, -22.767190678999988 ], [ -43.168340398999987, -22.767256444000015 ], [ -43.168367106, -22.767204809999985 ], [ -43.168267222, -22.767190678999988 ] ] ], [ [ [ -43.169157189, -22.76699899 ], [ -43.169113231, -22.767043858 ], [ -43.169172244, -22.767023794 ], [ -43.169157189, -22.76699899 ] ] ], [ [ [ -43.168963026, -22.76697991 ], [ -43.168872331, -22.767068317 ], [ -43.168942116, -22.767079489 ], [ -43.168963026, -22.76697991 ] ] ], [ [ [ -43.169168293, -22.766900396 ], [ -43.169138841, -22.766801536 ], [ -43.169119381, -22.766897242 ], [ -43.169168293, -22.766900396 ] ] ], [ [ [ -43.168724487, -22.766721239 ], [ -43.16868717700001, -22.76679211 ], [ -43.168751523, -22.766791552 ], [ -43.168724487, -22.766721239 ] ] ], [ [ [ -43.16917937, -22.766697937 ], [ -43.169089507, -22.766619124999988 ], [ -43.169098069, -22.766711265 ], [ -43.16917937, -22.766697937 ] ] ], [ [ [ -43.120901408, -22.756485162 ], [ -43.114541776, -22.756370003 ], [ -43.120082036, -22.758457761 ], [ -43.120901408, -22.756485162 ] ] ], [ [ [ -43.128792183, -22.748032481 ], [ -43.12564261, -22.746582111999988 ], [ -43.124099922, -22.748321419 ], [ -43.128792183, -22.748032481 ] ] ], [ [ [ -42.929360373, -23.02492808900001 ], [ -42.929082674, -23.0251968 ], [ -42.929314487, -23.025228502 ], [ -42.929360373, -23.02492808900001 ] ] ], [ [ [ -42.928159608, -23.022154525 ], [ -42.927881138, -23.024294199 ], [ -42.928962898, -23.024278973 ], [ -42.928159608, -23.022154525 ] ] ], [ [ [ -42.920903143, -23.012874147 ], [ -42.919567779, -23.016649090999987 ], [ -42.923895511, -23.018638143 ], [ -42.920903143, -23.012874147 ] ] ], [ [ [ -42.907191631000011, -23.006917532 ], [ -42.908786373, -23.007358341 ], [ -42.906903862999989, -23.005575354999987 ], [ -42.907191631000011, -23.006917532 ] ] ], [ [ [ -42.907712198, -23.004688683 ], [ -42.908400245, -23.006011368 ], [ -42.909512251, -23.005906573 ], [ -42.907712198, -23.004688683 ] ] ], [ [ [ -42.013046615, -22.998889833999989 ], [ -41.974574657, -22.992163855 ], [ -42.000685788, -23.016711981 ], [ -42.013046615, -22.998889833999989 ] ] ], [ [ [ -43.0812768, -22.985708118 ], [ -43.085687023, -22.989659563 ], [ -43.08886802100001, -22.988020794 ], [ -43.0812768, -22.985708118 ] ] ], [ [ [ -42.037750279, -22.98431315 ], [ -42.036979418, -22.984267175 ], [ -42.037396082, -22.984692578 ], [ -42.037750279, -22.98431315 ] ] ], [ [ [ -43.06265555, -22.981128839 ], [ -43.067264176, -22.986240578 ], [ -43.068503649, -22.985876043 ], [ -43.06265555, -22.981128839 ] ] ], [ [ [ -42.037134271, -22.981089726 ], [ -42.038233827, -22.983350003 ], [ -42.038138545, -22.980569711 ], [ -42.037134271, -22.981089726 ] ] ], [ [ [ -43.054704689, -22.978865098999989 ], [ -43.052933321, -22.979448439 ], [ -43.054830191, -22.981109579999984 ], [ -43.054704689, -22.978865098999989 ] ] ], [ [ [ -41.993155120999987, -22.963397711999985 ], [ -41.985433145, -22.963837098 ], [ -41.992808032, -22.969318853 ], [ -41.993155120999987, -22.963397711999985 ] ] ], [ [ [ -42.691348248, -22.962294045 ], [ -42.691569387, -22.961762011 ], [ -42.691005836, -22.962129837 ], [ -42.691348248, -22.962294045 ] ] ], [ [ [ -43.102118431, -22.956896713999985 ], [ -43.105595953, -22.95682556400001 ], [ -43.102093741, -22.955314918 ], [ -43.102118431, -22.956896713999985 ] ] ], [ [ [ -42.467953969, -22.943923089 ], [ -42.469455043, -22.94441562 ], [ -42.468018317, -22.943556165 ], [ -42.467953969, -22.943923089 ] ] ], [ [ [ -42.029062949, -22.9412229 ], [ -42.029844704, -22.940528012 ], [ -42.02876701600001, -22.939862398 ], [ -42.029062949, -22.9412229 ] ] ], [ [ [ -42.476766168, -22.939809301 ], [ -42.475712658, -22.939435363 ], [ -42.476144168, -22.940489044 ], [ -42.476766168, -22.939809301 ] ] ], [ [ [ -42.475579291999985, -22.938931107 ], [ -42.475332962, -22.939187546999989 ], [ -42.475536452, -22.939236862 ], [ -42.475579291999985, -22.938931107 ] ] ], [ [ [ -42.474658232, -22.938497132 ], [ -42.474701072, -22.938753572 ], [ -42.474925983, -22.938625352 ], [ -42.474658232, -22.938497132 ] ] ], [ [ [ -42.474465452, -22.938102608 ], [ -42.474422612, -22.938516859000011 ], [ -42.474701072, -22.93832946 ], [ -42.474465452, -22.938102608 ] ] ], [ [ [ -42.473501553, -22.937944798 ], [ -42.473458713, -22.938546447 ], [ -42.473672912, -22.937865893 ], [ -42.473501553, -22.937944798 ] ] ], [ [ [ -43.101949016, -22.931352182 ], [ -43.101611018, -22.930962435 ], [ -43.101447349, -22.931148131 ], [ -43.101949016, -22.931352182 ] ] ], [ [ [ -41.989049371, -22.892201458000013 ], [ -41.976292027, -22.899567038 ], [ -41.980823657999984, -22.902640799 ], [ -41.989049371, -22.892201458000013 ] ] ], [ [ [ -41.961045345, -22.885287696 ], [ -41.960328944, -22.88319843 ], [ -41.960717283, -22.885450750999986 ], [ -41.961045345, -22.885287696 ] ] ], [ [ [ -41.959250634, -22.88416831100001 ], [ -41.959132706, -22.881812651 ], [ -41.958148971, -22.882249179999981 ], [ -41.959250634, -22.88416831100001 ] ] ], [ [ [ -41.939746109, -22.876768564 ], [ -41.941989878, -22.879976014 ], [ -41.942960625, -22.87849136 ], [ -41.939746109, -22.876768564 ] ] ], [ [ [ -41.953361907, -22.872443999 ], [ -41.953199958, -22.876137761999978 ], [ -41.953935707, -22.875880126 ], [ -41.953361907, -22.872443999 ] ] ], [ [ [ -41.938508363, -22.870084963999989 ], [ -41.937962619, -22.870004132000012 ], [ -41.938295637, -22.870404427 ], [ -41.938508363, -22.870084963999989 ] ] ], [ [ [ -41.945524755, -22.863760196999987 ], [ -41.940305071, -22.873606726 ], [ -41.947908806, -22.874104696 ], [ -41.945524755, -22.863760196999987 ] ] ], [ [ [ -41.921347544, -22.863587738 ], [ -41.918319744, -22.864187317999988 ], [ -41.920267636, -22.865532872 ], [ -41.921347544, -22.863587738 ] ] ], [ [ [ -41.922953541, -22.863347549 ], [ -41.923168306, -22.864848113999987 ], [ -41.924804465, -22.864321863 ], [ -41.922953541, -22.863347549 ] ] ], [ [ [ -43.104008361, -22.847771416999983 ], [ -43.10565311, -22.846181918 ], [ -43.103699628, -22.845851024 ], [ -43.104008361, -22.847771416999983 ] ] ], [ [ [ -43.107512629, -22.846788532 ], [ -43.10841034, -22.847073921 ], [ -43.107803196, -22.846459617 ], [ -43.107512629, -22.846788532 ] ] ], [ [ [ -43.095203605, -22.819226971 ], [ -43.101959905000015, -22.829695936 ], [ -43.10439198, -22.829375232 ], [ -43.095203605, -22.819226971 ] ] ], [ [ [ -41.919123709, -22.815603986 ], [ -41.918165533, -22.817029432 ], [ -41.919453886, -22.816689446 ], [ -41.919123709, -22.815603986 ] ] ], [ [ [ -41.91778396, -22.816265227 ], [ -41.9173694, -22.815716546999987 ], [ -41.917431067, -22.816217716 ], [ -41.91778396, -22.816265227 ] ] ], [ [ [ -41.91967889, -22.815750774 ], [ -41.919276685, -22.815303869 ], [ -41.919120243, -22.815502171999988 ], [ -41.91967889, -22.815750774 ] ] ], [ [ [ -41.923286825, -22.813376836 ], [ -41.920861261, -22.813476063 ], [ -41.920196754, -22.814659669 ], [ -41.923286825, -22.813376836 ] ] ], [ [ [ -43.105042392, -22.791026586 ], [ -43.104582499, -22.791273876 ], [ -43.104631297, -22.791985042 ], [ -43.105042392, -22.791026586 ] ] ], [ [ [ -43.105246956, -22.790149746 ], [ -43.106151533999984, -22.791707185 ], [ -43.106585195, -22.79138472 ], [ -43.105246956, -22.790149746 ] ] ], [ [ [ -43.101192746, -22.789412793 ], [ -43.100946491, -22.789648618 ], [ -43.101621565, -22.789939661999984 ], [ -43.101192746, -22.789412793 ] ] ], [ [ [ -43.099490672, -22.788252276 ], [ -43.100277725000012, -22.789317191999988 ], [ -43.100576869, -22.788961443 ], [ -43.099490672, -22.788252276 ] ] ], [ [ [ -43.106083221, -22.776501249 ], [ -43.106174101, -22.777771515 ], [ -43.106999933, -22.776927292 ], [ -43.106083221, -22.776501249 ] ] ], [ [ [ -43.072662836, -22.774246037 ], [ -43.07262773, -22.774698396 ], [ -43.072864492, -22.774565071 ], [ -43.072662836, -22.774246037 ] ] ], [ [ [ -43.072848182, -22.773657069 ], [ -43.074311627, -22.774119128 ], [ -43.073904119, -22.773375905 ], [ -43.072848182, -22.773657069 ] ] ], [ [ [ -43.102301471, -22.762845290000023 ], [ -43.101526446, -22.762939019 ], [ -43.102150601, -22.763278228999987 ], [ -43.102301471, -22.762845290000023 ] ] ], [ [ [ -43.069580081, -22.76026415 ], [ -43.069878372, -22.76066507 ], [ -43.069743927, -22.760211871999985 ], [ -43.069580081, -22.76026415 ] ] ], [ [ [ -43.112813522, -22.754069864 ], [ -43.102478735000012, -22.765091377 ], [ -43.110739384, -22.769593738 ], [ -43.112813522, -22.754069864 ] ] ], [ [ [ -43.030727711, -22.740388427 ], [ -43.030836885, -22.747209304 ], [ -43.032734833, -22.742387425 ], [ -43.030727711, -22.740388427 ] ] ], [ [ [ -41.94142112, -22.739385388 ], [ -41.941600412, -22.73938348 ], [ -41.94141349, -22.739337703 ], [ -41.94142112, -22.739385388 ] ] ], [ [ [ -41.946920284, -22.739441018999987 ], [ -41.941847521, -22.739128181 ], [ -41.943673492, -22.7410268 ], [ -41.946920284, -22.739441018999987 ] ] ], [ [ [ -41.946002572, -22.736604473 ], [ -41.94640311500001, -22.736554883 ], [ -41.945972056, -22.73652055 ], [ -41.946002572, -22.736604473 ] ] ], [ [ [ -41.940780252, -22.736032268999988 ], [ -41.940497964, -22.736333628999979 ], [ -41.940772622, -22.736863874 ], [ -41.940780252, -22.736032268999988 ] ] ], [ [ [ -41.945999063, -22.727726495999981 ], [ -41.94584224, -22.727881936 ], [ -41.946209811, -22.727977656 ], [ -41.945999063, -22.727726495999981 ] ] ], [ [ [ -41.924183617, -22.721899244999985 ], [ -41.922071806, -22.725473204 ], [ -41.926537471, -22.723721657 ], [ -41.924183617, -22.721899244999985 ] ] ], [ [ [ -43.063876758, -22.694821019 ], [ -43.06398399, -22.694273890999984 ], [ -43.06349764, -22.694677348 ], [ -43.063876758, -22.694821019 ] ] ], [ [ [ -43.104783242, -22.692383123 ], [ -43.105358291, -22.691966911 ], [ -43.104870634, -22.691973552 ], [ -43.104783242, -22.692383123 ] ] ], [ [ [ -43.060353436, -22.68991501 ], [ -43.061963959, -22.690715415 ], [ -43.060476348, -22.689454753 ], [ -43.060353436, -22.68991501 ] ] ], [ [ [ -41.983205612, -22.596894616 ], [ -41.982212025, -22.596467521 ], [ -41.983047813, -22.597051419 ], [ -41.983205612, -22.596894616 ] ] ], [ [ [ -41.933861101, -22.541738159 ], [ -41.934699079, -22.541504715 ], [ -41.933776873, -22.541608555999971 ], [ -41.933861101, -22.541738159 ] ] ], [ [ [ -41.941511816, -22.541086798 ], [ -41.941930358, -22.541738552 ], [ -41.942095033, -22.541145225 ], [ -41.941511816, -22.541086798 ] ] ], [ [ [ -41.935262581000011, -22.540761686 ], [ -41.935028831, -22.540617814 ], [ -41.935131123, -22.540815674 ], [ -41.935262581000011, -22.540761686 ] ] ], [ [ [ -41.941669075, -22.540481349999979 ], [ -41.94150504400001, -22.540443201999977 ], [ -41.941562263, -22.540551921999985 ], [ -41.941669075, -22.540481349999979 ] ] ], [ [ [ -41.93374595, -22.540488978 ], [ -41.933814614, -22.540378353999987 ], [ -41.933669655, -22.540330669 ], [ -41.93374595, -22.540488978 ] ] ], [ [ [ -41.934115974, -22.540405056999987 ], [ -41.933959573, -22.540218136999986 ], [ -41.934081713, -22.540492754 ], [ -41.934115974, -22.540405056999987 ] ] ], [ [ [ -41.934112161, -22.540076992 ], [ -41.934333411, -22.539949199 ], [ -41.934032051, -22.539895795 ], [ -41.934112161, -22.540076992 ] ] ], [ [ [ -41.943137735, -22.539756557 ], [ -41.943023294, -22.539626857999984 ], [ -41.942920297, -22.539823315 ], [ -41.943137735, -22.539756557 ] ] ], [ [ [ -41.935878365, -22.539426586 ], [ -41.935676186, -22.539459012 ], [ -41.935870737, -22.539497158 ], [ -41.935878365, -22.539426586 ] ] ], [ [ [ -41.937358281, -22.538517501 ], [ -41.937755947, -22.540042968 ], [ -41.938122099, -22.539902580999989 ], [ -41.937358281, -22.538517501 ] ] ], [ [ [ -41.918931261, -22.531855806 ], [ -41.919701481, -22.533675797 ], [ -41.919900125, -22.532938749999989 ], [ -41.918931261, -22.531855806 ] ] ], [ [ [ -41.918521493, -22.531503461 ], [ -41.91875419, -22.531757137999989 ], [ -41.9187313, -22.531499645 ], [ -41.918521493, -22.531503461 ] ] ], [ [ [ -41.91968116, -22.526580593 ], [ -41.919749826, -22.526925823 ], [ -41.919932932, -22.526857158999977 ], [ -41.91968116, -22.526580593 ] ] ], [ [ [ -44.171449753, -22.659428447 ], [ -44.392007834, -22.572355243 ], [ -44.640248552999985, -22.608057923 ], [ -44.809085869, -22.403383601 ], [ -43.765705447, -22.062175472 ], [ -43.245467, -22.006574108 ], [ -43.074129015, -22.093349339999978 ], [ -42.269429011, -21.716983066999983 ], [ -42.369119437, -21.619455779 ], [ -42.079920264, -21.035103083999985 ], [ -42.150949977, -20.974028955 ], [ -41.976152268, -20.935792440999982 ], [ -41.874738201, -20.765934254 ], [ -41.711786144, -20.868997767 ], [ -41.717065162, -21.125279049 ], [ -40.959291054, -21.302922764999987 ], [ -41.073268502, -21.516778728999984 ], [ -40.987514106999988, -22.006063245 ], [ -41.674361795000017, -22.29130151 ], [ -41.962440104, -22.535201809999982 ], [ -41.997840492, -22.609332822 ], [ -41.987956613, -22.710437558 ], [ -41.925922005, -22.770335934 ], [ -41.863772958, -22.754951261 ], [ -41.970817177, -22.823398373 ], [ -42.028686206, -22.898424599999988 ], [ -42.033687563, -22.945180584999978 ], [ -41.994830695, -22.961865039999982 ], [ -42.012766949, -22.997445223 ], [ -42.07391171, -22.955523521 ], [ -42.361293317, -22.935465536999974 ], [ -42.604746547, -22.93383962 ], [ -43.051714566, -22.981818264 ], [ -43.051944836, -22.963631886 ], [ -43.13530092, -22.937975056 ], [ -43.098624791, -22.931574559 ], [ -43.026237238, -22.743482222 ], [ -43.032568134, -22.693760504 ], [ -43.084640878, -22.676958566 ], [ -43.213010042, -22.726562557999983 ], [ -43.278629964, -22.780486309 ], [ -43.266889807, -22.823484226 ], [ -43.232437511, -22.869207198 ], [ -43.224729765, -22.875301145 ], [ -43.201385748, -22.871460886 ], [ -43.215972408, -22.88634385 ], [ -43.210843739, -22.897606424 ], [ -43.16153781300001, -22.905277928 ], [ -43.190115601, -22.990696446 ], [ -43.445596384, -23.0229183 ], [ -43.564614079, -23.075528653 ], [ -43.562373013, -23.053156352 ], [ -43.564414309, -23.051316913 ], [ -43.578074532, -23.04560808 ], [ -43.577171289, -23.043649953000013 ], [ -43.579220239, -23.040215198 ], [ -43.580768469, -23.038623283000017 ], [ -43.622915886, -23.007870205999989 ], [ -43.796785539, -22.916540849 ], [ -43.801436633, -22.924511632 ], [ -43.810222447, -22.917569003999986 ], [ -43.849357419, -22.931633559 ], [ -43.83737754, -22.903953788 ], [ -43.856766005, -22.901869496000014 ], [ -44.05377475, -22.942293359 ], [ -44.237644422, -23.05653456 ], [ -44.249355132, -22.997834215 ], [ -44.293815587, -23.025329193 ], [ -44.301293152, -23.00218863200001 ], [ -44.358498233, -23.023688484 ], [ -44.29987133, -22.958667138 ], [ -44.318944271, -22.956469169 ], [ -44.333010267, -22.967719974 ], [ -44.322848362, -22.931501003 ], [ -44.329433607, -22.932565672 ], [ -44.331119468999987, -22.925811667 ], [ -44.33993089, -22.92218602 ], [ -44.364376887, -22.924102168 ], [ -44.359973836, -22.931917662999989 ], [ -44.373739994, -22.941629513 ], [ -44.370312262, -22.948401472 ], [ -44.34948319, -22.945788807 ], [ -44.376860502, -22.969861600000012 ], [ -44.395836741, -22.947743283 ], [ -44.414293026, -22.954095675 ], [ -44.407870508, -22.950736119 ], [ -44.409287741, -22.943351853 ], [ -44.412243561, -22.940871218 ], [ -44.434685583, -22.963337833 ], [ -44.441359681, -23.026596123 ], [ -44.477530628, -23.005810744 ], [ -44.668552646, -23.054168567 ], [ -44.691019494, -23.08275616000001 ], [ -44.721050235, -23.198000981 ], [ -44.713611873, -23.233631839 ], [ -44.659051811, -23.208077985999985 ], [ -44.643454598, -23.185224759 ], [ -44.625118661, -23.222368402999987 ], [ -44.662709957, -23.214001152 ], [ -44.69237056, -23.252473013 ], [ -44.613408053, -23.233570678 ], [ -44.65727253, -23.292163221 ], [ -44.648029507, -23.301904638999989 ], [ -44.560258908, -23.226378088 ], [ -44.583415806, -23.268042512999983 ], [ -44.537993168, -23.26673341 ], [ -44.504729972, -23.291154016 ], [ -44.506433599, -23.299710865 ], [ -44.777150155999983, -23.338498795 ], [ -44.889320551, -23.22659492 ], [ -44.791898182, -22.981875898 ], [ -44.27225261, -22.832107509 ], [ -44.171449753, -22.659428447 ] ] ], [ [ [ -41.906743331, -22.856710662 ], [ -41.904157567, -22.859985249999987 ], [ -41.912620245, -22.862366705 ], [ -41.906743331, -22.856710662 ] ] ], [ [ [ -41.902937113, -22.850381379 ], [ -41.903251087, -22.850763743 ], [ -41.90350349900001, -22.850392370999987 ], [ -41.902937113, -22.850381379 ] ] ], [ [ [ -41.890745625, -22.843220045 ], [ -41.891850732, -22.846438969 ], [ -41.893638669, -22.845649219 ], [ -41.890745625, -22.843220045 ] ] ], [ [ [ -41.896419136, -22.786285184 ], [ -41.89648780200001, -22.785747311 ], [ -41.89637336, -22.786329052 ], [ -41.896419136, -22.786285184 ] ] ], [ [ [ -41.892159868, -22.784609715 ], [ -41.89212478, -22.784771467 ], [ -41.892223665, -22.784592069 ], [ -41.892159868, -22.784609715 ] ] ], [ [ [ -41.82893659, -22.784448680999986 ], [ -41.828432717, -22.784603090999983 ], [ -41.829174436000017, -22.784755207 ], [ -41.82893659, -22.784448680999986 ] ] ], [ [ [ -41.829755929, -22.784404759 ], [ -41.828913176, -22.784029741999984 ], [ -41.829231665, -22.784533623 ], [ -41.829755929, -22.784404759 ] ] ], [ [ [ -41.902595132, -22.783557673999983 ], [ -41.902392952, -22.783519526999985 ], [ -41.902522654, -22.783628245999989 ], [ -41.902595132, -22.783557673999983 ] ] ], [ [ [ -41.899901956, -22.782628795 ], [ -41.899783699, -22.782644055 ], [ -41.899806589, -22.782747052 ], [ -41.899901956, -22.782628795 ] ] ], [ [ [ -41.899848549, -22.782346509 ], [ -41.899901956, -22.78245904 ], [ -41.899989694, -22.782321712 ], [ -41.899848549, -22.782346509 ] ] ], [ [ [ -41.82642808300001, -22.772054728 ], [ -41.821161047, -22.773665780999984 ], [ -41.825379111, -22.776361823999988 ], [ -41.82642808300001, -22.772054728 ] ] ], [ [ [ -41.789637373, -22.767431266999989 ], [ -41.784906813, -22.770837381 ], [ -41.79386332, -22.771701622999981 ], [ -41.789637373, -22.767431266999989 ] ] ], [ [ [ -41.872053556, -22.766727520999986 ], [ -41.872586, -22.765958589000011 ], [ -41.872196033, -22.765763962 ], [ -41.872053556, -22.766727520999986 ] ] ], [ [ [ -41.903752441, -22.755406820999987 ], [ -41.903596703, -22.756135538 ], [ -41.904052381, -22.755888200000012 ], [ -41.903752441, -22.755406820999987 ] ] ], [ [ [ -41.887547142, -22.752898442 ], [ -41.886954289999984, -22.752489269 ], [ -41.887146922, -22.752944771 ], [ -41.887547142, -22.752898442 ] ] ], [ [ [ -41.874149133, -22.729550388 ], [ -41.874781266, -22.731331353 ], [ -41.875489044, -22.730838217999985 ], [ -41.874149133, -22.729550388 ] ] ], [ [ [ -41.90914038, -22.537137067000018 ], [ -41.908868147, -22.536921546 ], [ -41.908755798, -22.537013342 ], [ -41.90914038, -22.537137067000018 ] ] ], [ [ [ -41.909481504, -22.536430958 ], [ -41.909397499, -22.536562863 ], [ -41.909561309, -22.536450353999985 ], [ -41.909481504, -22.536430958 ] ] ], [ [ [ -41.91699905, -22.53220056 ], [ -41.916336056, -22.5325279 ], [ -41.917090865, -22.532470458 ], [ -41.91699905, -22.53220056 ] ] ], [ [ [ -41.884879678, -22.489728711 ], [ -41.884563058, -22.489805004 ], [ -41.884944529, -22.489829798999981 ], [ -41.884879678, -22.489728711 ] ] ], [ [ [ -41.883866285, -22.489474024 ], [ -41.883584767, -22.489828449999987 ], [ -41.88404322, -22.489608620999988 ], [ -41.883866285, -22.489474024 ] ] ], [ [ [ -41.884914009, -22.489400645999982 ], [ -41.884879678, -22.489583751 ], [ -41.885085672, -22.48944833 ], [ -41.884914009, -22.489400645999982 ] ] ], [ [ [ -41.884017555, -22.487878582 ], [ -41.884654611, -22.488239072 ], [ -41.884761422, -22.487886210999989 ], [ -41.884017555, -22.487878582 ] ] ], [ [ [ -41.864541697, -22.479234572 ], [ -41.86509888, -22.478391289 ], [ -41.864235826, -22.479251568 ], [ -41.864541697, -22.479234572 ] ] ], [ [ [ -41.848433324, -22.478458301 ], [ -41.848504658, -22.478965989 ], [ -41.848884552, -22.478754741 ], [ -41.848433324, -22.478458301 ] ] ], [ [ [ -41.849698192, -22.478411945 ], [ -41.849793802, -22.478866026 ], [ -41.849991656, -22.478795306 ], [ -41.849698192, -22.478411945 ] ] ], [ [ [ -41.850961933, -22.477810728 ], [ -41.850613765, -22.478544469 ], [ -41.85133097, -22.478638167999989 ], [ -41.850961933, -22.477810728 ] ] ], [ [ [ -41.861088867, -22.475105691999982 ], [ -41.861813249, -22.475130446000016 ], [ -41.861760977, -22.474757878 ], [ -41.861088867, -22.475105691999982 ] ] ], [ [ [ -41.856589333, -22.474279134 ], [ -41.858206609, -22.474321829 ], [ -41.857599509, -22.473395012 ], [ -41.856589333, -22.474279134 ] ] ], [ [ [ -41.857714394, -22.473370286 ], [ -41.858083489, -22.472811465999989 ], [ -41.857415171, -22.473121501 ], [ -41.857714394, -22.473370286 ] ] ], [ [ [ -41.855993706, -22.467974926 ], [ -41.85684831, -22.467205340999975 ], [ -41.856342501, -22.466699868 ], [ -41.855993706, -22.467974926 ] ] ], [ [ [ -41.851055562, -22.465128049 ], [ -41.851445878, -22.464764534 ], [ -41.850910478999985, -22.465024842999981 ], [ -41.851055562, -22.465128049 ] ] ], [ [ [ -41.85220194, -22.464091865 ], [ -41.852275873, -22.463883915 ], [ -41.851938636, -22.464049003 ], [ -41.85220194, -22.464091865 ] ] ], [ [ [ -41.85396921000001, -22.462570186999987 ], [ -41.853426774, -22.463720259 ], [ -41.854131718, -22.463277825 ], [ -41.85396921000001, -22.462570186999987 ] ] ], [ [ [ -41.852153391, -22.462686321 ], [ -41.852470009, -22.462884685 ], [ -41.852599712, -22.462568064999981 ], [ -41.852153391, -22.462686321 ] ] ], [ [ [ -41.854934303, -22.456943293999984 ], [ -41.854709237, -22.457031032 ], [ -41.854842752, -22.457128306999987 ], [ -41.854934303, -22.456943293999984 ] ] ], [ [ [ -41.855144112, -22.456962369 ], [ -41.854972452, -22.456931851 ], [ -41.855125038, -22.4569967 ], [ -41.855144112, -22.456962369 ] ] ], [ [ [ -41.854232399, -22.454889079999987 ], [ -41.853854744, -22.455762646 ], [ -41.854297249, -22.455270551 ], [ -41.854232399, -22.454889079999987 ] ] ], [ [ [ -41.854343025, -22.454759380999988 ], [ -41.854346841, -22.454946300999985 ], [ -41.854503244999982, -22.454957745 ], [ -41.854343025, -22.454759380999988 ] ] ], [ [ [ -41.851027234999989, -22.4538383 ], [ -41.852008328000011, -22.455082564 ], [ -41.852541345, -22.454005605 ], [ -41.851027234999989, -22.4538383 ] ] ], [ [ [ -41.828841989, -22.425448173999978 ], [ -41.828609603, -22.425784162 ], [ -41.829026706, -22.425723574 ], [ -41.828841989, -22.425448173999978 ] ] ], [ [ [ -41.828115037, -22.424418171 ], [ -41.828037575, -22.424627477 ], [ -41.828216334, -22.424434694999988 ], [ -41.828115037, -22.424418171 ] ] ], [ [ [ -41.827584720000011, -22.424440204 ], [ -41.827829023, -22.424544857 ], [ -41.82779923, -22.424434695 ], [ -41.827584720000011, -22.424440204 ] ] ], [ [ [ -41.827894568, -22.424247420999986 ], [ -41.828037575, -22.424346567 ], [ -41.82803757500001, -22.424285977999986 ], [ -41.827894568, -22.424247420999986 ] ] ], [ [ [ -41.717269309, -22.416926919 ], [ -41.711930756, -22.419959679 ], [ -41.713259687, -22.422077552 ], [ -41.717269309, -22.416926919 ] ] ], [ [ [ -41.710848141, -22.41481336 ], [ -41.698007375, -22.411426138999985 ], [ -41.702596176, -22.420734593 ], [ -41.710848141, -22.41481336 ] ] ], [ [ [ -41.800521461, -22.409972928 ], [ -41.800788491, -22.410075924 ], [ -41.800628274, -22.409726879999987 ], [ -41.800521461, -22.409972928 ] ] ], [ [ [ -41.691190346, -22.403157942999989 ], [ -41.690368143, -22.402963006 ], [ -41.690543485999989, -22.403526711 ], [ -41.691190346, -22.403157942999989 ] ] ], [ [ [ -41.688745986, -22.401275874999989 ], [ -41.688499024, -22.401982799999981 ], [ -41.68917264800001, -22.4017842 ], [ -41.688745986, -22.401275874999989 ] ] ], [ [ [ -41.697610053, -22.399706850999987 ], [ -41.690364117, -22.401533392 ], [ -41.695183315, -22.405412767 ], [ -41.697610053, -22.399706850999987 ] ] ], [ [ [ -41.686032749, -22.398976808 ], [ -41.688407059, -22.400500628 ], [ -41.688968724, -22.399491898 ], [ -41.686032749, -22.398976808 ] ] ], [ [ [ -41.765317392999989, -22.391387006 ], [ -41.76658204200001, -22.391940566 ], [ -41.766236285, -22.390645657 ], [ -41.765317392999989, -22.391387006 ] ] ], [ [ [ -41.76509175, -22.390568757 ], [ -41.764069563, -22.390591947 ], [ -41.764820077, -22.391022099 ], [ -41.76509175, -22.390568757 ] ] ], [ [ [ -41.759140172, -22.384736953999987 ], [ -41.759268531, -22.382683331 ], [ -41.758194056, -22.383313053999981 ], [ -41.759140172, -22.384736953999987 ] ] ], [ [ [ -41.116389507, -22.081671439 ], [ -41.116521715, -22.081257967 ], [ -41.116389507, -22.081212026 ], [ -41.116389507, -22.081671439 ] ] ], [ [ [ -41.027213661, -21.621589444 ], [ -41.027255623, -21.623103878 ], [ -41.029788581, -21.621419688999982 ], [ -41.027213661, -21.621589444 ] ] ], [ [ [ -41.023051826, -21.620647213 ], [ -41.024779883, -21.622983714 ], [ -41.028506844, -21.620719693 ], [ -41.023051826, -21.620647213 ] ] ], [ [ [ -41.015880196, -21.621377727 ], [ -41.016864388, -21.621061106999985 ], [ -41.015563576, -21.620956203 ], [ -41.015880196, -21.621377727 ] ] ], [ [ [ -41.01726493200001, -21.619716426999986 ], [ -41.016700356, -21.620776913 ], [ -41.017566292, -21.620565197000012 ], [ -41.01726493200001, -21.619716426999986 ] ] ], [ [ [ -41.018924325, -21.620467922999985 ], [ -41.01768073400001, -21.619550487 ], [ -41.017573923, -21.619743131999986 ], [ -41.018924325, -21.620467922999985 ] ] ], [ [ [ -41.015826791, -21.620067379 ], [ -41.016913978, -21.619388363 ], [ -41.015307992, -21.619083188 ], [ -41.015826791, -21.620067379 ] ] ], [ [ [ -41.012849089, -21.614945753 ], [ -41.014816173000014, -21.618714904 ], [ -41.01600243, -21.610715811 ], [ -41.012849089, -21.614945753 ] ] ], [ [ [ -41.03679677600001, -21.596380102999984 ], [ -41.045911012, -21.616217952 ], [ -41.045526172000017, -21.584928379 ], [ -41.03679677600001, -21.596380102999984 ] ] ], [ [ [ -41.04757089, -21.582922665 ], [ -41.048495247, -21.583406157999988 ], [ -41.048033068, -21.582707778 ], [ -41.04757089, -21.582922665 ] ] ], [ [ [ -41.036060585, -21.463679091 ], [ -41.036491897, -21.464044217 ], [ -41.036179965, -21.463621305 ], [ -41.036060585, -21.463679091 ] ] ], [ [ [ -41.03637680100001, -21.463004385 ], [ -41.035627557, -21.463468649 ], [ -41.035839786, -21.463603296 ], [ -41.03637680100001, -21.463004385 ] ] ] ] } },
{ "type": "Feature", "properties": { "abbrev_state": "SP", "name_state": "São Paulo", "name_region": "Sudeste" }, "geometry": { "type": "MultiPolygon", "coordinates": [ [ [ [ -48.037497279, -25.357999778 ], [ -48.03680876, -25.355857718 ], [ -48.035414721, -25.356818245 ], [ -48.037497279, -25.357999778 ] ] ], [ [ [ -47.956933442, -25.272553862 ], [ -47.953343465, -25.274464142 ], [ -47.957628928, -25.273027555 ], [ -47.956933442, -25.272553862 ] ] ], [ [ [ -47.909180653, -25.166961261 ], [ -47.914755764, -25.166739245 ], [ -47.911421146, -25.16285213 ], [ -47.909180653, -25.166961261 ] ] ], [ [ [ -47.861068252, -25.133450477 ], [ -47.860253236, -25.130921632 ], [ -47.859639871, -25.132461385 ], [ -47.861068252, -25.133450477 ] ] ], [ [ [ -47.865471532, -25.122115377000011 ], [ -47.849475945, -25.120890456999987 ], [ -47.864827223, -25.128419609 ], [ -47.865471532, -25.122115377000011 ] ] ], [ [ [ -46.676188843, -24.475956067 ], [ -46.671384797, -24.488663239 ], [ -46.676247206, -24.491996805 ], [ -46.677936641, -24.48470545 ], [ -46.676188843, -24.475956067 ] ] ], [ [ [ -47.03133249, -24.428716148 ], [ -47.031059583, -24.428525641 ], [ -47.031122904, -24.428800790000011 ], [ -47.03133249, -24.428716148 ] ] ], [ [ [ -46.993607763, -24.410980157 ], [ -46.994105766, -24.411502369 ], [ -46.994455837, -24.411182744 ], [ -46.993607763, -24.410980157 ] ] ], [ [ [ -47.000578355, -24.408464192 ], [ -47.002060259, -24.41063082 ], [ -47.003416502, -24.409750391999982 ], [ -47.000578355, -24.408464192 ] ] ], [ [ [ -46.999488557, -24.408544031 ], [ -46.999511911, -24.408035271 ], [ -46.999162266, -24.408177081 ], [ -46.999488557, -24.408544031 ] ] ], [ [ [ -47.007362012, -24.396122851 ], [ -47.007714941, -24.396432742 ], [ -47.007711409, -24.396203827999987 ], [ -47.007362012, -24.396122851 ] ] ], [ [ [ -46.988281008, -24.384026824 ], [ -46.986465216, -24.384681667 ], [ -46.988525874, -24.385310402 ], [ -46.988281008, -24.384026824 ] ] ], [ [ [ -46.987232149, -24.379664398 ], [ -46.984398919, -24.382260459 ], [ -46.98722749800001, -24.381949388 ], [ -46.987232149, -24.379664398 ] ] ], [ [ [ -46.806889815, -24.374016995999988 ], [ -46.806380867, -24.376264863 ], [ -46.80802060500001, -24.375943889999988 ], [ -46.806889815, -24.374016995999988 ] ] ], [ [ [ -46.804215075, -24.375453019 ], [ -46.803557908, -24.373616614 ], [ -46.80328195, -24.373790802 ], [ -46.804215075, -24.375453019 ] ] ], [ [ [ -47.004560216, -24.367618532 ], [ -47.0052223, -24.367774932999989 ], [ -47.004940251999983, -24.367283661 ], [ -47.004560216, -24.367618532 ] ] ], [ [ [ -46.979781448, -24.360528485 ], [ -46.980683994, -24.362809152 ], [ -46.981039674, -24.362695865 ], [ -46.979781448, -24.360528485 ] ] ], [ [ [ -46.99958185500001, -24.349597605 ], [ -46.999565563, -24.349383725 ], [ -46.999482186, -24.349401268 ], [ -46.99958185500001, -24.349597605 ] ] ], [ [ [ -46.890875386, -24.254388172 ], [ -46.890136594, -24.253824537 ], [ -46.889516662, -24.254455228 ], [ -46.890875386, -24.254388172 ] ] ], [ [ [ -46.690705529, -24.237618863 ], [ -46.690406685, -24.236644339 ], [ -46.690326023999987, -24.23757632 ], [ -46.690705529, -24.237618863 ] ] ], [ [ [ -46.793302791, -24.193725624 ], [ -46.791616740999984, -24.194906033 ], [ -46.792446831, -24.195226695999981 ], [ -46.793302791, -24.193725624 ] ] ], [ [ [ -46.270694165, -24.049889038 ], [ -46.270954786, -24.049671878 ], [ -46.270442223000011, -24.049545415 ], [ -46.270694165, -24.049889038 ] ] ], [ [ [ -46.262809109, -24.045290759 ], [ -46.260751806, -24.052441243 ], [ -46.26736526700001, -24.050158157 ], [ -46.262809109, -24.045290759 ] ] ], [ [ [ -46.294095373, -24.028056442999986 ], [ -46.29459338, -24.027574618 ], [ -46.2941896, -24.027495687 ], [ -46.294095373, -24.028056442999986 ] ] ], [ [ [ -46.292658322, -24.024552921 ], [ -46.29288825, -24.02605397 ], [ -46.293660461, -24.025765891 ], [ -46.292658322, -24.024552921 ] ] ], [ [ [ -46.325064333, -24.008156034 ], [ -46.324157712, -24.009388872 ], [ -46.325411544, -24.009389192 ], [ -46.325064333, -24.008156034 ] ] ], [ [ [ -46.255054394, -24.000901929 ], [ -46.25362527, -24.002683874 ], [ -46.255940217, -24.001220581999984 ], [ -46.255054394, -24.000901929 ] ] ], [ [ [ -46.367817608, -23.982538341 ], [ -46.368195451, -23.982043135 ], [ -46.367649696, -23.982101152 ], [ -46.367817608, -23.982538341 ] ] ], [ [ [ -46.352476545, -23.974929397 ], [ -46.352607653, -23.973206888999989 ], [ -46.351363049, -23.973192731 ], [ -46.352476545, -23.974929397 ] ] ], [ [ [ -52.077789404, -21.515222541 ], [ -51.861959988, -21.341617533999987 ], [ -51.875861858, -21.13614741 ], [ -51.623587257, -20.944432889 ], [ -51.603295953, -20.661695513 ], [ -51.348085155, -20.35951802200001 ], [ -51.117582989, -20.286944576999986 ], [ -50.96583449, -20.033590673 ], [ -50.478187687, -19.781457797 ], [ -50.01528835900001, -19.926357761 ], [ -49.25950502100001, -19.963842165999985 ], [ -49.245200727, -20.282142846 ], [ -49.172561708, -20.312535082 ], [ -49.000426313, -20.160748096 ], [ -48.898202428, -20.441873089 ], [ -48.825743215, -20.161957488 ], [ -48.254687801, -20.143815786 ], [ -48.234826713, -20.028275566 ], [ -48.105487413, -20.146355956 ], [ -47.975969317, -20.035372667 ], [ -47.895462811, -20.125258263 ], [ -47.856150189, -19.990544792 ], [ -47.634764342, -20.049247843000011 ], [ -47.470511918, -19.96070169 ], [ -47.25704435, -20.166203997 ], [ -47.292765579, -20.447733619000012 ], [ -47.096895797, -20.644528274 ], [ -47.240044257, -20.885281697 ], [ -47.011507927, -21.422272817 ], [ -46.665531173, -21.361158224 ], [ -46.509252136, -21.469898927 ], [ -46.690970547, -21.836963849 ], [ -46.613262381, -22.014962691 ], [ -46.723421725, -22.076895563000011 ], [ -46.59853002, -22.136389533 ], [ -46.723260254, -22.306623841 ], [ -46.406952235, -22.539932536 ], [ -46.393058871, -22.662974059 ], [ -46.478890364, -22.698276749 ], [ -46.334541461999983, -22.760300075 ], [ -46.356310722, -22.90030326 ], [ -45.78916643, -22.858124299999982 ], [ -45.713412246, -22.756947159 ], [ -45.817991548, -22.711367555 ], [ -45.693992663, -22.651709887999989 ], [ -45.718454772999984, -22.577991391 ], [ -45.666184756, -22.651201173 ], [ -45.473856577, -22.588894225 ], [ -45.397876483, -22.653423818 ], [ -44.805386952999989, -22.403847904 ], [ -44.640248552999985, -22.608057923 ], [ -44.382397778, -22.573494188000012 ], [ -44.161365164, -22.678258449 ], [ -44.27225261, -22.832107509 ], [ -44.791898182, -22.981875898 ], [ -44.889320551, -23.22659492 ], [ -44.723987201, -23.368606869 ], [ -44.908010601, -23.334071645 ], [ -45.061396429, -23.420221614 ], [ -45.081754329, -23.52154208 ], [ -45.087643304, -23.493529991 ], [ -45.169081719, -23.492789192999989 ], [ -45.227493519, -23.537126269 ], [ -45.210962783, -23.582735018 ], [ -45.297614008, -23.572241384 ], [ -45.407472949, -23.624340374 ], [ -45.423296556, -23.82967008 ], [ -45.765925191, -23.762493871 ], [ -45.941151586, -23.775717776000011 ], [ -46.128397417, -23.844086342 ], [ -46.178871265, -23.924183812 ], [ -46.160411051, -23.945524285000012 ], [ -46.184704259, -23.96537931 ], [ -46.187247423, -23.977430600000012 ], [ -46.182242947, -23.991086288999981 ], [ -46.24739758, -23.99385812700001 ], [ -46.265198026, -24.004051885 ], [ -46.262981166, -24.014077026 ], [ -46.279213274000014, -24.021309258 ], [ -46.283061184, -24.043269373 ], [ -46.29496554, -24.015986767 ], [ -46.324362684, -24.022252576 ], [ -46.317459084, -23.979053242 ], [ -46.357743784, -23.970954389 ], [ -46.368886568, -23.981882302999985 ], [ -46.377887025, -23.969518228 ], [ -46.820292586, -24.204243428 ], [ -46.995738564, -24.327413341999986 ], [ -47.018239426, -24.378836065 ], [ -47.008373205, -24.414519267 ], [ -47.140843407, -24.489543233 ], [ -47.227026094, -24.571251955 ], [ -47.591915045, -24.777861963 ], [ -47.800267041, -24.936752157 ], [ -47.913872495, -25.159154083 ], [ -48.09947445400001, -25.312321299 ], [ -48.027550199, -25.220508773 ], [ -48.191361333, -25.196241324 ], [ -48.250281059, -24.977417787 ], [ -48.333670865, -25.070573555 ], [ -48.41115266, -24.980231682999985 ], [ -48.528583798000014, -25.100789318 ], [ -48.582661681, -25.051646105 ], [ -48.499306312, -24.738967587 ], [ -48.582034946, -24.670701585 ], [ -49.305397609, -24.673649759 ], [ -49.201210611, -24.34270024 ], [ -49.610736502, -23.851694927 ], [ -49.566624145, -23.426420091 ], [ -49.67831987, -23.165061654999981 ], [ -49.911602198, -23.051118641 ], [ -49.986164925, -22.897504763 ], [ -50.237537602, -22.954146227 ], [ -50.661585437, -22.89547747 ], [ -50.736369966, -22.963351013000015 ], [ -50.88871895, -22.796531238 ], [ -51.265199856, -22.667697405 ], [ -51.718173637, -22.669021089 ], [ -52.109212428, -22.51629516400001 ], [ -52.222577222, -22.675535358 ], [ -52.584922847, -22.565933151 ], [ -52.70825136500001, -22.628061851 ], [ -52.972424983, -22.570484295 ], [ -53.087786899999983, -22.65844487 ], [ -53.058002404, -22.536929952 ], [ -52.415018886, -22.14882595 ], [ -52.055825419, -21.677158813 ], [ -52.077789404, -21.515222541 ] ] ], [ [ [ -46.163300599, -24.330471093 ], [ -46.160712565, -24.327669968 ], [ -46.162976925, -24.331318668 ], [ -46.163300599, -24.330471093 ] ] ], [ [ [ -46.18338231300001, -24.321320924 ], [ -46.180065965, -24.318077917 ], [ -46.179863768999986, -24.319220338 ], [ -46.18338231300001, -24.321320924 ] ] ], [ [ [ -45.703983691, -24.105907080999987 ], [ -45.680082163, -24.097988318000013 ], [ -45.706276964, -24.113172075 ], [ -45.703983691, -24.105907080999987 ] ] ], [ [ [ -45.702286489, -24.09558799 ], [ -45.701609986, -24.09585957900001 ], [ -45.702498822, -24.096585461999986 ], [ -45.702286489, -24.09558799 ] ] ], [ [ [ -45.705316677, -24.093885871 ], [ -45.704235978, -24.093536427 ], [ -45.704245547, -24.093883164 ], [ -45.705316677, -24.093885871 ] ] ], [ [ [ -45.659098925, -24.088946408 ], [ -45.658313786, -24.088689633 ], [ -45.659036212, -24.089266882999983 ], [ -45.659098925, -24.088946408 ] ] ], [ [ [ -45.663474359, -24.083654466 ], [ -45.663184706, -24.082539533999988 ], [ -45.663179814, -24.083797905 ], [ -45.663474359, -24.083654466 ] ] ], [ [ [ -45.717142398999989, -24.079924721 ], [ -45.716144927, -24.079954348 ], [ -45.717117709, -24.080245689 ], [ -45.717142398999989, -24.079924721 ] ] ], [ [ [ -45.718283072, -24.076917491 ], [ -45.716609097, -24.076300244 ], [ -45.717952228, -24.077584119 ], [ -45.718283072, -24.076917491 ] ] ], [ [ [ -45.65605176, -24.076920387 ], [ -45.65536666, -24.074919547 ], [ -45.654177542999989, -24.074915915 ], [ -45.65605176, -24.076920387 ] ] ], [ [ [ -46.216530634, -24.007586943 ], [ -46.217740516, -24.010271393 ], [ -46.219515292, -24.010544001 ], [ -46.216530634, -24.007586943 ] ] ], [ [ [ -46.182936188, -23.971471691 ], [ -46.181356785, -23.975337493 ], [ -46.184228514, -23.975038021999985 ], [ -46.182936188, -23.971471691 ] ] ], [ [ [ -46.17605492, -23.97021568 ], [ -46.177164113, -23.970476958 ], [ -46.175931855, -23.969680232999988 ], [ -46.17605492, -23.97021568 ] ] ], [ [ [ -46.167829162, -23.966357491 ], [ -46.16583416, -23.967409393 ], [ -46.168077178, -23.967773557 ], [ -46.167829162, -23.966357491 ] ] ], [ [ [ -46.169952134, -23.927057254 ], [ -46.170205315, -23.927923142 ], [ -46.170484873, -23.927873621 ], [ -46.169952134, -23.927057254 ] ] ], [ [ [ -46.167371691, -23.914788223 ], [ -46.16794712, -23.915949163 ], [ -46.168328587, -23.914805171999987 ], [ -46.167371691, -23.914788223 ] ] ], [ [ [ -46.135917905999989, -23.891852912 ], [ -46.136800953, -23.893355933 ], [ -46.13759759, -23.892379524 ], [ -46.135917905999989, -23.891852912 ] ] ], [ [ [ -46.12920243, -23.88383669 ], [ -46.130153156999988, -23.884830522 ], [ -46.130391237, -23.884866306 ], [ -46.12920243, -23.88383669 ] ] ], [ [ [ -46.135263673, -23.8713547 ], [ -46.135606816, -23.87268153 ], [ -46.135925091, -23.872637366999989 ], [ -46.135263673, -23.8713547 ] ] ], [ [ [ -45.784654494, -23.859699676 ], [ -45.777082413, -23.86864906 ], [ -45.786976207, -23.86846717 ], [ -45.784654494, -23.859699676 ] ] ], [ [ [ -45.526521832, -23.850059593 ], [ -45.520529892, -23.848666819 ], [ -45.525206214, -23.856346857 ], [ -45.526521832, -23.850059593 ] ] ], [ [ [ -45.542540685, -23.827741433999989 ], [ -45.541179894, -23.828374983 ], [ -45.542683457, -23.82886576 ], [ -45.542540685, -23.827741433999989 ] ] ], [ [ [ -46.026069765, -23.825646228 ], [ -46.025893164, -23.826961633 ], [ -46.026762946, -23.826703164999987 ], [ -46.026069765, -23.825646228 ] ] ], [ [ [ -45.47008103200001, -23.823561446 ], [ -45.469844096, -23.823752522999989 ], [ -45.470165105, -23.823928314 ], [ -45.47008103200001, -23.823561446 ] ] ], [ [ [ -45.670735003, -23.804987804 ], [ -45.670143355999983, -23.807017476 ], [ -45.671480114, -23.807278743 ], [ -45.670735003, -23.804987804 ] ] ], [ [ [ -45.721621055999989, -23.79918521 ], [ -45.716305169, -23.806270214 ], [ -45.726185282, -23.802295677 ], [ -45.721621055999989, -23.79918521 ] ] ], [ [ [ -45.711093017, -23.787159849 ], [ -45.710919673999989, -23.789902928 ], [ -45.717662554, -23.793544916 ], [ -45.711093017, -23.787159849 ] ] ], [ [ [ -45.800400057, -23.772856711 ], [ -45.799223646, -23.773410777 ], [ -45.800637806, -23.773550904 ], [ -45.800400057, -23.772856711 ] ] ], [ [ [ -45.74694907100001, -23.771528436 ], [ -45.746528699999985, -23.771840227 ], [ -45.747253449, -23.771880064000015 ], [ -45.74694907100001, -23.771528436 ] ] ], [ [ [ -45.753761401, -23.769755285 ], [ -45.753392711, -23.769463729 ], [ -45.753529091, -23.769773532 ], [ -45.753761401, -23.769755285 ] ] ], [ [ [ -45.300663373, -23.922388376000011 ], [ -45.300307838, -23.922610585 ], [ -45.300885581999985, -23.922734034 ], [ -45.300663373, -23.922388376000011 ] ] ], [ [ [ -45.298088971000013, -23.920352292 ], [ -45.297299399, -23.9204624 ], [ -45.298176331, -23.920744569 ], [ -45.298088971000013, -23.920352292 ] ] ], [ [ [ -45.296495719, -23.919351519000013 ], [ -45.296406835, -23.918136775999983 ], [ -45.296036486000013, -23.918240474 ], [ -45.296495719, -23.919351519000013 ] ] ], [ [ [ -45.325456965, -23.919489782 ], [ -45.323155867, -23.914630810999988 ], [ -45.32256331, -23.914482672 ], [ -45.325456965, -23.919489782 ] ] ], [ [ [ -45.262925848, -23.887810266 ], [ -45.264145664, -23.889963766 ], [ -45.265094802999982, -23.888884142 ], [ -45.262925848, -23.887810266 ] ] ], [ [ [ -45.258945942, -23.889148291 ], [ -45.259975955, -23.888735434 ], [ -45.258545727, -23.888265968 ], [ -45.258945942, -23.889148291 ] ] ], [ [ [ -45.286343234, -23.860866095 ], [ -45.285735862, -23.859626663 ], [ -45.285538343, -23.859740236 ], [ -45.286343234, -23.860866095 ] ] ], [ [ [ -45.417734893999985, -23.853058046 ], [ -45.417064443, -23.853330832 ], [ -45.417915891, -23.853194270999982 ], [ -45.417734893999985, -23.853058046 ] ] ], [ [ [ -45.278984941, -23.850955697000011 ], [ -45.276945251, -23.850783708 ], [ -45.277269111, -23.851494852999988 ], [ -45.278984941, -23.850955697000011 ] ] ], [ [ [ -45.333571878, -23.722577472 ], [ -45.229833214, -23.776332733999983 ], [ -45.290917446, -23.866013611 ], [ -45.251706311, -23.968053873 ], [ -45.291686503, -23.910312987 ], [ -45.460388012, -23.914199709 ], [ -45.366712084, -23.811324895 ], [ -45.333571878, -23.722577472 ] ] ], [ [ [ -45.443955468, -23.831303286 ], [ -45.443174686, -23.831994834999978 ], [ -45.443714541, -23.832222377999987 ], [ -45.443955468, -23.831303286 ] ] ], [ [ [ -45.393300909, -23.830260609 ], [ -45.392185225, -23.828782303 ], [ -45.391742332, -23.828692347 ], [ -45.393300909, -23.830260609 ] ] ], [ [ [ -45.412977106, -23.827943472999987 ], [ -45.412770743, -23.828284863999986 ], [ -45.41336945, -23.82836639 ], [ -45.412977106, -23.827943472999987 ] ] ], [ [ [ -45.154472928, -23.826288136 ], [ -45.153316863, -23.828510022 ], [ -45.155892009, -23.828605003 ], [ -45.154472928, -23.826288136 ] ] ], [ [ [ -45.406363302, -23.81639989 ], [ -45.406269038, -23.816180788 ], [ -45.406149296, -23.81631072 ], [ -45.406363302, -23.81639989 ] ] ], [ [ [ -45.407527597, -23.814873823 ], [ -45.406732717, -23.814927325 ], [ -45.406480496, -23.815431767 ], [ -45.407527597, -23.814873823 ] ] ], [ [ [ -45.406304704999989, -23.81369679 ], [ -45.405711094, -23.813918438999988 ], [ -45.405774786, -23.814247090999988 ], [ -45.406304704999989, -23.81369679 ] ] ], [ [ [ -45.229437773, -23.812211566 ], [ -45.226115277, -23.813290402 ], [ -45.228326109, -23.814444703 ], [ -45.229437773, -23.812211566 ] ] ], [ [ [ -45.156449719, -23.810453726999988 ], [ -45.114932472, -23.803805916 ], [ -45.117188029, -23.812272905999986 ], [ -45.156449719, -23.810453726999988 ] ] ], [ [ [ -45.293390853999988, -23.595166963 ], [ -45.282725352, -23.601107282 ], [ -45.29557467, -23.601616707 ], [ -45.293390853999988, -23.595166963 ] ] ], [ [ [ -45.309419422, -23.585927483999988 ], [ -45.309976348, -23.58716573 ], [ -45.310513418, -23.58612975 ], [ -45.309419422, -23.585927483999988 ] ] ], [ [ [ -45.310450598, -23.58374575 ], [ -45.312111281, -23.581692297 ], [ -45.310948472, -23.581284009 ], [ -45.310450598, -23.58374575 ] ] ], [ [ [ -45.16268031, -23.569962929 ], [ -45.146385865, -23.567265112 ], [ -45.145202844, -23.571338326999985 ], [ -45.16268031, -23.569962929 ] ] ], [ [ [ -45.150772856, -23.558227753 ], [ -45.151797392000013, -23.559405086999988 ], [ -45.151553294, -23.558029434 ], [ -45.150772856, -23.558227753 ] ] ], [ [ [ -45.155575673, -23.550301781000012 ], [ -45.15504731, -23.550020316 ], [ -45.155353464, -23.550765951 ], [ -45.155575673, -23.550301781000012 ] ] ], [ [ [ -45.21813909, -23.549621855 ], [ -45.216261195, -23.550815763 ], [ -45.218821646, -23.550856273000011 ], [ -45.21813909, -23.549621855 ] ] ], [ [ [ -45.154860511, -23.546897636 ], [ -45.155701817, -23.547824579 ], [ -45.155852107, -23.547230712 ], [ -45.154860511, -23.546897636 ] ] ], [ [ [ -45.154390558, -23.533957069999985 ], [ -45.153827629, -23.533512652 ], [ -45.154197977, -23.534164466 ], [ -45.154390558, -23.533957069999985 ] ] ], [ [ [ -45.211172605, -23.532350281999982 ], [ -45.21064105, -23.533548235 ], [ -45.214294342, -23.531886079 ], [ -45.211172605, -23.532350281999982 ] ] ], [ [ [ -45.102618985, -23.499286167 ], [ -45.101950263999989, -23.499020967 ], [ -45.102234387, -23.499637572 ], [ -45.102618985, -23.499286167 ] ] ], [ [ [ -45.02384789, -23.746275827999984 ], [ -45.007027145, -23.751696378 ], [ -45.01475122, -23.761257728 ], [ -45.02384789, -23.746275827999984 ] ] ], [ [ [ -45.02972045700001, -23.736495339 ], [ -45.032852804, -23.739641888 ], [ -45.033863764, -23.738995675 ], [ -45.02972045700001, -23.736495339 ] ] ], [ [ [ -45.025379681, -23.737167539 ], [ -45.022516088, -23.739952574 ], [ -45.024320255, -23.739989452 ], [ -45.025379681, -23.737167539 ] ] ], [ [ [ -45.079287912, -23.563118155 ], [ -45.075869048, -23.563302579 ], [ -45.078771948, -23.564705067 ], [ -45.079287912, -23.563118155 ] ] ], [ [ [ -45.024331089, -23.549979532999984 ], [ -45.024573282, -23.549715241 ], [ -45.024392079, -23.54966309 ], [ -45.024331089, -23.549979532999984 ] ] ], [ [ [ -45.026336522, -23.544115321999989 ], [ -45.026164382, -23.547625333 ], [ -45.032985404, -23.548219412 ], [ -45.026336522, -23.544115321999989 ] ] ], [ [ [ -45.077700556, -23.561239391 ], [ -45.050848192, -23.527663296 ], [ -45.04081068, -23.541187137 ], [ -45.077700556, -23.561239391 ] ] ], [ [ [ -45.02314401400001, -23.543403424 ], [ -45.022961309, -23.543640446999987 ], [ -45.023218084, -23.543650323 ], [ -45.02314401400001, -23.543403424 ] ] ], [ [ [ -45.041877741, -23.518722749 ], [ -45.041219157, -23.516377991 ], [ -45.039897463999985, -23.516971188 ], [ -45.041877741, -23.518722749 ] ] ], [ [ [ -45.052473275, -23.468639331999984 ], [ -45.052626935, -23.468218367 ], [ -45.052177159, -23.468082314 ], [ -45.052473275, -23.468639331999984 ] ] ], [ [ [ -45.058270746, -23.467843821 ], [ -45.0584084, -23.468346417 ], [ -45.058797352, -23.468136735 ], [ -45.058270746, -23.467843821 ] ] ], [ [ [ -44.90160389, -23.426408024 ], [ -44.905829212, -23.426571851 ], [ -44.901153119999989, -23.424263774 ], [ -44.90160389, -23.426408024 ] ] ], [ [ [ -44.859979716, -23.421658815 ], [ -44.861173129, -23.423701581999985 ], [ -44.861867794, -23.422882716 ], [ -44.859979716, -23.421658815 ] ] ], [ [ [ -44.859642115, -23.425129902 ], [ -44.849541264, -23.420977195 ], [ -44.853596759, -23.426600968 ], [ -44.859642115, -23.425129902 ] ] ], [ [ [ -45.008623092, -23.413687337999985 ], [ -45.008138347, -23.413166486 ], [ -45.00812671, -23.413611613 ], [ -45.008623092, -23.413687337999985 ] ] ], [ [ [ -44.93593099000001, -23.412324809000012 ], [ -44.935876394, -23.412589989 ], [ -44.936102577, -23.412543193 ], [ -44.93593099000001, -23.412324809000012 ] ] ], [ [ [ -44.84953332500001, -23.404837546 ], [ -44.85036339, -23.403880035000011 ], [ -44.849391623, -23.404001723 ], [ -44.84953332500001, -23.404837546 ] ] ], [ [ [ -44.89694821, -23.403155296 ], [ -44.897834743, -23.402726328 ], [ -44.897468171, -23.402279162 ], [ -44.89694821, -23.403155296 ] ] ], [ [ [ -44.856591949, -23.399935828 ], [ -44.855588892, -23.398710452999982 ], [ -44.854734254, -23.399118371999986 ], [ -44.856591949, -23.399935828 ] ] ], [ [ [ -44.847188357, -23.39452792 ], [ -44.852080378, -23.403197717 ], [ -44.854196414, -23.398100346 ], [ -44.847188357, -23.39452792 ] ] ], [ [ [ -44.938715381, -23.390790621999983 ], [ -44.938357908, -23.390912813 ], [ -44.93887267, -23.391110398 ], [ -44.938715381, -23.390790621999983 ] ] ], [ [ [ -44.887024677, -23.388852939 ], [ -44.888687379, -23.388469621999981 ], [ -44.887069285, -23.388698911 ], [ -44.887024677, -23.388852939 ] ] ], [ [ [ -44.936078959, -23.386909943 ], [ -44.938809845, -23.388893698 ], [ -44.938930056, -23.387776647 ], [ -44.936078959, -23.386909943 ] ] ], [ [ [ -44.94687133, -23.384680354 ], [ -44.940386269, -23.383432996 ], [ -44.950744201, -23.38856763 ], [ -44.94687133, -23.384680354 ] ] ], [ [ [ -44.935222543, -23.384639483 ], [ -44.935035357, -23.384891664 ], [ -44.935284938, -23.384912462 ], [ -44.935222543, -23.384639483 ] ] ], [ [ [ -44.88882579, -23.383718256000012 ], [ -44.888509759, -23.385584404 ], [ -44.889305633, -23.38556429 ], [ -44.88882579, -23.383718256000012 ] ] ], [ [ [ -44.906365804, -23.377567178 ], [ -44.89765782, -23.37620092 ], [ -44.907121409, -23.380237010999988 ], [ -44.906365804, -23.377567178 ] ] ], [ [ [ -44.892512639, -23.353159026 ], [ -44.89305108100001, -23.352852291 ], [ -44.892537866, -23.35265488 ], [ -44.892512639, -23.353159026 ] ] ], [ [ [ -44.903613118, -23.351078611 ], [ -44.903788091, -23.353215893 ], [ -44.904864863, -23.352684307 ], [ -44.903613118, -23.351078611 ] ] ], [ [ [ -44.908103929, -23.337231278 ], [ -44.908938179, -23.336407536 ], [ -44.908566995, -23.336237597 ], [ -44.908103929, -23.337231278 ] ] ] ] } },
{ "type": "Feature", "properties": { "abbrev_state": "PR", "name_state": "Paraná", "name_region": "Sul" }, "geometry": { "type": "MultiPolygon", "coordinates": [ [ [ [ -48.407345807, -25.84198702 ], [ -48.409199579, -25.841582306 ], [ -48.409291967, -25.841167601 ], [ -48.407345807, -25.84198702 ] ] ], [ [ [ -48.363819615, -25.735336186 ], [ -48.367310077, -25.7361601 ], [ -48.365559991, -25.734462084 ], [ -48.363819615, -25.735336186 ] ] ], [ [ [ -48.371391718, -25.733374608 ], [ -48.369470367, -25.735351074 ], [ -48.372663493, -25.733375469 ], [ -48.371391718, -25.733374608 ] ] ], [ [ [ -54.11754842, -23.971328789 ], [ -53.986596665, -23.464793595 ], [ -53.741323835, -23.335638385 ], [ -53.607423503, -22.951333468 ], [ -52.972424983, -22.570484295 ], [ -52.70825136500001, -22.628061851 ], [ -52.584922847, -22.565933151 ], [ -52.222577222, -22.675535358 ], [ -52.10585193, -22.516661899 ], [ -51.718173637, -22.669021089 ], [ -51.265199856, -22.667697405 ], [ -50.88871895, -22.796531238 ], [ -50.736369966, -22.963351013000015 ], [ -50.661585437, -22.89547747 ], [ -50.237537602, -22.954146227 ], [ -49.989483045, -22.896739203 ], [ -49.911602198, -23.051118641 ], [ -49.67831987, -23.165061654999981 ], [ -49.566624145, -23.426420091 ], [ -49.610736502, -23.851694927 ], [ -49.201210611, -24.34270024 ], [ -49.305397609, -24.673649759 ], [ -48.582034946, -24.670701585 ], [ -48.499306312, -24.738967587 ], [ -48.556007858, -25.086552561999984 ], [ -48.41115266, -24.980231682999985 ], [ -48.330384703, -25.069705213 ], [ -48.250281059, -24.977417787 ], [ -48.191361333, -25.196241324 ], [ -48.023537435, -25.230931712 ], [ -48.431614473, -25.642874614 ], [ -48.601383442, -25.980805966999988 ], [ -49.17495962200001, -26.000054109 ], [ -49.555618723, -26.237353034999987 ], [ -49.94169448, -26.00841401 ], [ -50.251221829, -26.030473523 ], [ -50.32426032, -26.135279907 ], [ -50.57023061, -26.00195283 ], [ -50.716404263, -26.245000936 ], [ -51.078873175, -26.227423775 ], [ -51.247951213999983, -26.329866406 ], [ -51.227102373, -26.615233847999988 ], [ -51.411475157, -26.717122005999979 ], [ -51.505583237, -26.581529633 ], [ -51.873450526, -26.599362502 ], [ -52.18634301, -26.445116679 ], [ -52.737763196, -26.34218492 ], [ -53.093227957, -26.392022132 ], [ -53.283569284, -26.245775201 ], [ -53.550533625, -26.293836283 ], [ -53.836037738, -25.971887118 ], [ -53.89108029, -25.622893154 ], [ -54.077892742, -25.557904751 ], [ -54.101815583, -25.618056749 ], [ -54.103661463, -25.494418892 ], [ -54.176427226, -25.584430853 ], [ -54.387043701999986, -25.598050053 ], [ -54.431738391, -25.697106104 ], [ -54.593518056, -25.592246235 ], [ -54.619857507, -25.451986661 ], [ -54.426855847, -25.165454206 ], [ -54.258235206999984, -24.365857969000015 ], [ -54.343334536, -24.133129479 ], [ -54.11754842, -23.971328789 ] ] ] ] } },
{ "type": "Feature", "properties": { "abbrev_state": "SC", "name_state": "Santa Catarina", "name_region": "Sul" }, "geometry": { "type": "MultiPolygon", "coordinates": [ [ [ [ -48.821246275, -28.611022013999982 ], [ -48.821850121, -28.610362953 ], [ -48.821689582, -28.609903029 ], [ -48.821246275, -28.611022013999982 ] ] ], [ [ [ -48.756646819999986, -28.541055613 ], [ -48.756113215, -28.540821233 ], [ -48.755949029, -28.541127729 ], [ -48.756646819999986, -28.541055613 ] ] ], [ [ [ -48.75850118, -28.540300418 ], [ -48.760229832, -28.539136235 ], [ -48.758562506, -28.538547107 ], [ -48.75850118, -28.540300418 ] ] ], [ [ [ -48.710255553, -28.446492854 ], [ -48.708213183, -28.44844529 ], [ -48.710331083, -28.448194126 ], [ -48.710255553, -28.446492854 ] ] ], [ [ [ -48.602145712, -28.352593424 ], [ -48.601990592, -28.352042698 ], [ -48.601937021, -28.352047521 ], [ -48.602145712, -28.352593424 ] ] ], [ [ [ -48.600427935, -28.351899864 ], [ -48.601392163, -28.351818293 ], [ -48.600718091, -28.351425827999982 ], [ -48.600427935, -28.351899864 ] ] ], [ [ [ -48.601849117, -28.351916005 ], [ -48.601620984, -28.351532197 ], [ -48.601664358, -28.351956457 ], [ -48.601849117, -28.351916005 ] ] ], [ [ [ -48.646679089, -28.320648457 ], [ -48.649628279, -28.32202065 ], [ -48.646646012, -28.317863117999988 ], [ -48.646679089, -28.320648457 ] ] ], [ [ [ -48.652959675, -28.248584414 ], [ -48.654868292, -28.247010218 ], [ -48.653396777, -28.247213043 ], [ -48.652959675, -28.248584414 ] ] ], [ [ [ -48.649949802, -28.24126674 ], [ -48.652729918, -28.241099288000012 ], [ -48.651829022, -28.240294488999986 ], [ -48.649949802, -28.24126674 ] ] ], [ [ [ -48.656529234, -28.188924348000018 ], [ -48.656426618, -28.189503197 ], [ -48.65675499000001, -28.189430841 ], [ -48.656529234, -28.188924348000018 ] ] ], [ [ [ -48.641446922, -28.154540778 ], [ -48.641857345, -28.151325771 ], [ -48.640327407, -28.152435671999989 ], [ -48.641446922, -28.154540778 ] ] ], [ [ [ -48.627973, -28.102614309 ], [ -48.62828338500001, -28.102706321999985 ], [ -48.627901902, -28.102063706999989 ], [ -48.627973, -28.102614309 ] ] ], [ [ [ -48.626011861, -28.10219532 ], [ -48.625739436, -28.102323468 ], [ -48.625924968, -28.102426977 ], [ -48.626011861, -28.10219532 ] ] ], [ [ [ -48.627192813, -28.10245888 ], [ -48.626712642, -28.101475848 ], [ -48.626301545, -28.102009292 ], [ -48.627192813, -28.10245888 ] ] ], [ [ [ -48.62979720300001, -28.089695638 ], [ -48.630086714, -28.08943106700001 ], [ -48.629647835, -28.089409521000011 ], [ -48.62979720300001, -28.089695638 ] ] ], [ [ [ -48.629384117, -28.088876036 ], [ -48.630023103, -28.088210796 ], [ -48.629570014, -28.08820945 ], [ -48.629384117, -28.088876036 ] ] ], [ [ [ -48.599945969, -28.035267206 ], [ -48.599730475, -28.035620449 ], [ -48.5998844, -28.035674794 ], [ -48.599945969, -28.035267206 ] ] ], [ [ [ -48.617239815, -27.988198137 ], [ -48.617147096, -27.986114641 ], [ -48.616906532, -27.986162705 ], [ -48.617239815, -27.988198137 ] ] ], [ [ [ -53.694322004, -26.889130903 ], [ -53.759918722, -26.640311697 ], [ -53.645797157, -26.247748121 ], [ -53.498409262, -26.303040648 ], [ -53.280836643, -26.24613434 ], [ -53.093227957, -26.392022132 ], [ -52.737763196, -26.34218492 ], [ -52.18634301, -26.445116679 ], [ -51.873450526, -26.599362502 ], [ -51.507794975, -26.580924173 ], [ -51.411475157, -26.717122005999979 ], [ -51.227102373, -26.615233847999988 ], [ -51.247951213999983, -26.329866406 ], [ -51.078873175, -26.227423775 ], [ -50.716404263, -26.245000936 ], [ -50.57023061, -26.00195283 ], [ -50.32426032, -26.135279907 ], [ -50.251221829, -26.030473523 ], [ -49.94169448, -26.00841401 ], [ -49.555618723, -26.237353034999987 ], [ -49.17495962200001, -26.000054109 ], [ -48.644369623, -25.955841821 ], [ -48.493002284, -26.218393272 ], [ -48.655529667, -26.556803698000014 ], [ -48.687302148, -26.687624131 ], [ -48.667656978, -26.768077913999985 ], [ -48.583837715, -26.785819914 ], [ -48.62751531, -26.833296043 ], [ -48.643652483, -26.90494065 ], [ -48.60869636, -27.115295683 ], [ -48.564000822, -27.155723887 ], [ -48.46487316, -27.14396444 ], [ -48.615437068, -27.271860339999989 ], [ -48.526270411, -27.408262037 ], [ -48.358633382, -27.440217151 ], [ -48.50553476, -27.724071696 ], [ -48.483675794, -27.785522943 ], [ -48.60077862, -27.858257736 ], [ -48.812650187, -28.605493051 ], [ -49.016485583, -28.695366723 ], [ -49.314693685000016, -28.900781159 ], [ -49.712937535, -29.325583499 ], [ -49.96273415, -29.198854622 ], [ -50.114324175, -29.257617783 ], [ -50.051215001, -29.324111274 ], [ -50.03369707, -29.349846534 ], [ -50.041002735, -29.355065888 ], [ -50.177509124, -29.248521292 ], [ -49.962602491, -29.117481232 ], [ -49.93467784700001, -28.725676496 ], [ -49.691824023, -28.622697527 ], [ -49.765279495, -28.459492295 ], [ -50.100995481, -28.48633209 ], [ -50.128311274, -28.428908120999989 ], [ -50.156344786, -28.497913838 ], [ -50.624951476, -28.392588311 ], [ -51.082229896999984, -27.833926446999985 ], [ -51.630409521, -27.489141495999988 ], [ -51.892270805, -27.519706747999987 ], [ -52.007796754, -27.403897152 ], [ -51.952086668, -27.380247126 ], [ -52.16657574, -27.271427421 ], [ -52.21588419, -27.332528647 ], [ -52.437628284, -27.216232291 ], [ -52.691956141, -27.284547992 ], [ -52.852504848, -27.169927068 ], [ -52.984366303, -27.221472276 ], [ -53.032095136, -27.08230202 ], [ -53.313201022, -27.219089674 ], [ -53.370639441, -27.091103105 ], [ -53.494706078, -27.203940309999986 ], [ -53.82964314, -27.172627506 ], [ -53.694322004, -26.889130903 ] ] ], [ [ [ -48.62369958, -26.985778531 ], [ -48.62342517, -26.986902786 ], [ -48.624760522, -26.986701992 ], [ -48.62369958, -26.985778531 ] ] ], [ [ [ -48.639150199, -26.912894712 ], [ -48.639391927, -26.911350254 ], [ -48.635977463, -26.912991766 ], [ -48.639150199, -26.912894712 ] ] ], [ [ [ -48.621385684, -26.831974548 ], [ -48.623045762, -26.831671701 ], [ -48.623240673, -26.831402249 ], [ -48.621385684, -26.831974548 ] ] ], [ [ [ -48.638164371, -26.743223164999989 ], [ -48.634275784, -26.745425689 ], [ -48.639149496, -26.745434296 ], [ -48.638164371, -26.743223164999989 ] ] ], [ [ [ -48.617790651, -26.710095401 ], [ -48.618736185, -26.709208051 ], [ -48.618390067, -26.709053916 ], [ -48.617790651, -26.710095401 ] ] ], [ [ [ -48.673839648999987, -26.694727182 ], [ -48.676626915999989, -26.695000305 ], [ -48.67537358, -26.693792361 ], [ -48.673839648999987, -26.694727182 ] ] ], [ [ [ -48.672703356, -26.632542889 ], [ -48.670055431, -26.633598961 ], [ -48.671334785, -26.635825186 ], [ -48.672703356, -26.632542889 ] ] ], [ [ [ -48.542436929, -27.932222783 ], [ -48.542248309, -27.941726068999987 ], [ -48.544876127, -27.93198121 ], [ -48.542436929, -27.932222783 ] ] ], [ [ [ -48.527014497, -27.836522616 ], [ -48.525367332, -27.844357784 ], [ -48.530311578, -27.843579443 ], [ -48.527014497, -27.836522616 ] ] ], [ [ [ -48.507736439, -27.835931142 ], [ -48.50203957, -27.840537892 ], [ -48.50713497, -27.840010554 ], [ -48.507736439, -27.835931142 ] ] ], [ [ [ -48.518042033, -27.834648991 ], [ -48.517367437, -27.834662896 ], [ -48.517966734, -27.835095344 ], [ -48.518042033, -27.834648991 ] ] ], [ [ [ -48.527673929, -27.83329774 ], [ -48.530103719, -27.831477682999989 ], [ -48.527081937, -27.829276108 ], [ -48.527673929, -27.83329774 ] ] ], [ [ [ -48.525697, -27.330491522 ], [ -48.526906668, -27.329934911 ], [ -48.525354164, -27.329013848999981 ], [ -48.525697, -27.330491522 ] ] ], [ [ [ -48.524517225, -27.327772176 ], [ -48.525360333, -27.328710883 ], [ -48.525550052, -27.327862373999988 ], [ -48.524517225, -27.327772176 ] ] ], [ [ [ -48.531967879, -27.307549939 ], [ -48.528354216, -27.304967397 ], [ -48.528761035, -27.306701563 ], [ -48.531967879, -27.307549939 ] ] ], [ [ [ -48.548503516, -27.142204701 ], [ -48.540250085, -27.141445913999988 ], [ -48.549500134, -27.144601843 ], [ -48.548503516, -27.142204701 ] ] ], [ [ [ -48.578683874, -26.992831925 ], [ -48.578570996, -26.992475318 ], [ -48.57858125700001, -26.992694769 ], [ -48.578683874, -26.992831925 ] ] ], [ [ [ -48.579863961, -26.992301586000014 ], [ -48.57938166400001, -26.992374735999988 ], [ -48.579833176, -26.992603331 ], [ -48.579863961, -26.992301586000014 ] ] ], [ [ [ -48.561679814, -26.513315189 ], [ -48.561250354, -26.514167024 ], [ -48.562024735, -26.514804874999989 ], [ -48.561679814, -26.513315189 ] ] ], [ [ [ -48.583503634, -26.497045594 ], [ -48.584668444, -26.498008474 ], [ -48.584606916, -26.497301192 ], [ -48.583503634, -26.497045594 ] ] ], [ [ [ -48.579009692, -26.468467302 ], [ -48.582072003999983, -26.468225288999985 ], [ -48.580954852, -26.466070228999985 ], [ -48.579009692, -26.468467302 ] ] ], [ [ [ -48.5669171, -26.458106712 ], [ -48.566533369, -26.461274349 ], [ -48.570531011, -26.45990076 ], [ -48.5669171, -26.458106712 ] ] ], [ [ [ -48.578996772000011, -26.454273654 ], [ -48.579423163, -26.461708976 ], [ -48.58336471, -26.459932172 ], [ -48.578996772000011, -26.454273654 ] ] ], [ [ [ -48.524241353, -26.386802849999988 ], [ -48.525296265, -26.38522284 ], [ -48.524700909, -26.385001724999988 ], [ -48.524241353, -26.386802849999988 ] ] ], [ [ [ -48.524763029, -26.383752646 ], [ -48.524255967, -26.380483046 ], [ -48.522908594, -26.381047023 ], [ -48.524763029, -26.383752646 ] ] ], [ [ [ -48.522079940999987, -26.370735895 ], [ -48.522445875, -26.374299869 ], [ -48.523118272, -26.374199248 ], [ -48.522079940999987, -26.370735895 ] ] ], [ [ [ -48.521925465, -26.369914740999988 ], [ -48.522764911, -26.367780917 ], [ -48.521266364, -26.368283506 ], [ -48.521925465, -26.369914740999988 ] ] ], [ [ [ -48.49098837, -26.201667696 ], [ -48.493196636, -26.202777917 ], [ -48.493319195, -26.202247592999989 ], [ -48.49098837, -26.201667696 ] ] ], [ [ [ -48.487592674, -26.185044159 ], [ -48.486997498999983, -26.184841572 ], [ -48.487541365999988, -26.185168474 ], [ -48.487592674, -26.185044159 ] ] ], [ [ [ -48.486751753, -26.180142602 ], [ -48.488572088, -26.181970972 ], [ -48.489023033, -26.180854191 ], [ -48.486751753, -26.180142602 ] ] ], [ [ [ -48.487377179, -26.179293299999983 ], [ -48.487043677, -26.179150561 ], [ -48.487182209, -26.179449852 ], [ -48.487377179, -26.179293299999983 ] ] ], [ [ [ -48.4861853, -26.177091715 ], [ -48.481317403, -26.179842225000012 ], [ -48.483962225, -26.182717528 ], [ -48.4861853, -26.177091715 ] ] ], [ [ [ -48.484204688, -26.163607816 ], [ -48.485043008, -26.165677704 ], [ -48.486057589, -26.164194042999981 ], [ -48.484204688, -26.163607816 ] ] ], [ [ [ -48.589772233, -25.975923812 ], [ -48.591218217, -25.977490511999989 ], [ -48.592013821, -25.976704279 ], [ -48.589772233, -25.975923812 ] ] ], [ [ [ -48.444575588, -27.853768737 ], [ -48.444252118, -27.852774799 ], [ -48.443951976, -27.852727913 ], [ -48.444575588, -27.853768737 ] ] ], [ [ [ -48.428535978, -27.845211444 ], [ -48.434763322, -27.848395071 ], [ -48.429822582, -27.843586219 ], [ -48.428535978, -27.845211444 ] ] ], [ [ [ -48.430366604, -27.84177066 ], [ -48.429629729, -27.843008437 ], [ -48.430714397, -27.842401593 ], [ -48.430366604, -27.84177066 ] ] ], [ [ [ -48.431614437, -27.84020103 ], [ -48.430538889, -27.840012037 ], [ -48.43103651, -27.840846125 ], [ -48.431614437, -27.84020103 ] ] ], [ [ [ -48.431184638, -27.839063407 ], [ -48.431335419, -27.839309739 ], [ -48.431294893, -27.839048044 ], [ -48.431184638, -27.839063407 ] ] ], [ [ [ -48.464152765, -27.690924755 ], [ -48.465335804, -27.702457117000016 ], [ -48.46828726, -27.704641852 ], [ -48.464152765, -27.690924755 ] ] ], [ [ [ -48.390024263, -27.61062776 ], [ -48.389363252, -27.610676189 ], [ -48.38984041, -27.610969313 ], [ -48.390024263, -27.61062776 ] ] ], [ [ [ -48.392167824, -27.610370867 ], [ -48.391419683, -27.610596009999977 ], [ -48.392117614999989, -27.610810405000013 ], [ -48.392167824, -27.610370867 ] ] ], [ [ [ -48.383426041, -27.608936236 ], [ -48.387837775, -27.610724141999984 ], [ -48.384015395, -27.607587352999982 ], [ -48.383426041, -27.608936236 ] ] ], [ [ [ -48.363855764, -27.486661142 ], [ -48.363181756, -27.488668043 ], [ -48.365470771, -27.49032442 ], [ -48.363855764, -27.486661142 ] ] ], [ [ [ -48.355120681, -27.485912298999988 ], [ -48.360124764, -27.487254432 ], [ -48.355424157, -27.483880702999986 ], [ -48.355120681, -27.485912298999988 ] ] ], [ [ [ -48.348722664, -27.441348226 ], [ -48.347637151, -27.443226213 ], [ -48.347341107, -27.444145931 ], [ -48.348722664, -27.441348226 ] ] ], [ [ [ -48.348887453999986, -27.439986391 ], [ -48.348834904, -27.439459581 ], [ -48.348750248, -27.439945669 ], [ -48.348887453999986, -27.439986391 ] ] ], [ [ [ -48.349666339, -27.438951687999989 ], [ -48.349510854, -27.439207995 ], [ -48.349749911, -27.439229214 ], [ -48.349666339, -27.438951687999989 ] ] ], [ [ [ -48.365723938, -27.42422964 ], [ -48.36608111, -27.426231365 ], [ -48.367455821999989, -27.422936902999982 ], [ -48.365723938, -27.42422964 ] ] ], [ [ [ -48.355771153, -27.418793788 ], [ -48.356384032, -27.418816774 ], [ -48.356088715, -27.418502837999984 ], [ -48.355771153, -27.418793788 ] ] ], [ [ [ -48.355147601, -27.418622408 ], [ -48.354988203, -27.417927397999989 ], [ -48.35454543, -27.418780974 ], [ -48.355147601, -27.418622408 ] ] ], [ [ [ -48.377098136, -27.283459867 ], [ -48.359473777, -27.273357101 ], [ -48.356767915, -27.29965525 ], [ -48.377098136, -27.283459867 ] ] ], [ [ [ -48.327940485999989, -27.268014522999984 ], [ -48.334483844, -27.2788271 ], [ -48.333162295, -27.273746396999986 ], [ -48.327940485999989, -27.268014522999984 ] ] ], [ [ [ -48.469364501, -27.205824515 ], [ -48.463292229, -27.203513564999987 ], [ -48.474498948, -27.209054714 ], [ -48.469364501, -27.205824515 ] ] ], [ [ [ -48.405311154, -27.175291638999987 ], [ -48.408312455, -27.188104149 ], [ -48.410581423, -27.188017380000012 ], [ -48.405311154, -27.175291638999987 ] ] ], [ [ [ -48.398796922, -27.1820013 ], [ -48.398404442, -27.178710575 ], [ -48.397416316, -27.181430248 ], [ -48.398796922, -27.1820013 ] ] ], [ [ [ -48.4758349, -26.167242839 ], [ -48.475895255, -26.166890549 ], [ -48.475608448, -26.167222531 ], [ -48.4758349, -26.167242839 ] ] ], [ [ [ -48.480797875, -26.166289241 ], [ -48.482250675, -26.16499879 ], [ -48.480936041, -26.164681526 ], [ -48.480797875, -26.166289241 ] ] ], [ [ [ -48.478149492, -26.163351344 ], [ -48.47803631, -26.163710414 ], [ -48.478292955, -26.163784913 ], [ -48.478149492, -26.163351344 ] ] ] ] } },
{ "type": "Feature", "properties": { "abbrev_state": "RS", "name_state": "Rio Grande do Sul", "name_region": "Sul" }, "geometry": { "type": "MultiPolygon", "coordinates": [ [ [ [ -52.111209797, -31.793513253 ], [ -52.094538756, -31.795750906 ], [ -52.106216969, -31.801760821 ], [ -52.111209797, -31.793513253 ] ] ], [ [ [ -56.421771389999989, -29.075492 ], [ -56.289112696, -28.793721967000014 ], [ -56.003373274, -28.597798431 ], [ -56.011224108, -28.506893367 ], [ -55.884006044999985, -28.47916305699998 ], [ -55.878739289, -28.361847288999989 ], [ -55.695247523, -28.422966258000017 ], [ -55.670421342, -28.334391723 ], [ -55.778453067, -28.247665587 ], [ -55.442556991, -28.094311131 ], [ -55.202682698, -27.857859196 ], [ -55.029832837, -27.854619669 ], [ -55.080224413, -27.778276914 ], [ -54.937407401, -27.770452225 ], [ -54.80978712200001, -27.530047424 ], [ -54.680856256, -27.574501411 ], [ -54.58097102, -27.45325741 ], [ -54.28295926, -27.447778233 ], [ -54.174188623999989, -27.254911066999988 ], [ -54.082359894, -27.298944049 ], [ -53.875152119, -27.12587843 ], [ -53.642114886, -27.219805121 ], [ -53.373410477, -27.091175734 ], [ -53.315841658, -27.218845103 ], [ -53.029834091, -27.082574257000019 ], [ -52.984366303, -27.221472276 ], [ -52.852504848, -27.169927068 ], [ -52.691956141, -27.284547992 ], [ -52.43526805, -27.216662467 ], [ -52.374962889, -27.305089576 ], [ -52.254543541, -27.256358983999984 ], [ -52.221138521, -27.331996469 ], [ -52.168334362, -27.270915124 ], [ -52.009288132, -27.332575198 ], [ -51.890789898, -27.520318131 ], [ -51.630409521, -27.489141495999988 ], [ -50.92568144, -27.969388832 ], [ -50.624951476, -28.392588311 ], [ -50.156344786, -28.497913838 ], [ -50.128311274, -28.428908120999989 ], [ -50.100995481, -28.48633209 ], [ -49.766149459, -28.459048305 ], [ -49.691351788, -28.620891398 ], [ -49.93467784700001, -28.725676496 ], [ -49.962602491, -29.117481232 ], [ -50.177509124, -29.248521292 ], [ -50.041002735, -29.355065888 ], [ -50.114324175, -29.257617783 ], [ -49.945522748, -29.201448673 ], [ -49.712769416, -29.327278317999987 ], [ -50.37397999, -30.562891596 ], [ -50.879140682, -31.227041526000015 ], [ -52.08304419, -32.160172136999982 ], [ -52.004652748, -31.944917801 ], [ -52.098123681, -31.83591134 ], [ -51.857844693, -31.869132379 ], [ -51.475152580999989, -31.565955596999984 ], [ -51.43501162, -31.623624436 ], [ -51.423095198, -31.48835001 ], [ -51.264335053, -31.482786228 ], [ -51.167779717000016, -31.062690871 ], [ -50.980558237, -31.041051357 ], [ -50.96676356, -30.896107457999989 ], [ -50.701987434, -30.746327211 ], [ -50.71754034500001, -30.351986366 ], [ -50.699101496, -30.345990315 ], [ -50.647879691999989, -30.395465323 ], [ -50.623994629, -30.392101954 ], [ -50.63792066300001, -30.378931571 ], [ -50.625066454, -30.328410064 ], [ -50.593098814, -30.400342166 ], [ -50.654407107, -30.442961798 ], [ -50.574420037, -30.481475760999988 ], [ -50.596492337, -30.194944142 ], [ -50.673244081, -30.296640845 ], [ -50.91483605, -30.32639132700001 ], [ -50.916521517, -30.440678627 ], [ -51.055578059999988, -30.39198048 ], [ -51.030762464, -30.274475157 ], [ -51.248626557, -30.186504129999985 ], [ -51.299372344, -30.002625555 ], [ -51.295273294, -30.302946935 ], [ -51.094656836, -30.364729578 ], [ -51.152590721, -30.500266601999986 ], [ -51.19787928, -30.408032135 ], [ -51.279154847, -30.510403582 ], [ -51.282434795, -30.812538998 ], [ -51.364097235999985, -30.633240532999977 ], [ -51.369010214, -30.874354512 ], [ -51.500198531, -30.927695279 ], [ -51.441814018, -31.088052883 ], [ -51.617990178, -31.139558979 ], [ -51.619141223, -31.268951772 ], [ -51.960130675, -31.352783053 ], [ -52.030653012, -31.692345283 ], [ -52.192928635, -31.722579243999984 ], [ -52.256827252, -31.849349882 ], [ -52.234483444, -31.894685885 ], [ -52.221418704, -31.872509125 ], [ -52.137620159, -31.919294085 ], [ -52.111196896, -31.950695857 ], [ -52.218631644, -31.95999751 ], [ -52.248231772, -32.051723890999988 ], [ -52.149512386, -31.957315985 ], [ -52.095207518, -32.005370983 ], [ -52.240223568, -32.079764159 ], [ -52.109728463, -32.024111348 ], [ -52.068998692, -32.030138684999983 ], [ -52.156258463, -32.096287515 ], [ -52.085539167, -32.061096085999978 ], [ -52.097722481, -32.161742552 ], [ -52.310993492, -32.368609419 ], [ -52.623858546, -33.104238888 ], [ -53.394853369, -33.751177994 ], [ -53.535451451, -33.649769161 ], [ -53.434871905, -33.502543656 ], [ -53.469681795, -33.260080891 ], [ -53.417612617, -33.116943283 ], [ -53.319766374, -33.054841233 ], [ -53.260162409, -33.107410855 ], [ -53.123905535, -32.793837778 ], [ -52.997418269, -32.76120192 ], [ -52.883198702, -32.903929893 ], [ -52.76125697, -32.885827967 ], [ -52.58640911, -32.530696547 ], [ -52.694904763, -32.317936061999987 ], [ -52.623468547999984, -32.14605814 ], [ -52.727815385, -32.156114174 ], [ -52.77516, -32.210691886999982 ], [ -52.820496813, -32.339760628 ], [ -52.737780207, -32.398920112 ], [ -52.969280174, -32.491409685999983 ], [ -53.084643664999987, -32.658242174 ], [ -53.389989282, -32.586509285999988 ], [ -53.644948811, -32.384337095999989 ], [ -53.74582637, -32.078093681 ], [ -53.969790229, -31.917701627999985 ], [ -54.10055086700001, -31.928078641999988 ], [ -54.586458561, -31.45655296 ], [ -54.836455277, -31.441938325 ], [ -55.007170903, -31.266874007 ], [ -55.074464301, -31.332089679999989 ], [ -55.240118765, -31.260572952 ], [ -55.577531011, -30.833411138 ], [ -55.870757714, -31.071570211000015 ], [ -56.011123407, -31.081577829 ], [ -56.022980505, -30.786143258 ], [ -56.808075013, -30.103240693999986 ], [ -57.06908076, -30.085575016999989 ], [ -57.220261387, -30.289285371999988 ], [ -57.525408793, -30.285472190000021 ], [ -57.649742824, -30.189320897 ], [ -57.35198068, -30.008058557 ], [ -57.282178511, -29.817288264 ], [ -56.971148366, -29.643406403 ], [ -56.58875341800001, -29.119812818 ], [ -56.421771389999989, -29.075492 ] ] ], [ [ [ -51.164048794, -30.261699455 ], [ -51.164103643, -30.266014681 ], [ -51.170195453, -30.263662297 ], [ -51.164048794, -30.261699455 ] ] ], [ [ [ -51.19196402, -30.24111501 ], [ -51.193292168, -30.242171598 ], [ -51.193499739, -30.241424035 ], [ -51.19196402, -30.24111501 ] ] ], [ [ [ -51.286280169, -30.121535862 ], [ -51.288451493, -30.120928672 ], [ -51.287319666, -30.120063419 ], [ -51.286280169, -30.121535862 ] ] ], [ [ [ -51.288682291, -30.060172216000012 ], [ -51.29199658600001, -30.064812129 ], [ -51.294645705, -30.054053044999986 ], [ -51.288682291, -30.060172216000012 ] ] ], [ [ [ -49.703671638, -29.346753826 ], [ -49.704985782, -29.34733736 ], [ -49.704420169, -29.345453593 ], [ -49.703671638, -29.346753826 ] ] ] ] } },
{ "type": "Feature", "properties": { "abbrev_state": "MS", "name_state": "Mato Grosso do Sul", "name_region": "Centro-Oeste" }, "geometry": { "type": "Polygon", "coordinates": [ [ [ -57.833706073, -20.936281022 ], [ -57.928113244, -20.900184058 ], [ -57.854733001999989, -20.835737780999985 ], [ -57.961765322999987, -20.792624343000011 ], [ -57.870172958, -20.72547062000001 ], [ -57.987887991, -20.699551557 ], [ -57.998138214, -20.436973677000015 ], [ -58.168511687999988, -20.172243471 ], [ -57.858151723, -19.971416792 ], [ -58.131818687, -19.758497414 ], [ -57.784445733, -19.033901313 ], [ -57.693197356, -19.010753364 ], [ -57.766675308, -18.899285322 ], [ -57.55783442500001, -18.240348522 ], [ -57.453919023, -18.231194095 ], [ -57.574864555, -18.131887334000012 ], [ -57.795025767, -17.55801029800001 ], [ -57.712139025, -17.543133808000011 ], [ -57.684613131, -17.716481508 ], [ -57.452468922, -17.902643453 ], [ -57.044914603, -17.730321309 ], [ -56.73385418, -17.309860171 ], [ -56.442331038, -17.331282105 ], [ -56.113954713, -17.166630627000014 ], [ -55.64003011, -17.339717893 ], [ -55.524089275, -17.481176451 ], [ -55.127255962, -17.652722301 ], [ -54.860863812, -17.623853496 ], [ -54.581662815, -17.468006982 ], [ -54.33558488, -17.661723057999989 ], [ -54.084692452, -17.619034804 ], [ -54.037637811, -17.486448827 ], [ -53.698468089, -17.230655790000011 ], [ -53.704607467, -17.663509544999986 ], [ -53.8559091, -17.702717168 ], [ -53.954437106, -17.868616262 ], [ -53.948914883, -17.923423778000011 ], [ -53.486071178, -18.040400262 ], [ -53.439017319, -17.983926603 ], [ -53.072277514, -18.033975304 ], [ -53.143239997, -18.081836667999987 ], [ -53.099655709, -18.313619139 ], [ -52.759319632, -18.348070857 ], [ -52.96235136, -18.540819704 ], [ -52.916759639, -18.64029463 ], [ -52.454128013, -18.688404558999984 ], [ -52.333492904, -18.829334184 ], [ -51.088533124, -19.307732164 ], [ -50.935908355, -19.460644015 ], [ -51.045944378, -19.729050869 ], [ -51.05893275, -20.235160731 ], [ -51.342705351, -20.35466012 ], [ -51.59414815, -20.643847679 ], [ -51.620931708, -20.939365569 ], [ -51.875861858, -21.13614741 ], [ -51.861959988, -21.341617533999987 ], [ -52.095962363, -21.542063617999979 ], [ -52.076492428, -21.71488019 ], [ -52.487714257, -22.217206043 ], [ -53.602588974999989, -22.946121665 ], [ -53.741323835, -23.335638385 ], [ -53.986596665, -23.464793595 ], [ -54.101764988, -23.951963547999984 ], [ -54.287355626, -24.068583627 ], [ -54.669472109, -23.812504840999985 ], [ -54.941141089, -23.9685149 ], [ -55.413861316, -23.965298008 ], [ -55.562115153999983, -23.47621266 ], [ -55.523281179, -23.197786985 ], [ -55.665854704, -22.852462105 ], [ -55.614421888, -22.655095325 ], [ -55.853263124, -22.280303019 ], [ -56.209075104, -22.278206653 ], [ -56.393655775, -22.07443857 ], [ -56.636841056, -22.263448330000013 ], [ -56.703278807, -22.21705438 ], [ -56.842385875, -22.301587765 ], [ -56.996712512999984, -22.222517356 ], [ -57.374726128, -22.231758445 ], [ -57.61259482900001, -22.094561345 ], [ -57.801034839, -22.150866579 ], [ -57.99507215300001, -22.088708694 ], [ -57.833706073, -20.936281022 ] ] ] } },
{ "type": "Feature", "properties": { "abbrev_state": "MT", "name_state": "Mato Grosso", "name_region": "Centro-Oeste" }, "geometry": { "type": "Polygon", "coordinates": [ [ [ -61.601591935, -10.156645365000019 ], [ -61.574637304, -9.717793257000011 ], [ -61.476807366999978, -9.628723014000013 ], [ -61.633345948999988, -9.270584324 ], [ -61.526207009, -9.245847439 ], [ -61.55575496, -9.09240257000001 ], [ -61.468504952000011, -8.917367919 ], [ -61.583134785, -8.798689054 ], [ -58.41587796200001, -8.79284278 ], [ -58.326224377999985, -8.720032417999979 ], [ -58.437300573, -8.703352482999978 ], [ -58.287169353, -8.128544717 ], [ -58.384741698, -7.843989082 ], [ -58.202170606, -7.620854259000017 ], [ -58.1384405, -7.349034185000027 ], [ -57.643212259, -8.212175320000016 ], [ -57.686943957999986, -8.416253597999974 ], [ -57.592938921, -8.75647697200001 ], [ -57.195004293, -8.927513700000015 ], [ -57.039241594000011, -9.098290014 ], [ -57.057167109, -9.185927913000013 ], [ -56.8201088, -9.24634038100001 ], [ -56.761108748, -9.404999403000021 ], [ -50.224806382, -9.841153477 ], [ -50.60289775, -10.658233980000013 ], [ -50.609457426, -11.067445653999986 ], [ -50.739259611, -11.435385030000015 ], [ -50.657473855, -11.592806388000023 ], [ -50.722042017, -11.73969886 ], [ -50.639288208, -11.884566501 ], [ -50.686871796, -12.202153885999987 ], [ -50.618255037, -12.428992177 ], [ -50.701345814, -12.643459865 ], [ -50.622732049, -12.819736221 ], [ -50.498585638, -12.877265147 ], [ -50.61004427, -13.060369224 ], [ -50.60859569, -13.317595384 ], [ -50.873900593, -13.734475098 ], [ -50.831731721, -14.086052127000018 ], [ -50.978173263, -14.297243564999979 ], [ -51.086049913, -14.919033139 ], [ -51.267608711, -15.044413011 ], [ -51.329030913999986, -14.969617288000013 ], [ -51.530855559, -15.061676027 ], [ -51.651158033, -15.177254776 ], [ -51.699402789, -15.487912722 ], [ -51.88267011, -15.828485288 ], [ -52.25334331, -15.892561925 ], [ -52.329937882999985, -16.072175766000015 ], [ -52.68255656, -16.301742345 ], [ -52.626869153, -16.535475572 ], [ -52.74008468, -16.589957326 ], [ -52.78666485, -16.742728094999983 ], [ -53.014417178, -16.861579899 ], [ -53.218629786, -17.298086697 ], [ -53.244279939, -17.689949541 ], [ -53.072277514, -18.033975304 ], [ -53.439017319, -17.983926603 ], [ -53.486071178, -18.040400262 ], [ -53.948914883, -17.923423778000011 ], [ -53.8559091, -17.702717168 ], [ -53.704607467, -17.663509544999986 ], [ -53.705145025999983, -17.228153773999988 ], [ -54.037637811, -17.486448827 ], [ -54.084692452, -17.619034804 ], [ -54.33558488, -17.661723057999989 ], [ -54.581662815, -17.468006982 ], [ -54.860863812, -17.623853496 ], [ -55.127255962, -17.652722301 ], [ -55.524089275, -17.481176451 ], [ -55.64003011, -17.339717893 ], [ -56.113954713, -17.166630627000014 ], [ -56.442331038, -17.331282105 ], [ -56.73385418, -17.309860171 ], [ -57.044914603, -17.730321309 ], [ -57.453887816999988, -17.902752749 ], [ -57.684613131, -17.716481508 ], [ -57.725031497, -17.531012374 ], [ -57.883442069, -17.44954203 ], [ -58.043386903, -17.492668434 ], [ -58.395530055, -17.18445755 ], [ -58.470584859, -16.703022912 ], [ -58.333750421, -16.490015116 ], [ -58.32108309, -16.264750071 ], [ -58.430471354, -16.321294987999988 ], [ -60.171717137, -16.266106138 ], [ -60.238604827, -15.473851596999983 ], [ -60.565018935, -15.108683605 ], [ -60.244321351, -15.096806049 ], [ -60.272147967, -14.62029218 ], [ -60.492429974, -14.188226470999986 ], [ -60.382095995, -13.98745633 ], [ -60.467290593, -13.795730464 ], [ -60.717011128, -13.685114327 ], [ -60.384032848999986, -13.449229196 ], [ -60.282991589, -13.080552332 ], [ -60.081282622999986, -12.88930495 ], [ -60.064964011, -12.670820194 ], [ -59.774357431, -12.340955864999984 ], [ -59.892331012, -12.245453923 ], [ -59.98579721, -11.912080102 ], [ -60.108775597, -11.839579221 ], [ -60.114138392, -11.587493063 ], [ -59.917193059999988, -11.338434586000014 ], [ -59.983900821, -11.116275722999989 ], [ -60.347970663999988, -11.109036265 ], [ -60.460050132, -10.989856219999989 ], [ -61.550257873, -10.986094651 ], [ -61.461792837, -10.419904593 ], [ -61.601591935, -10.156645365000019 ] ] ] } },
{ "type": "Feature", "properties": { "abbrev_state": "GO", "name_state": "Goiás", "name_region": "Centro-Oeste" }, "geometry": { "type": "Polygon", "coordinates": [ [ [ -52.368273708, -16.084319274 ], [ -52.251767624, -15.891668888 ], [ -51.88267011, -15.828485288 ], [ -51.699402789, -15.487912722 ], [ -51.651158033, -15.177254776 ], [ -51.530855559, -15.061676027 ], [ -51.329030913999986, -14.969617288000013 ], [ -51.267608711, -15.044413011 ], [ -51.087109835, -14.921348694 ], [ -50.978173263, -14.297243564999979 ], [ -50.831731721, -14.086052127000018 ], [ -50.87329964, -13.732411737000019 ], [ -50.60859569, -13.317595384 ], [ -50.61004427, -13.060369224 ], [ -50.478655313, -12.711283062 ], [ -50.194720036, -12.411706092 ], [ -50.141802001, -12.39539562 ], [ -50.299072791, -12.680177137 ], [ -50.292842717, -12.83846936100001 ], [ -49.368315907, -13.272301371999985 ], [ -49.35096698400001, -13.088726448 ], [ -49.119852212, -12.789449667 ], [ -48.976233465, -12.957893053 ], [ -48.853916655, -12.805308983999987 ], [ -48.638663157000011, -13.013433854 ], [ -48.586089798, -13.321600522 ], [ -48.518103151, -13.139521794000014 ], [ -48.441908924, -13.292342177 ], [ -48.143659159, -13.152472546999988 ], [ -48.164823096, -13.306660259 ], [ -48.062455857, -13.235721212 ], [ -47.82021442, -13.312523375 ], [ -47.679748372, -13.468174783000011 ], [ -47.633644987, -13.101179886 ], [ -47.426127485, -13.289979877000011 ], [ -46.750610975, -12.969155006999983 ], [ -46.45464987, -12.971152609999979 ], [ -46.417984759, -12.822436733000012 ], [ -46.364403859, -12.990742857 ], [ -46.104643992, -12.924925479 ], [ -46.335788770999983, -13.097657946 ], [ -46.329131773, -13.248486406000021 ], [ -46.296176006, -13.316278469 ], [ -46.068275462, -13.29544179 ], [ -46.24952245, -13.431308946000012 ], [ -46.247452542, -13.57866042 ], [ -46.16274536, -13.603642125 ], [ -46.281495542, -13.795109503 ], [ -46.224392227, -14.105027646 ], [ -45.907155329, -14.355189846 ], [ -46.010183701, -14.425695654 ], [ -46.002584117, -14.795839017 ], [ -46.088141599, -14.936392595999987 ], [ -46.217561956, -14.943419613 ], [ -46.501113683, -14.703025897 ], [ -46.566281779, -14.788395655 ], [ -46.503608073, -15.053433331999972 ], [ -46.920591843, -15.05085905 ], [ -46.940866606, -15.23070156 ], [ -46.835675834, -15.325127735000011 ], [ -46.948687994, -15.557844407 ], [ -46.854883477, -15.618300545 ], [ -46.809563038, -15.884282988 ], [ -47.142780519, -15.926342466 ], [ -47.316932862, -16.036191622 ], [ -47.380700598, -15.881246687 ], [ -47.31556428, -15.594918432 ], [ -47.418406917, -15.501819891 ], [ -48.200008972, -15.50227825 ], [ -48.277811196, -16.049597847 ], [ -47.308504115, -16.049971388999978 ], [ -47.459524564, -16.504125904999988 ], [ -47.250862073, -16.664807426999989 ], [ -47.127409012, -16.978651788 ], [ -47.539812278, -17.388396662 ], [ -47.504716628, -17.509193192 ], [ -47.325414484, -17.523800632 ], [ -47.264803798, -17.611389161 ], [ -47.372615819000011, -17.829791857 ], [ -47.28344348600001, -18.057753838999989 ], [ -47.868182421, -18.474398512 ], [ -48.270497371, -18.329448297 ], [ -48.816361609, -18.379661166 ], [ -48.933171575, -18.305454009 ], [ -49.210098755, -18.414781527999985 ], [ -49.385057497, -18.646061917 ], [ -49.535306356, -18.491807120999987 ], [ -49.784819601, -18.64224767 ], [ -50.020064344999987, -18.599363479 ], [ -50.296098857, -18.691239769999981 ], [ -50.510552993, -18.938660467 ], [ -50.535162452, -19.098887106 ], [ -50.81889037, -19.291734493999986 ], [ -50.843966811, -19.498363709 ], [ -51.088533124, -19.307732164 ], [ -52.333492904, -18.829334184 ], [ -52.454128013, -18.688404558999984 ], [ -52.916759639, -18.64029463 ], [ -52.96235136, -18.540819704 ], [ -52.759319632, -18.348070857 ], [ -53.101152388, -18.31083112 ], [ -53.143239997, -18.081836667999987 ], [ -53.064749411, -17.984536561999985 ], [ -53.244279939, -17.689949541 ], [ -53.218629786, -17.298086697 ], [ -53.014417178, -16.861579899 ], [ -52.78666485, -16.742728094999983 ], [ -52.74008468, -16.589957326 ], [ -52.626869153, -16.535475572 ], [ -52.68255656, -16.301742345 ], [ -52.368273708, -16.084319274 ] ] ] } },
{ "type": "Feature", "properties": { "abbrev_state": "DF", "name_state": "Distrito Federal", "name_region": "Centro-Oeste" }, "geometry": { "type": "Polygon", "coordinates": [ [ [ -48.200008972, -15.50227825 ], [ -47.31556428, -15.594918432 ], [ -47.380700598, -15.881246687 ], [ -47.308504115, -16.049971388999978 ], [ -48.277811196, -16.049597847 ], [ -48.200008972, -15.50227825 ] ] ] } }
]
}
