local;ano;indicador;descricao;unidade;valor
Belo Horizonte;2002;PERC_A PE;Viagens a pé;%;28,5
Belo Horizonte;2012;PERC_A PE;Viagens a pé;%;34,8
Curitiba;2010;PERC_A PE;Viagens a pé;%;20
Aracaju;2010;PERC_ACIMA_1H;Pessoas que gastam mais de 1h no trajeto casa-trabalho;%;8,1688
Belém;2010;PERC_ACIMA_1H;Pessoas que gastam mais de 1h no trajeto casa-trabalho;%;2,9086
Belo Horizonte;2010;PERC_ACIMA_1H;Pessoas que gastam mais de 1h no trajeto casa-trabalho;%;16,5531
Boa Vista;2010;PERC_ACIMA_1H;Pessoas que gastam mais de 1h no trajeto casa-trabalho;%;10,6195
Brasília;2010;PERC_ACIMA_1H;Pessoas que gastam mais de 1h no trajeto casa-trabalho;%;16,4811
Campo Grande;2010;PERC_ACIMA_1H;Pessoas que gastam mais de 1h no trajeto casa-trabalho;%;8,7647
Cuiabá;2010;PERC_ACIMA_1H;Pessoas que gastam mais de 1h no trajeto casa-trabalho;%;8,2575
Curitiba;2010;PERC_ACIMA_1H;Pessoas que gastam mais de 1h no trajeto casa-trabalho;%;10,8415
Florianópolis;2010;PERC_ACIMA_1H;Pessoas que gastam mais de 1h no trajeto casa-trabalho;%;8,1679
Fortaleza;2010;PERC_ACIMA_1H;Pessoas que gastam mais de 1h no trajeto casa-trabalho;%;12,6957
Goiânia;2010;PERC_ACIMA_1H;Pessoas que gastam mais de 1h no trajeto casa-trabalho;%;9,2757
João Pessoa;2010;PERC_ACIMA_1H;Pessoas que gastam mais de 1h no trajeto casa-trabalho;%;7,2549
Macapá;2010;PERC_ACIMA_1H;Pessoas que gastam mais de 1h no trajeto casa-trabalho;%;4,4101
Maceió;2010;PERC_ACIMA_1H;Pessoas que gastam mais de 1h no trajeto casa-trabalho;%;13,4981
Manaus;2010;PERC_ACIMA_1H;Pessoas que gastam mais de 1h no trajeto casa-trabalho;%;17,3446
Natal;2010;PERC_ACIMA_1H;Pessoas que gastam mais de 1h no trajeto casa-trabalho;%;8,7647
Palmas;2010;PERC_ACIMA_1H;Pessoas que gastam mais de 1h no trajeto casa-trabalho;%;4,8812
Porto Alegre;2010;PERC_ACIMA_1H;Pessoas que gastam mais de 1h no trajeto casa-trabalho;%;10,0531
Porto Velho;2010;PERC_ACIMA_1H;Pessoas que gastam mais de 1h no trajeto casa-trabalho;%;7,3757
Recife;2010;PERC_ACIMA_1H;Pessoas que gastam mais de 1h no trajeto casa-trabalho;%;11,221
Rio Branco;2010;PERC_ACIMA_1H;Pessoas que gastam mais de 1h no trajeto casa-trabalho;%;4,7965
Rio de Janeiro;2010;PERC_ACIMA_1H;Pessoas que gastam mais de 1h no trajeto casa-trabalho;%;25,3399
Salvador;2010;PERC_ACIMA_1H;Pessoas que gastam mais de 1h no trajeto casa-trabalho;%;22,0238
São Luís;2010;PERC_ACIMA_1H;Pessoas que gastam mais de 1h no trajeto casa-trabalho;%;14,1879
São Paulo;2010;PERC_ACIMA_1H;Pessoas que gastam mais de 1h no trajeto casa-trabalho;%;31,0308
Teresina;2010;PERC_ACIMA_1H;Pessoas que gastam mais de 1h no trajeto casa-trabalho;%;5,5525
Vitória;2010;PERC_ACIMA_1H;Pessoas que gastam mais de 1h no trajeto casa-trabalho;%;5,4455
Belo Horizonte;2002;PERC_BICI;Viagens de bicicleta;%;0,7
Belo Horizonte;2012;PERC_BICI;Viagens de bicicleta;%;0,1
Curitiba;2010;PERC_BICI;Viagens de bicicleta;%;5
Aracaju;2010;PERC_CALÇADAS;Domicílios com calçadas no entorno;%;88,16
Belém;2010;PERC_CALÇADAS;Domicílios com calçadas no entorno;%;50,87
Belo Horizonte;2010;PERC_CALÇADAS;Domicílios com calçadas no entorno;%;93,71
Boa Vista;2010;PERC_CALÇADAS;Domicílios com calçadas no entorno;%;18,06
Brasília;2010;PERC_CALÇADAS;Domicílios com calçadas no entorno;%;77,64
Campo Grande;2010;PERC_CALÇADAS;Domicílios com calçadas no entorno;%;67,23
Cuiabá;2010;PERC_CALÇADAS;Domicílios com calçadas no entorno;%;63,36
Curitiba;2010;PERC_CALÇADAS;Domicílios com calçadas no entorno;%;66,63
Florianópolis;2010;PERC_CALÇADAS;Domicílios com calçadas no entorno;%;62,29
Fortaleza;2010;PERC_CALÇADAS;Domicílios com calçadas no entorno;%;82,95
Goiânia;2010;PERC_CALÇADAS;Domicílios com calçadas no entorno;%;88,64
João Pessoa;2010;PERC_CALÇADAS;Domicílios com calçadas no entorno;%;76,28
Macapá;2010;PERC_CALÇADAS;Domicílios com calçadas no entorno;%;33,84
Maceió;2010;PERC_CALÇADAS;Domicílios com calçadas no entorno;%;71,46
Manaus;2010;PERC_CALÇADAS;Domicílios com calçadas no entorno;%;50,4
Natal;2010;PERC_CALÇADAS;Domicílios com calçadas no entorno;%;72,65
Palmas;2010;PERC_CALÇADAS;Domicílios com calçadas no entorno;%;57,82
Porto Alegre;2010;PERC_CALÇADAS;Domicílios com calçadas no entorno;%;76,97
Porto Velho;2010;PERC_CALÇADAS;Domicílios com calçadas no entorno;%;42,05
Recife;2010;PERC_CALÇADAS;Domicílios com calçadas no entorno;%;74,54
Rio Branco;2010;PERC_CALÇADAS;Domicílios com calçadas no entorno;%;30,58
Rio de Janeiro;2010;PERC_CALÇADAS;Domicílios com calçadas no entorno;%;85,9
Salvador;2010;PERC_CALÇADAS;Domicílios com calçadas no entorno;%;62,74
São Luís;2010;PERC_CALÇADAS;Domicílios com calçadas no entorno;%;64,93
São Paulo;2010;PERC_CALÇADAS;Domicílios com calçadas no entorno;%;92,59
Teresina;2010;PERC_CALÇADAS;Domicílios com calçadas no entorno;%;72,04
Vitória;2010;PERC_CALÇADAS;Domicílios com calçadas no entorno;%;83,22
Aracaju;2000;PERC_MORTE_NEGROS;Percentual de negros entre as mortes no trânsito;%;38
Aracaju;2001;PERC_MORTE_NEGROS;Percentual de negros entre as mortes no trânsito;%;52
Aracaju;2002;PERC_MORTE_NEGROS;Percentual de negros entre as mortes no trânsito;%;63
Aracaju;2003;PERC_MORTE_NEGROS;Percentual de negros entre as mortes no trânsito;%;50
Aracaju;2004;PERC_MORTE_NEGROS;Percentual de negros entre as mortes no trânsito;%;51
Aracaju;2005;PERC_MORTE_NEGROS;Percentual de negros entre as mortes no trânsito;%;66
Aracaju;2006;PERC_MORTE_NEGROS;Percentual de negros entre as mortes no trânsito;%;57
Aracaju;2007;PERC_MORTE_NEGROS;Percentual de negros entre as mortes no trânsito;%;65
Aracaju;2008;PERC_MORTE_NEGROS;Percentual de negros entre as mortes no trânsito;%;62
Aracaju;2009;PERC_MORTE_NEGROS;Percentual de negros entre as mortes no trânsito;%;66
Aracaju;2010;PERC_MORTE_NEGROS;Percentual de negros entre as mortes no trânsito;%;76
Aracaju;2011;PERC_MORTE_NEGROS;Percentual de negros entre as mortes no trânsito;%;74
Aracaju;2012;PERC_MORTE_NEGROS;Percentual de negros entre as mortes no trânsito;%;83
Aracaju;2013;PERC_MORTE_NEGROS;Percentual de negros entre as mortes no trânsito;%;78
Aracaju;2014;PERC_MORTE_NEGROS;Percentual de negros entre as mortes no trânsito;%;83
Aracaju;2015;PERC_MORTE_NEGROS;Percentual de negros entre as mortes no trânsito;%;86
Aracaju;2016;PERC_MORTE_NEGROS;Percentual de negros entre as mortes no trânsito;%;88
Aracaju;2017;PERC_MORTE_NEGROS;Percentual de negros entre as mortes no trânsito;%;89
Aracaju;2018;PERC_MORTE_NEGROS;Percentual de negros entre as mortes no trânsito;%;83
Aracaju;2019;PERC_MORTE_NEGROS;Percentual de negros entre as mortes no trânsito;%;91,0714
Aracaju;2020;PERC_MORTE_NEGROS;Percentual de negros entre as mortes no trânsito;%;89,9
Aracaju;2021;PERC_MORTE_NEGROS;Percentual de negros entre as mortes no trânsito;%;88,8889
Belém;2000;PERC_MORTE_NEGROS;Percentual de negros entre as mortes no trânsito;%;85
Belém;2001;PERC_MORTE_NEGROS;Percentual de negros entre as mortes no trânsito;%;77
Belém;2002;PERC_MORTE_NEGROS;Percentual de negros entre as mortes no trânsito;%;90
Belém;2003;PERC_MORTE_NEGROS;Percentual de negros entre as mortes no trânsito;%;92
Belém;2004;PERC_MORTE_NEGROS;Percentual de negros entre as mortes no trânsito;%;92
Belém;2005;PERC_MORTE_NEGROS;Percentual de negros entre as mortes no trânsito;%;89
Belém;2006;PERC_MORTE_NEGROS;Percentual de negros entre as mortes no trânsito;%;90
Belém;2007;PERC_MORTE_NEGROS;Percentual de negros entre as mortes no trânsito;%;87
Belém;2008;PERC_MORTE_NEGROS;Percentual de negros entre as mortes no trânsito;%;90
Belém;2009;PERC_MORTE_NEGROS;Percentual de negros entre as mortes no trânsito;%;93
Belém;2010;PERC_MORTE_NEGROS;Percentual de negros entre as mortes no trânsito;%;93
Belém;2011;PERC_MORTE_NEGROS;Percentual de negros entre as mortes no trânsito;%;91
Belém;2012;PERC_MORTE_NEGROS;Percentual de negros entre as mortes no trânsito;%;88
Belém;2013;PERC_MORTE_NEGROS;Percentual de negros entre as mortes no trânsito;%;93
Belém;2014;PERC_MORTE_NEGROS;Percentual de negros entre as mortes no trânsito;%;93
Belém;2015;PERC_MORTE_NEGROS;Percentual de negros entre as mortes no trânsito;%;87
Belém;2016;PERC_MORTE_NEGROS;Percentual de negros entre as mortes no trânsito;%;84
Belém;2017;PERC_MORTE_NEGROS;Percentual de negros entre as mortes no trânsito;%;94
Belém;2018;PERC_MORTE_NEGROS;Percentual de negros entre as mortes no trânsito;%;87
Belém;2019;PERC_MORTE_NEGROS;Percentual de negros entre as mortes no trânsito;%;90,9091
Belém;2020;PERC_MORTE_NEGROS;Percentual de negros entre as mortes no trânsito;%;93,3
Belém;2021;PERC_MORTE_NEGROS;Percentual de negros entre as mortes no trânsito;%;83,1325
Belo Horizonte;2000;PERC_MORTE_NEGROS;Percentual de negros entre as mortes no trânsito;%;61
Belo Horizonte;2001;PERC_MORTE_NEGROS;Percentual de negros entre as mortes no trânsito;%;61
Belo Horizonte;2002;PERC_MORTE_NEGROS;Percentual de negros entre as mortes no trânsito;%;59
Belo Horizonte;2003;PERC_MORTE_NEGROS;Percentual de negros entre as mortes no trânsito;%;58
Belo Horizonte;2004;PERC_MORTE_NEGROS;Percentual de negros entre as mortes no trânsito;%;62
Belo Horizonte;2005;PERC_MORTE_NEGROS;Percentual de negros entre as mortes no trânsito;%;60
Belo Horizonte;2006;PERC_MORTE_NEGROS;Percentual de negros entre as mortes no trânsito;%;62
Belo Horizonte;2007;PERC_MORTE_NEGROS;Percentual de negros entre as mortes no trânsito;%;63
Belo Horizonte;2008;PERC_MORTE_NEGROS;Percentual de negros entre as mortes no trânsito;%;61
Belo Horizonte;2009;PERC_MORTE_NEGROS;Percentual de negros entre as mortes no trânsito;%;63
Belo Horizonte;2010;PERC_MORTE_NEGROS;Percentual de negros entre as mortes no trânsito;%;61
Belo Horizonte;2011;PERC_MORTE_NEGROS;Percentual de negros entre as mortes no trânsito;%;65
Belo Horizonte;2012;PERC_MORTE_NEGROS;Percentual de negros entre as mortes no trânsito;%;60
Belo Horizonte;2013;PERC_MORTE_NEGROS;Percentual de negros entre as mortes no trânsito;%;64
Belo Horizonte;2014;PERC_MORTE_NEGROS;Percentual de negros entre as mortes no trânsito;%;62
Belo Horizonte;2015;PERC_MORTE_NEGROS;Percentual de negros entre as mortes no trânsito;%;60
Belo Horizonte;2016;PERC_MORTE_NEGROS;Percentual de negros entre as mortes no trânsito;%;66
Belo Horizonte;2017;PERC_MORTE_NEGROS;Percentual de negros entre as mortes no trânsito;%;68
Belo Horizonte;2018;PERC_MORTE_NEGROS;Percentual de negros entre as mortes no trânsito;%;64
Belo Horizonte;2019;PERC_MORTE_NEGROS;Percentual de negros entre as mortes no trânsito;%;60,6742
Belo Horizonte;2020;PERC_MORTE_NEGROS;Percentual de negros entre as mortes no trânsito;%;66,8
Belo Horizonte;2021;PERC_MORTE_NEGROS;Percentual de negros entre as mortes no trânsito;%;62,5926
Boa Vista;2000;PERC_MORTE_NEGROS;Percentual de negros entre as mortes no trânsito;%;72
Boa Vista;2001;PERC_MORTE_NEGROS;Percentual de negros entre as mortes no trânsito;%;74
Boa Vista;2002;PERC_MORTE_NEGROS;Percentual de negros entre as mortes no trânsito;%;76
Boa Vista;2003;PERC_MORTE_NEGROS;Percentual de negros entre as mortes no trânsito;%;77
Boa Vista;2004;PERC_MORTE_NEGROS;Percentual de negros entre as mortes no trânsito;%;84
Boa Vista;2005;PERC_MORTE_NEGROS;Percentual de negros entre as mortes no trânsito;%;70
Boa Vista;2006;PERC_MORTE_NEGROS;Percentual de negros entre as mortes no trânsito;%;68
Boa Vista;2007;PERC_MORTE_NEGROS;Percentual de negros entre as mortes no trânsito;%;79
Boa Vista;2008;PERC_MORTE_NEGROS;Percentual de negros entre as mortes no trânsito;%;72
Boa Vista;2009;PERC_MORTE_NEGROS;Percentual de negros entre as mortes no trânsito;%;78
Boa Vista;2010;PERC_MORTE_NEGROS;Percentual de negros entre as mortes no trânsito;%;85
Boa Vista;2011;PERC_MORTE_NEGROS;Percentual de negros entre as mortes no trânsito;%;78
Boa Vista;2012;PERC_MORTE_NEGROS;Percentual de negros entre as mortes no trânsito;%;76
Boa Vista;2013;PERC_MORTE_NEGROS;Percentual de negros entre as mortes no trânsito;%;83
Boa Vista;2014;PERC_MORTE_NEGROS;Percentual de negros entre as mortes no trânsito;%;82
Boa Vista;2015;PERC_MORTE_NEGROS;Percentual de negros entre as mortes no trânsito;%;97
Boa Vista;2016;PERC_MORTE_NEGROS;Percentual de negros entre as mortes no trânsito;%;82
Boa Vista;2017;PERC_MORTE_NEGROS;Percentual de negros entre as mortes no trânsito;%;88
Boa Vista;2018;PERC_MORTE_NEGROS;Percentual de negros entre as mortes no trânsito;%;83
Boa Vista;2019;PERC_MORTE_NEGROS;Percentual de negros entre as mortes no trânsito;%;79,2208
Boa Vista;2020;PERC_MORTE_NEGROS;Percentual de negros entre as mortes no trânsito;%;78,8
Boa Vista;2021;PERC_MORTE_NEGROS;Percentual de negros entre as mortes no trânsito;%;75,9036
Brasília;2000;PERC_MORTE_NEGROS;Percentual de negros entre as mortes no trânsito;%;77
Brasília;2001;PERC_MORTE_NEGROS;Percentual de negros entre as mortes no trânsito;%;82
Brasília;2002;PERC_MORTE_NEGROS;Percentual de negros entre as mortes no trânsito;%;79
Brasília;2003;PERC_MORTE_NEGROS;Percentual de negros entre as mortes no trânsito;%;77
Brasília;2004;PERC_MORTE_NEGROS;Percentual de negros entre as mortes no trânsito;%;74
Brasília;2005;PERC_MORTE_NEGROS;Percentual de negros entre as mortes no trânsito;%;77
Brasília;2006;PERC_MORTE_NEGROS;Percentual de negros entre as mortes no trânsito;%;77
Brasília;2007;PERC_MORTE_NEGROS;Percentual de negros entre as mortes no trânsito;%;79
Brasília;2008;PERC_MORTE_NEGROS;Percentual de negros entre as mortes no trânsito;%;80
Brasília;2009;PERC_MORTE_NEGROS;Percentual de negros entre as mortes no trânsito;%;80
Brasília;2010;PERC_MORTE_NEGROS;Percentual de negros entre as mortes no trânsito;%;78
Brasília;2011;PERC_MORTE_NEGROS;Percentual de negros entre as mortes no trânsito;%;79
Brasília;2012;PERC_MORTE_NEGROS;Percentual de negros entre as mortes no trânsito;%;84
Brasília;2013;PERC_MORTE_NEGROS;Percentual de negros entre as mortes no trânsito;%;86
Brasília;2014;PERC_MORTE_NEGROS;Percentual de negros entre as mortes no trânsito;%;75
Brasília;2015;PERC_MORTE_NEGROS;Percentual de negros entre as mortes no trânsito;%;68
Brasília;2016;PERC_MORTE_NEGROS;Percentual de negros entre as mortes no trânsito;%;72
Brasília;2017;PERC_MORTE_NEGROS;Percentual de negros entre as mortes no trânsito;%;68
Brasília;2018;PERC_MORTE_NEGROS;Percentual de negros entre as mortes no trânsito;%;62
Brasília;2019;PERC_MORTE_NEGROS;Percentual de negros entre as mortes no trânsito;%;70,1183
Brasília;2020;PERC_MORTE_NEGROS;Percentual de negros entre as mortes no trânsito;%;67,5
Brasília;2021;PERC_MORTE_NEGROS;Percentual de negros entre as mortes no trânsito;%;68,7296
Campo Grande;2000;PERC_MORTE_NEGROS;Percentual de negros entre as mortes no trânsito;%;32
Campo Grande;2001;PERC_MORTE_NEGROS;Percentual de negros entre as mortes no trânsito;%;31
Campo Grande;2002;PERC_MORTE_NEGROS;Percentual de negros entre as mortes no trânsito;%;34
Campo Grande;2003;PERC_MORTE_NEGROS;Percentual de negros entre as mortes no trânsito;%;43
Campo Grande;2004;PERC_MORTE_NEGROS;Percentual de negros entre as mortes no trânsito;%;47
Campo Grande;2005;PERC_MORTE_NEGROS;Percentual de negros entre as mortes no trânsito;%;50
Campo Grande;2006;PERC_MORTE_NEGROS;Percentual de negros entre as mortes no trânsito;%;50
Campo Grande;2007;PERC_MORTE_NEGROS;Percentual de negros entre as mortes no trânsito;%;52
Campo Grande;2008;PERC_MORTE_NEGROS;Percentual de negros entre as mortes no trânsito;%;55
Campo Grande;2009;PERC_MORTE_NEGROS;Percentual de negros entre as mortes no trânsito;%;58
Campo Grande;2010;PERC_MORTE_NEGROS;Percentual de negros entre as mortes no trânsito;%;60
Campo Grande;2011;PERC_MORTE_NEGROS;Percentual de negros entre as mortes no trânsito;%;60
Campo Grande;2012;PERC_MORTE_NEGROS;Percentual de negros entre as mortes no trânsito;%;61
Campo Grande;2013;PERC_MORTE_NEGROS;Percentual de negros entre as mortes no trânsito;%;64
Campo Grande;2014;PERC_MORTE_NEGROS;Percentual de negros entre as mortes no trânsito;%;55
Campo Grande;2015;PERC_MORTE_NEGROS;Percentual de negros entre as mortes no trânsito;%;57
Campo Grande;2016;PERC_MORTE_NEGROS;Percentual de negros entre as mortes no trânsito;%;57
Campo Grande;2017;PERC_MORTE_NEGROS;Percentual de negros entre as mortes no trânsito;%;46
Campo Grande;2018;PERC_MORTE_NEGROS;Percentual de negros entre as mortes no trânsito;%;57
Campo Grande;2019;PERC_MORTE_NEGROS;Percentual de negros entre as mortes no trânsito;%;64,0244
Campo Grande;2020;PERC_MORTE_NEGROS;Percentual de negros entre as mortes no trânsito;%;62,8
Campo Grande;2021;PERC_MORTE_NEGROS;Percentual de negros entre as mortes no trânsito;%;61,6915
Cuiabá;2000;PERC_MORTE_NEGROS;Percentual de negros entre as mortes no trânsito;%;55
Cuiabá;2001;PERC_MORTE_NEGROS;Percentual de negros entre as mortes no trânsito;%;57
Cuiabá;2002;PERC_MORTE_NEGROS;Percentual de negros entre as mortes no trânsito;%;50
Cuiabá;2003;PERC_MORTE_NEGROS;Percentual de negros entre as mortes no trânsito;%;51
Cuiabá;2004;PERC_MORTE_NEGROS;Percentual de negros entre as mortes no trânsito;%;49
Cuiabá;2005;PERC_MORTE_NEGROS;Percentual de negros entre as mortes no trânsito;%;51
Cuiabá;2006;PERC_MORTE_NEGROS;Percentual de negros entre as mortes no trânsito;%;53
Cuiabá;2007;PERC_MORTE_NEGROS;Percentual de negros entre as mortes no trânsito;%;61
Cuiabá;2008;PERC_MORTE_NEGROS;Percentual de negros entre as mortes no trânsito;%;62
Cuiabá;2009;PERC_MORTE_NEGROS;Percentual de negros entre as mortes no trânsito;%;64
Cuiabá;2010;PERC_MORTE_NEGROS;Percentual de negros entre as mortes no trânsito;%;62
Cuiabá;2011;PERC_MORTE_NEGROS;Percentual de negros entre as mortes no trânsito;%;67
Cuiabá;2012;PERC_MORTE_NEGROS;Percentual de negros entre as mortes no trânsito;%;66
Cuiabá;2013;PERC_MORTE_NEGROS;Percentual de negros entre as mortes no trânsito;%;64
Cuiabá;2014;PERC_MORTE_NEGROS;Percentual de negros entre as mortes no trânsito;%;72
Cuiabá;2015;PERC_MORTE_NEGROS;Percentual de negros entre as mortes no trânsito;%;71
Cuiabá;2016;PERC_MORTE_NEGROS;Percentual de negros entre as mortes no trânsito;%;68
Cuiabá;2017;PERC_MORTE_NEGROS;Percentual de negros entre as mortes no trânsito;%;72
Cuiabá;2018;PERC_MORTE_NEGROS;Percentual de negros entre as mortes no trânsito;%;72
Cuiabá;2019;PERC_MORTE_NEGROS;Percentual de negros entre as mortes no trânsito;%;68,2759
Cuiabá;2020;PERC_MORTE_NEGROS;Percentual de negros entre as mortes no trânsito;%;72,9
Cuiabá;2021;PERC_MORTE_NEGROS;Percentual de negros entre as mortes no trânsito;%;73,2824
Curitiba;2000;PERC_MORTE_NEGROS;Percentual de negros entre as mortes no trânsito;%;10
Curitiba;2001;PERC_MORTE_NEGROS;Percentual de negros entre as mortes no trânsito;%;7
Curitiba;2002;PERC_MORTE_NEGROS;Percentual de negros entre as mortes no trânsito;%;6
Curitiba;2003;PERC_MORTE_NEGROS;Percentual de negros entre as mortes no trânsito;%;6
Curitiba;2004;PERC_MORTE_NEGROS;Percentual de negros entre as mortes no trânsito;%;5
Curitiba;2005;PERC_MORTE_NEGROS;Percentual de negros entre as mortes no trânsito;%;8
Curitiba;2006;PERC_MORTE_NEGROS;Percentual de negros entre as mortes no trânsito;%;6
Curitiba;2007;PERC_MORTE_NEGROS;Percentual de negros entre as mortes no trânsito;%;7
Curitiba;2008;PERC_MORTE_NEGROS;Percentual de negros entre as mortes no trânsito;%;7
Curitiba;2009;PERC_MORTE_NEGROS;Percentual de negros entre as mortes no trânsito;%;4
Curitiba;2010;PERC_MORTE_NEGROS;Percentual de negros entre as mortes no trânsito;%;5
Curitiba;2011;PERC_MORTE_NEGROS;Percentual de negros entre as mortes no trânsito;%;7
Curitiba;2012;PERC_MORTE_NEGROS;Percentual de negros entre as mortes no trânsito;%;8
Curitiba;2013;PERC_MORTE_NEGROS;Percentual de negros entre as mortes no trânsito;%;7
Curitiba;2014;PERC_MORTE_NEGROS;Percentual de negros entre as mortes no trânsito;%;6
Curitiba;2015;PERC_MORTE_NEGROS;Percentual de negros entre as mortes no trânsito;%;9
Curitiba;2016;PERC_MORTE_NEGROS;Percentual de negros entre as mortes no trânsito;%;9
Curitiba;2017;PERC_MORTE_NEGROS;Percentual de negros entre as mortes no trânsito;%;13
Curitiba;2018;PERC_MORTE_NEGROS;Percentual de negros entre as mortes no trânsito;%;9
Curitiba;2019;PERC_MORTE_NEGROS;Percentual de negros entre as mortes no trânsito;%;13,4146
Curitiba;2020;PERC_MORTE_NEGROS;Percentual de negros entre as mortes no trânsito;%;20,2
Curitiba;2021;PERC_MORTE_NEGROS;Percentual de negros entre as mortes no trânsito;%;29,0541
Florianópolis;2000;PERC_MORTE_NEGROS;Percentual de negros entre as mortes no trânsito;%;12
Florianópolis;2001;PERC_MORTE_NEGROS;Percentual de negros entre as mortes no trânsito;%;13
Florianópolis;2002;PERC_MORTE_NEGROS;Percentual de negros entre as mortes no trânsito;%;6
Florianópolis;2003;PERC_MORTE_NEGROS;Percentual de negros entre as mortes no trânsito;%;4
Florianópolis;2004;PERC_MORTE_NEGROS;Percentual de negros entre as mortes no trânsito;%;6
Florianópolis;2005;PERC_MORTE_NEGROS;Percentual de negros entre as mortes no trânsito;%;7
Florianópolis;2006;PERC_MORTE_NEGROS;Percentual de negros entre as mortes no trânsito;%;7
Florianópolis;2007;PERC_MORTE_NEGROS;Percentual de negros entre as mortes no trânsito;%;8
Florianópolis;2008;PERC_MORTE_NEGROS;Percentual de negros entre as mortes no trânsito;%;9
Florianópolis;2009;PERC_MORTE_NEGROS;Percentual de negros entre as mortes no trânsito;%;9
Florianópolis;2010;PERC_MORTE_NEGROS;Percentual de negros entre as mortes no trânsito;%;8
Florianópolis;2011;PERC_MORTE_NEGROS;Percentual de negros entre as mortes no trânsito;%;12
Florianópolis;2012;PERC_MORTE_NEGROS;Percentual de negros entre as mortes no trânsito;%;9
Florianópolis;2013;PERC_MORTE_NEGROS;Percentual de negros entre as mortes no trânsito;%;15
Florianópolis;2014;PERC_MORTE_NEGROS;Percentual de negros entre as mortes no trânsito;%;13
Florianópolis;2015;PERC_MORTE_NEGROS;Percentual de negros entre as mortes no trânsito;%;19
Florianópolis;2016;PERC_MORTE_NEGROS;Percentual de negros entre as mortes no trânsito;%;20
Florianópolis;2017;PERC_MORTE_NEGROS;Percentual de negros entre as mortes no trânsito;%;8
Florianópolis;2018;PERC_MORTE_NEGROS;Percentual de negros entre as mortes no trânsito;%;8
Florianópolis;2019;PERC_MORTE_NEGROS;Percentual de negros entre as mortes no trânsito;%;20
Florianópolis;2020;PERC_MORTE_NEGROS;Percentual de negros entre as mortes no trânsito;%;16,4
Florianópolis;2021;PERC_MORTE_NEGROS;Percentual de negros entre as mortes no trânsito;%;11,6279
Fortaleza;2000;PERC_MORTE_NEGROS;Percentual de negros entre as mortes no trânsito;%;55
Fortaleza;2001;PERC_MORTE_NEGROS;Percentual de negros entre as mortes no trânsito;%;49
Fortaleza;2002;PERC_MORTE_NEGROS;Percentual de negros entre as mortes no trânsito;%;36
Fortaleza;2003;PERC_MORTE_NEGROS;Percentual de negros entre as mortes no trânsito;%;33
Fortaleza;2004;PERC_MORTE_NEGROS;Percentual de negros entre as mortes no trânsito;%;30
Fortaleza;2005;PERC_MORTE_NEGROS;Percentual de negros entre as mortes no trânsito;%;26
Fortaleza;2006;PERC_MORTE_NEGROS;Percentual de negros entre as mortes no trânsito;%;40
Fortaleza;2007;PERC_MORTE_NEGROS;Percentual de negros entre as mortes no trânsito;%;59
Fortaleza;2008;PERC_MORTE_NEGROS;Percentual de negros entre as mortes no trânsito;%;55
Fortaleza;2009;PERC_MORTE_NEGROS;Percentual de negros entre as mortes no trânsito;%;44
Fortaleza;2010;PERC_MORTE_NEGROS;Percentual de negros entre as mortes no trânsito;%;55
Fortaleza;2011;PERC_MORTE_NEGROS;Percentual de negros entre as mortes no trânsito;%;40
Fortaleza;2012;PERC_MORTE_NEGROS;Percentual de negros entre as mortes no trânsito;%;30
Fortaleza;2013;PERC_MORTE_NEGROS;Percentual de negros entre as mortes no trânsito;%;36
Fortaleza;2014;PERC_MORTE_NEGROS;Percentual de negros entre as mortes no trânsito;%;37
Fortaleza;2015;PERC_MORTE_NEGROS;Percentual de negros entre as mortes no trânsito;%;39
Fortaleza;2016;PERC_MORTE_NEGROS;Percentual de negros entre as mortes no trânsito;%;55
Fortaleza;2017;PERC_MORTE_NEGROS;Percentual de negros entre as mortes no trânsito;%;90
Fortaleza;2018;PERC_MORTE_NEGROS;Percentual de negros entre as mortes no trânsito;%;85
Fortaleza;2019;PERC_MORTE_NEGROS;Percentual de negros entre as mortes no trânsito;%;90,9091
Fortaleza;2020;PERC_MORTE_NEGROS;Percentual de negros entre as mortes no trânsito;%;88,6
Fortaleza;2021;PERC_MORTE_NEGROS;Percentual de negros entre as mortes no trânsito;%;85,6436
Goiânia;2000;PERC_MORTE_NEGROS;Percentual de negros entre as mortes no trânsito;%;33
Goiânia;2001;PERC_MORTE_NEGROS;Percentual de negros entre as mortes no trânsito;%;41
Goiânia;2002;PERC_MORTE_NEGROS;Percentual de negros entre as mortes no trânsito;%;38
Goiânia;2003;PERC_MORTE_NEGROS;Percentual de negros entre as mortes no trânsito;%;33
Goiânia;2004;PERC_MORTE_NEGROS;Percentual de negros entre as mortes no trânsito;%;42
Goiânia;2005;PERC_MORTE_NEGROS;Percentual de negros entre as mortes no trânsito;%;52
Goiânia;2006;PERC_MORTE_NEGROS;Percentual de negros entre as mortes no trânsito;%;55
Goiânia;2007;PERC_MORTE_NEGROS;Percentual de negros entre as mortes no trânsito;%;59
Goiânia;2008;PERC_MORTE_NEGROS;Percentual de negros entre as mortes no trânsito;%;57
Goiânia;2009;PERC_MORTE_NEGROS;Percentual de negros entre as mortes no trânsito;%;57
Goiânia;2010;PERC_MORTE_NEGROS;Percentual de negros entre as mortes no trânsito;%;58
Goiânia;2011;PERC_MORTE_NEGROS;Percentual de negros entre as mortes no trânsito;%;63
Goiânia;2012;PERC_MORTE_NEGROS;Percentual de negros entre as mortes no trânsito;%;65
Goiânia;2013;PERC_MORTE_NEGROS;Percentual de negros entre as mortes no trânsito;%;61
Goiânia;2014;PERC_MORTE_NEGROS;Percentual de negros entre as mortes no trânsito;%;65
Goiânia;2015;PERC_MORTE_NEGROS;Percentual de negros entre as mortes no trânsito;%;66
Goiânia;2016;PERC_MORTE_NEGROS;Percentual de negros entre as mortes no trânsito;%;69
Goiânia;2017;PERC_MORTE_NEGROS;Percentual de negros entre as mortes no trânsito;%;78
Goiânia;2018;PERC_MORTE_NEGROS;Percentual de negros entre as mortes no trânsito;%;74
Goiânia;2019;PERC_MORTE_NEGROS;Percentual de negros entre as mortes no trânsito;%;74,5152
Goiânia;2020;PERC_MORTE_NEGROS;Percentual de negros entre as mortes no trânsito;%;75,1
Goiânia;2021;PERC_MORTE_NEGROS;Percentual de negros entre as mortes no trânsito;%;74,8373
João Pessoa;2000;PERC_MORTE_NEGROS;Percentual de negros entre as mortes no trânsito;%;74
João Pessoa;2001;PERC_MORTE_NEGROS;Percentual de negros entre as mortes no trânsito;%;78
João Pessoa;2002;PERC_MORTE_NEGROS;Percentual de negros entre as mortes no trânsito;%;74
João Pessoa;2003;PERC_MORTE_NEGROS;Percentual de negros entre as mortes no trânsito;%;79
João Pessoa;2004;PERC_MORTE_NEGROS;Percentual de negros entre as mortes no trânsito;%;75
João Pessoa;2005;PERC_MORTE_NEGROS;Percentual de negros entre as mortes no trânsito;%;80
João Pessoa;2006;PERC_MORTE_NEGROS;Percentual de negros entre as mortes no trânsito;%;81
João Pessoa;2007;PERC_MORTE_NEGROS;Percentual de negros entre as mortes no trânsito;%;83
João Pessoa;2008;PERC_MORTE_NEGROS;Percentual de negros entre as mortes no trânsito;%;91
João Pessoa;2009;PERC_MORTE_NEGROS;Percentual de negros entre as mortes no trânsito;%;88
João Pessoa;2010;PERC_MORTE_NEGROS;Percentual de negros entre as mortes no trânsito;%;84
João Pessoa;2011;PERC_MORTE_NEGROS;Percentual de negros entre as mortes no trânsito;%;84
João Pessoa;2012;PERC_MORTE_NEGROS;Percentual de negros entre as mortes no trânsito;%;84
João Pessoa;2013;PERC_MORTE_NEGROS;Percentual de negros entre as mortes no trânsito;%;83
João Pessoa;2014;PERC_MORTE_NEGROS;Percentual de negros entre as mortes no trânsito;%;81
João Pessoa;2015;PERC_MORTE_NEGROS;Percentual de negros entre as mortes no trânsito;%;85
João Pessoa;2016;PERC_MORTE_NEGROS;Percentual de negros entre as mortes no trânsito;%;88
João Pessoa;2017;PERC_MORTE_NEGROS;Percentual de negros entre as mortes no trânsito;%;95
João Pessoa;2018;PERC_MORTE_NEGROS;Percentual de negros entre as mortes no trânsito;%;95
João Pessoa;2019;PERC_MORTE_NEGROS;Percentual de negros entre as mortes no trânsito;%;88,1081
João Pessoa;2020;PERC_MORTE_NEGROS;Percentual de negros entre as mortes no trânsito;%;87,6
João Pessoa;2021;PERC_MORTE_NEGROS;Percentual de negros entre as mortes no trânsito;%;87,5706
Macapá;2000;PERC_MORTE_NEGROS;Percentual de negros entre as mortes no trânsito;%;84
Macapá;2001;PERC_MORTE_NEGROS;Percentual de negros entre as mortes no trânsito;%;88
Macapá;2002;PERC_MORTE_NEGROS;Percentual de negros entre as mortes no trânsito;%;79
Macapá;2003;PERC_MORTE_NEGROS;Percentual de negros entre as mortes no trânsito;%;89
Macapá;2004;PERC_MORTE_NEGROS;Percentual de negros entre as mortes no trânsito;%;82
Macapá;2005;PERC_MORTE_NEGROS;Percentual de negros entre as mortes no trânsito;%;92
Macapá;2006;PERC_MORTE_NEGROS;Percentual de negros entre as mortes no trânsito;%;85
Macapá;2007;PERC_MORTE_NEGROS;Percentual de negros entre as mortes no trânsito;%;80
Macapá;2008;PERC_MORTE_NEGROS;Percentual de negros entre as mortes no trânsito;%;93
Macapá;2009;PERC_MORTE_NEGROS;Percentual de negros entre as mortes no trânsito;%;92
Macapá;2010;PERC_MORTE_NEGROS;Percentual de negros entre as mortes no trânsito;%;77
Macapá;2011;PERC_MORTE_NEGROS;Percentual de negros entre as mortes no trânsito;%;74
Macapá;2012;PERC_MORTE_NEGROS;Percentual de negros entre as mortes no trânsito;%;78
Macapá;2013;PERC_MORTE_NEGROS;Percentual de negros entre as mortes no trânsito;%;74
Macapá;2014;PERC_MORTE_NEGROS;Percentual de negros entre as mortes no trânsito;%;81
Macapá;2015;PERC_MORTE_NEGROS;Percentual de negros entre as mortes no trânsito;%;85
Macapá;2016;PERC_MORTE_NEGROS;Percentual de negros entre as mortes no trânsito;%;79
Macapá;2017;PERC_MORTE_NEGROS;Percentual de negros entre as mortes no trânsito;%;90
Macapá;2018;PERC_MORTE_NEGROS;Percentual de negros entre as mortes no trânsito;%;85
Macapá;2019;PERC_MORTE_NEGROS;Percentual de negros entre as mortes no trânsito;%;95,1613
Macapá;2020;PERC_MORTE_NEGROS;Percentual de negros entre as mortes no trânsito;%;93
Macapá;2021;PERC_MORTE_NEGROS;Percentual de negros entre as mortes no trânsito;%;93,5484
Maceió;2000;PERC_MORTE_NEGROS;Percentual de negros entre as mortes no trânsito;%;60
Maceió;2001;PERC_MORTE_NEGROS;Percentual de negros entre as mortes no trânsito;%;62
Maceió;2002;PERC_MORTE_NEGROS;Percentual de negros entre as mortes no trânsito;%;58
Maceió;2003;PERC_MORTE_NEGROS;Percentual de negros entre as mortes no trânsito;%;53
Maceió;2004;PERC_MORTE_NEGROS;Percentual de negros entre as mortes no trânsito;%;58
Maceió;2005;PERC_MORTE_NEGROS;Percentual de negros entre as mortes no trânsito;%;61
Maceió;2006;PERC_MORTE_NEGROS;Percentual de negros entre as mortes no trânsito;%;65
Maceió;2007;PERC_MORTE_NEGROS;Percentual de negros entre as mortes no trânsito;%;56
Maceió;2008;PERC_MORTE_NEGROS;Percentual de negros entre as mortes no trânsito;%;81
Maceió;2009;PERC_MORTE_NEGROS;Percentual de negros entre as mortes no trânsito;%;81
Maceió;2010;PERC_MORTE_NEGROS;Percentual de negros entre as mortes no trânsito;%;75
Maceió;2011;PERC_MORTE_NEGROS;Percentual de negros entre as mortes no trânsito;%;88
Maceió;2012;PERC_MORTE_NEGROS;Percentual de negros entre as mortes no trânsito;%;90
Maceió;2013;PERC_MORTE_NEGROS;Percentual de negros entre as mortes no trânsito;%;92
Maceió;2014;PERC_MORTE_NEGROS;Percentual de negros entre as mortes no trânsito;%;97
Maceió;2015;PERC_MORTE_NEGROS;Percentual de negros entre as mortes no trânsito;%;98
Maceió;2016;PERC_MORTE_NEGROS;Percentual de negros entre as mortes no trânsito;%;97
Maceió;2017;PERC_MORTE_NEGROS;Percentual de negros entre as mortes no trânsito;%;95
Maceió;2018;PERC_MORTE_NEGROS;Percentual de negros entre as mortes no trânsito;%;80
Maceió;2019;PERC_MORTE_NEGROS;Percentual de negros entre as mortes no trânsito;%;93,4524
Maceió;2020;PERC_MORTE_NEGROS;Percentual de negros entre as mortes no trânsito;%;94,4
Maceió;2021;PERC_MORTE_NEGROS;Percentual de negros entre as mortes no trânsito;%;98,0645
Manaus;2000;PERC_MORTE_NEGROS;Percentual de negros entre as mortes no trânsito;%;91
Manaus;2001;PERC_MORTE_NEGROS;Percentual de negros entre as mortes no trânsito;%;82
Manaus;2002;PERC_MORTE_NEGROS;Percentual de negros entre as mortes no trânsito;%;83
Manaus;2003;PERC_MORTE_NEGROS;Percentual de negros entre as mortes no trânsito;%;78
Manaus;2004;PERC_MORTE_NEGROS;Percentual de negros entre as mortes no trânsito;%;78
Manaus;2005;PERC_MORTE_NEGROS;Percentual de negros entre as mortes no trânsito;%;83
Manaus;2006;PERC_MORTE_NEGROS;Percentual de negros entre as mortes no trânsito;%;85
Manaus;2007;PERC_MORTE_NEGROS;Percentual de negros entre as mortes no trânsito;%;86
Manaus;2008;PERC_MORTE_NEGROS;Percentual de negros entre as mortes no trânsito;%;90
Manaus;2009;PERC_MORTE_NEGROS;Percentual de negros entre as mortes no trânsito;%;93
Manaus;2010;PERC_MORTE_NEGROS;Percentual de negros entre as mortes no trânsito;%;90
Manaus;2011;PERC_MORTE_NEGROS;Percentual de negros entre as mortes no trânsito;%;85
Manaus;2012;PERC_MORTE_NEGROS;Percentual de negros entre as mortes no trânsito;%;87
Manaus;2013;PERC_MORTE_NEGROS;Percentual de negros entre as mortes no trânsito;%;87
Manaus;2014;PERC_MORTE_NEGROS;Percentual de negros entre as mortes no trânsito;%;88
Manaus;2015;PERC_MORTE_NEGROS;Percentual de negros entre as mortes no trânsito;%;92
Manaus;2016;PERC_MORTE_NEGROS;Percentual de negros entre as mortes no trânsito;%;94
Manaus;2017;PERC_MORTE_NEGROS;Percentual de negros entre as mortes no trânsito;%;91
Manaus;2018;PERC_MORTE_NEGROS;Percentual de negros entre as mortes no trânsito;%;93
Manaus;2019;PERC_MORTE_NEGROS;Percentual de negros entre as mortes no trânsito;%;90,942
Manaus;2020;PERC_MORTE_NEGROS;Percentual de negros entre as mortes no trânsito;%;88,4
Manaus;2021;PERC_MORTE_NEGROS;Percentual de negros entre as mortes no trânsito;%;87,3134
Natal;2000;PERC_MORTE_NEGROS;Percentual de negros entre as mortes no trânsito;%;63
Natal;2001;PERC_MORTE_NEGROS;Percentual de negros entre as mortes no trânsito;%;66
Natal;2002;PERC_MORTE_NEGROS;Percentual de negros entre as mortes no trânsito;%;76
Natal;2003;PERC_MORTE_NEGROS;Percentual de negros entre as mortes no trânsito;%;72
Natal;2004;PERC_MORTE_NEGROS;Percentual de negros entre as mortes no trânsito;%;69
Natal;2005;PERC_MORTE_NEGROS;Percentual de negros entre as mortes no trânsito;%;62
Natal;2006;PERC_MORTE_NEGROS;Percentual de negros entre as mortes no trânsito;%;64
Natal;2007;PERC_MORTE_NEGROS;Percentual de negros entre as mortes no trânsito;%;74
Natal;2008;PERC_MORTE_NEGROS;Percentual de negros entre as mortes no trânsito;%;68
Natal;2009;PERC_MORTE_NEGROS;Percentual de negros entre as mortes no trânsito;%;74
Natal;2010;PERC_MORTE_NEGROS;Percentual de negros entre as mortes no trânsito;%;69
Natal;2011;PERC_MORTE_NEGROS;Percentual de negros entre as mortes no trânsito;%;69
Natal;2012;PERC_MORTE_NEGROS;Percentual de negros entre as mortes no trânsito;%;71
Natal;2013;PERC_MORTE_NEGROS;Percentual de negros entre as mortes no trânsito;%;78
Natal;2014;PERC_MORTE_NEGROS;Percentual de negros entre as mortes no trânsito;%;81
Natal;2015;PERC_MORTE_NEGROS;Percentual de negros entre as mortes no trânsito;%;89
Natal;2016;PERC_MORTE_NEGROS;Percentual de negros entre as mortes no trânsito;%;81
Natal;2017;PERC_MORTE_NEGROS;Percentual de negros entre as mortes no trânsito;%;85
Natal;2018;PERC_MORTE_NEGROS;Percentual de negros entre as mortes no trânsito;%;91
Natal;2019;PERC_MORTE_NEGROS;Percentual de negros entre as mortes no trânsito;%;89,6226
Natal;2020;PERC_MORTE_NEGROS;Percentual de negros entre as mortes no trânsito;%;90
Natal;2021;PERC_MORTE_NEGROS;Percentual de negros entre as mortes no trânsito;%;98,9247
Palmas;2000;PERC_MORTE_NEGROS;Percentual de negros entre as mortes no trânsito;%;42
Palmas;2001;PERC_MORTE_NEGROS;Percentual de negros entre as mortes no trânsito;%;49
Palmas;2002;PERC_MORTE_NEGROS;Percentual de negros entre as mortes no trânsito;%;61
Palmas;2003;PERC_MORTE_NEGROS;Percentual de negros entre as mortes no trânsito;%;57
Palmas;2004;PERC_MORTE_NEGROS;Percentual de negros entre as mortes no trânsito;%;53
Palmas;2005;PERC_MORTE_NEGROS;Percentual de negros entre as mortes no trânsito;%;59
Palmas;2006;PERC_MORTE_NEGROS;Percentual de negros entre as mortes no trânsito;%;55
Palmas;2007;PERC_MORTE_NEGROS;Percentual de negros entre as mortes no trânsito;%;67
Palmas;2008;PERC_MORTE_NEGROS;Percentual de negros entre as mortes no trânsito;%;56
Palmas;2009;PERC_MORTE_NEGROS;Percentual de negros entre as mortes no trânsito;%;69
Palmas;2010;PERC_MORTE_NEGROS;Percentual de negros entre as mortes no trânsito;%;59
Palmas;2011;PERC_MORTE_NEGROS;Percentual de negros entre as mortes no trânsito;%;68
Palmas;2012;PERC_MORTE_NEGROS;Percentual de negros entre as mortes no trânsito;%;70
Palmas;2013;PERC_MORTE_NEGROS;Percentual de negros entre as mortes no trânsito;%;75
Palmas;2014;PERC_MORTE_NEGROS;Percentual de negros entre as mortes no trânsito;%;54
Palmas;2015;PERC_MORTE_NEGROS;Percentual de negros entre as mortes no trânsito;%;63
Palmas;2016;PERC_MORTE_NEGROS;Percentual de negros entre as mortes no trânsito;%;60
Palmas;2017;PERC_MORTE_NEGROS;Percentual de negros entre as mortes no trânsito;%;70
Palmas;2018;PERC_MORTE_NEGROS;Percentual de negros entre as mortes no trânsito;%;72
Palmas;2019;PERC_MORTE_NEGROS;Percentual de negros entre as mortes no trânsito;%;63,3028
Palmas;2020;PERC_MORTE_NEGROS;Percentual de negros entre as mortes no trânsito;%;65,7
Palmas;2021;PERC_MORTE_NEGROS;Percentual de negros entre as mortes no trânsito;%;70,339
Porto Alegre;2000;PERC_MORTE_NEGROS;Percentual de negros entre as mortes no trânsito;%;10
Porto Alegre;2001;PERC_MORTE_NEGROS;Percentual de negros entre as mortes no trânsito;%;11
Porto Alegre;2002;PERC_MORTE_NEGROS;Percentual de negros entre as mortes no trânsito;%;11
Porto Alegre;2003;PERC_MORTE_NEGROS;Percentual de negros entre as mortes no trânsito;%;12
Porto Alegre;2004;PERC_MORTE_NEGROS;Percentual de negros entre as mortes no trânsito;%;10
Porto Alegre;2005;PERC_MORTE_NEGROS;Percentual de negros entre as mortes no trânsito;%;13
Porto Alegre;2006;PERC_MORTE_NEGROS;Percentual de negros entre as mortes no trânsito;%;10
Porto Alegre;2007;PERC_MORTE_NEGROS;Percentual de negros entre as mortes no trânsito;%;11
Porto Alegre;2008;PERC_MORTE_NEGROS;Percentual de negros entre as mortes no trânsito;%;18
Porto Alegre;2009;PERC_MORTE_NEGROS;Percentual de negros entre as mortes no trânsito;%;14
Porto Alegre;2010;PERC_MORTE_NEGROS;Percentual de negros entre as mortes no trânsito;%;16
Porto Alegre;2011;PERC_MORTE_NEGROS;Percentual de negros entre as mortes no trânsito;%;11
Porto Alegre;2012;PERC_MORTE_NEGROS;Percentual de negros entre as mortes no trânsito;%;15
Porto Alegre;2013;PERC_MORTE_NEGROS;Percentual de negros entre as mortes no trânsito;%;15
Porto Alegre;2014;PERC_MORTE_NEGROS;Percentual de negros entre as mortes no trânsito;%;15
Porto Alegre;2015;PERC_MORTE_NEGROS;Percentual de negros entre as mortes no trânsito;%;26
Porto Alegre;2016;PERC_MORTE_NEGROS;Percentual de negros entre as mortes no trânsito;%;13
Porto Alegre;2017;PERC_MORTE_NEGROS;Percentual de negros entre as mortes no trânsito;%;14
Porto Alegre;2018;PERC_MORTE_NEGROS;Percentual de negros entre as mortes no trânsito;%;12
Porto Alegre;2019;PERC_MORTE_NEGROS;Percentual de negros entre as mortes no trânsito;%;19,5122
Porto Alegre;2020;PERC_MORTE_NEGROS;Percentual de negros entre as mortes no trânsito;%;12,1
Porto Alegre;2021;PERC_MORTE_NEGROS;Percentual de negros entre as mortes no trânsito;%;19,8276
Porto Velho;2000;PERC_MORTE_NEGROS;Percentual de negros entre as mortes no trânsito;%;57
Porto Velho;2001;PERC_MORTE_NEGROS;Percentual de negros entre as mortes no trânsito;%;59
Porto Velho;2002;PERC_MORTE_NEGROS;Percentual de negros entre as mortes no trânsito;%;56
Porto Velho;2003;PERC_MORTE_NEGROS;Percentual de negros entre as mortes no trânsito;%;69
Porto Velho;2004;PERC_MORTE_NEGROS;Percentual de negros entre as mortes no trânsito;%;68
Porto Velho;2005;PERC_MORTE_NEGROS;Percentual de negros entre as mortes no trânsito;%;63
Porto Velho;2006;PERC_MORTE_NEGROS;Percentual de negros entre as mortes no trânsito;%;69
Porto Velho;2007;PERC_MORTE_NEGROS;Percentual de negros entre as mortes no trânsito;%;62
Porto Velho;2008;PERC_MORTE_NEGROS;Percentual de negros entre as mortes no trânsito;%;67
Porto Velho;2009;PERC_MORTE_NEGROS;Percentual de negros entre as mortes no trânsito;%;70
Porto Velho;2010;PERC_MORTE_NEGROS;Percentual de negros entre as mortes no trânsito;%;69
Porto Velho;2011;PERC_MORTE_NEGROS;Percentual de negros entre as mortes no trânsito;%;60
Porto Velho;2012;PERC_MORTE_NEGROS;Percentual de negros entre as mortes no trânsito;%;69
Porto Velho;2013;PERC_MORTE_NEGROS;Percentual de negros entre as mortes no trânsito;%;69
Porto Velho;2014;PERC_MORTE_NEGROS;Percentual de negros entre as mortes no trânsito;%;64
Porto Velho;2015;PERC_MORTE_NEGROS;Percentual de negros entre as mortes no trânsito;%;71
Porto Velho;2016;PERC_MORTE_NEGROS;Percentual de negros entre as mortes no trânsito;%;68
Porto Velho;2017;PERC_MORTE_NEGROS;Percentual de negros entre as mortes no trânsito;%;59
Porto Velho;2018;PERC_MORTE_NEGROS;Percentual de negros entre as mortes no trânsito;%;56
Porto Velho;2019;PERC_MORTE_NEGROS;Percentual de negros entre as mortes no trânsito;%;59,434
Porto Velho;2020;PERC_MORTE_NEGROS;Percentual de negros entre as mortes no trânsito;%;63,5
Porto Velho;2021;PERC_MORTE_NEGROS;Percentual de negros entre as mortes no trânsito;%;68,3673
Recife;2000;PERC_MORTE_NEGROS;Percentual de negros entre as mortes no trânsito;%;80
Recife;2001;PERC_MORTE_NEGROS;Percentual de negros entre as mortes no trânsito;%;87
Recife;2002;PERC_MORTE_NEGROS;Percentual de negros entre as mortes no trânsito;%;84
Recife;2003;PERC_MORTE_NEGROS;Percentual de negros entre as mortes no trânsito;%;84
Recife;2004;PERC_MORTE_NEGROS;Percentual de negros entre as mortes no trânsito;%;90
Recife;2005;PERC_MORTE_NEGROS;Percentual de negros entre as mortes no trânsito;%;88
Recife;2006;PERC_MORTE_NEGROS;Percentual de negros entre as mortes no trânsito;%;93
Recife;2007;PERC_MORTE_NEGROS;Percentual de negros entre as mortes no trânsito;%;91
Recife;2008;PERC_MORTE_NEGROS;Percentual de negros entre as mortes no trânsito;%;85
Recife;2009;PERC_MORTE_NEGROS;Percentual de negros entre as mortes no trânsito;%;83
Recife;2010;PERC_MORTE_NEGROS;Percentual de negros entre as mortes no trânsito;%;82
Recife;2011;PERC_MORTE_NEGROS;Percentual de negros entre as mortes no trânsito;%;83
Recife;2012;PERC_MORTE_NEGROS;Percentual de negros entre as mortes no trânsito;%;85
Recife;2013;PERC_MORTE_NEGROS;Percentual de negros entre as mortes no trânsito;%;77
Recife;2014;PERC_MORTE_NEGROS;Percentual de negros entre as mortes no trânsito;%;77
Recife;2015;PERC_MORTE_NEGROS;Percentual de negros entre as mortes no trânsito;%;76
Recife;2016;PERC_MORTE_NEGROS;Percentual de negros entre as mortes no trânsito;%;78
Recife;2017;PERC_MORTE_NEGROS;Percentual de negros entre as mortes no trânsito;%;78
Recife;2018;PERC_MORTE_NEGROS;Percentual de negros entre as mortes no trânsito;%;72
Recife;2019;PERC_MORTE_NEGROS;Percentual de negros entre as mortes no trânsito;%;73,1884
Recife;2020;PERC_MORTE_NEGROS;Percentual de negros entre as mortes no trânsito;%;70,6
Recife;2021;PERC_MORTE_NEGROS;Percentual de negros entre as mortes no trânsito;%;70,2857
Rio Branco;2000;PERC_MORTE_NEGROS;Percentual de negros entre as mortes no trânsito;%;26
Rio Branco;2001;PERC_MORTE_NEGROS;Percentual de negros entre as mortes no trânsito;%;44
Rio Branco;2002;PERC_MORTE_NEGROS;Percentual de negros entre as mortes no trânsito;%;53
Rio Branco;2003;PERC_MORTE_NEGROS;Percentual de negros entre as mortes no trânsito;%;42
Rio Branco;2004;PERC_MORTE_NEGROS;Percentual de negros entre as mortes no trânsito;%;46
Rio Branco;2005;PERC_MORTE_NEGROS;Percentual de negros entre as mortes no trânsito;%;56
Rio Branco;2006;PERC_MORTE_NEGROS;Percentual de negros entre as mortes no trânsito;%;44
Rio Branco;2007;PERC_MORTE_NEGROS;Percentual de negros entre as mortes no trânsito;%;54
Rio Branco;2008;PERC_MORTE_NEGROS;Percentual de negros entre as mortes no trânsito;%;34
Rio Branco;2009;PERC_MORTE_NEGROS;Percentual de negros entre as mortes no trânsito;%;44
Rio Branco;2010;PERC_MORTE_NEGROS;Percentual de negros entre as mortes no trânsito;%;64
Rio Branco;2011;PERC_MORTE_NEGROS;Percentual de negros entre as mortes no trânsito;%;67
Rio Branco;2012;PERC_MORTE_NEGROS;Percentual de negros entre as mortes no trânsito;%;75
Rio Branco;2013;PERC_MORTE_NEGROS;Percentual de negros entre as mortes no trânsito;%;70
Rio Branco;2014;PERC_MORTE_NEGROS;Percentual de negros entre as mortes no trânsito;%;89
Rio Branco;2015;PERC_MORTE_NEGROS;Percentual de negros entre as mortes no trânsito;%;79
Rio Branco;2016;PERC_MORTE_NEGROS;Percentual de negros entre as mortes no trânsito;%;84
Rio Branco;2017;PERC_MORTE_NEGROS;Percentual de negros entre as mortes no trânsito;%;67
Rio Branco;2018;PERC_MORTE_NEGROS;Percentual de negros entre as mortes no trânsito;%;84
Rio Branco;2019;PERC_MORTE_NEGROS;Percentual de negros entre as mortes no trânsito;%;86,1538
Rio Branco;2020;PERC_MORTE_NEGROS;Percentual de negros entre as mortes no trânsito;%;90,9
Rio Branco;2021;PERC_MORTE_NEGROS;Percentual de negros entre as mortes no trânsito;%;82,8125
Rio de Janeiro;2000;PERC_MORTE_NEGROS;Percentual de negros entre as mortes no trânsito;%;42
Rio de Janeiro;2001;PERC_MORTE_NEGROS;Percentual de negros entre as mortes no trânsito;%;43
Rio de Janeiro;2002;PERC_MORTE_NEGROS;Percentual de negros entre as mortes no trânsito;%;42
Rio de Janeiro;2003;PERC_MORTE_NEGROS;Percentual de negros entre as mortes no trânsito;%;44
Rio de Janeiro;2004;PERC_MORTE_NEGROS;Percentual de negros entre as mortes no trânsito;%;48
Rio de Janeiro;2005;PERC_MORTE_NEGROS;Percentual de negros entre as mortes no trânsito;%;50
Rio de Janeiro;2006;PERC_MORTE_NEGROS;Percentual de negros entre as mortes no trânsito;%;50
Rio de Janeiro;2007;PERC_MORTE_NEGROS;Percentual de negros entre as mortes no trânsito;%;49
Rio de Janeiro;2008;PERC_MORTE_NEGROS;Percentual de negros entre as mortes no trânsito;%;47
Rio de Janeiro;2009;PERC_MORTE_NEGROS;Percentual de negros entre as mortes no trânsito;%;53
Rio de Janeiro;2010;PERC_MORTE_NEGROS;Percentual de negros entre as mortes no trânsito;%;53
Rio de Janeiro;2011;PERC_MORTE_NEGROS;Percentual de negros entre as mortes no trânsito;%;55
Rio de Janeiro;2012;PERC_MORTE_NEGROS;Percentual de negros entre as mortes no trânsito;%;56
Rio de Janeiro;2013;PERC_MORTE_NEGROS;Percentual de negros entre as mortes no trânsito;%;56
Rio de Janeiro;2014;PERC_MORTE_NEGROS;Percentual de negros entre as mortes no trânsito;%;57
Rio de Janeiro;2015;PERC_MORTE_NEGROS;Percentual de negros entre as mortes no trânsito;%;57
Rio de Janeiro;2016;PERC_MORTE_NEGROS;Percentual de negros entre as mortes no trânsito;%;58
Rio de Janeiro;2017;PERC_MORTE_NEGROS;Percentual de negros entre as mortes no trânsito;%;62
Rio de Janeiro;2018;PERC_MORTE_NEGROS;Percentual de negros entre as mortes no trânsito;%;65
Rio de Janeiro;2019;PERC_MORTE_NEGROS;Percentual de negros entre as mortes no trânsito;%;61,5584
Rio de Janeiro;2020;PERC_MORTE_NEGROS;Percentual de negros entre as mortes no trânsito;%;65,5
Rio de Janeiro;2021;PERC_MORTE_NEGROS;Percentual de negros entre as mortes no trânsito;%;64,8729
Salvador;2000;PERC_MORTE_NEGROS;Percentual de negros entre as mortes no trânsito;%;87
Salvador;2001;PERC_MORTE_NEGROS;Percentual de negros entre as mortes no trânsito;%;71
Salvador;2002;PERC_MORTE_NEGROS;Percentual de negros entre as mortes no trânsito;%;77
Salvador;2003;PERC_MORTE_NEGROS;Percentual de negros entre as mortes no trânsito;%;78
Salvador;2004;PERC_MORTE_NEGROS;Percentual de negros entre as mortes no trânsito;%;80
Salvador;2005;PERC_MORTE_NEGROS;Percentual de negros entre as mortes no trânsito;%;77
Salvador;2006;PERC_MORTE_NEGROS;Percentual de negros entre as mortes no trânsito;%;81
Salvador;2007;PERC_MORTE_NEGROS;Percentual de negros entre as mortes no trânsito;%;80
Salvador;2008;PERC_MORTE_NEGROS;Percentual de negros entre as mortes no trânsito;%;82
Salvador;2009;PERC_MORTE_NEGROS;Percentual de negros entre as mortes no trânsito;%;82
Salvador;2010;PERC_MORTE_NEGROS;Percentual de negros entre as mortes no trânsito;%;85
Salvador;2011;PERC_MORTE_NEGROS;Percentual de negros entre as mortes no trânsito;%;81
Salvador;2012;PERC_MORTE_NEGROS;Percentual de negros entre as mortes no trânsito;%;85
Salvador;2013;PERC_MORTE_NEGROS;Percentual de negros entre as mortes no trânsito;%;87
Salvador;2014;PERC_MORTE_NEGROS;Percentual de negros entre as mortes no trânsito;%;84
Salvador;2015;PERC_MORTE_NEGROS;Percentual de negros entre as mortes no trânsito;%;80
Salvador;2016;PERC_MORTE_NEGROS;Percentual de negros entre as mortes no trânsito;%;85
Salvador;2017;PERC_MORTE_NEGROS;Percentual de negros entre as mortes no trânsito;%;79
Salvador;2018;PERC_MORTE_NEGROS;Percentual de negros entre as mortes no trânsito;%;81
Salvador;2019;PERC_MORTE_NEGROS;Percentual de negros entre as mortes no trânsito;%;84,3243
Salvador;2020;PERC_MORTE_NEGROS;Percentual de negros entre as mortes no trânsito;%;85,1
Salvador;2021;PERC_MORTE_NEGROS;Percentual de negros entre as mortes no trânsito;%;84,1176
São Luís;2000;PERC_MORTE_NEGROS;Percentual de negros entre as mortes no trânsito;%;89
São Luís;2001;PERC_MORTE_NEGROS;Percentual de negros entre as mortes no trânsito;%;84
São Luís;2002;PERC_MORTE_NEGROS;Percentual de negros entre as mortes no trânsito;%;83
São Luís;2003;PERC_MORTE_NEGROS;Percentual de negros entre as mortes no trânsito;%;82
São Luís;2004;PERC_MORTE_NEGROS;Percentual de negros entre as mortes no trânsito;%;80
São Luís;2005;PERC_MORTE_NEGROS;Percentual de negros entre as mortes no trânsito;%;80
São Luís;2006;PERC_MORTE_NEGROS;Percentual de negros entre as mortes no trânsito;%;76
São Luís;2007;PERC_MORTE_NEGROS;Percentual de negros entre as mortes no trânsito;%;77
São Luís;2008;PERC_MORTE_NEGROS;Percentual de negros entre as mortes no trânsito;%;85
São Luís;2009;PERC_MORTE_NEGROS;Percentual de negros entre as mortes no trânsito;%;75
São Luís;2010;PERC_MORTE_NEGROS;Percentual de negros entre as mortes no trânsito;%;78
São Luís;2011;PERC_MORTE_NEGROS;Percentual de negros entre as mortes no trânsito;%;77
São Luís;2012;PERC_MORTE_NEGROS;Percentual de negros entre as mortes no trânsito;%;88
São Luís;2013;PERC_MORTE_NEGROS;Percentual de negros entre as mortes no trânsito;%;88
São Luís;2014;PERC_MORTE_NEGROS;Percentual de negros entre as mortes no trânsito;%;85
São Luís;2015;PERC_MORTE_NEGROS;Percentual de negros entre as mortes no trânsito;%;84
São Luís;2016;PERC_MORTE_NEGROS;Percentual de negros entre as mortes no trânsito;%;84
São Luís;2017;PERC_MORTE_NEGROS;Percentual de negros entre as mortes no trânsito;%;81
São Luís;2018;PERC_MORTE_NEGROS;Percentual de negros entre as mortes no trânsito;%;82
São Luís;2019;PERC_MORTE_NEGROS;Percentual de negros entre as mortes no trânsito;%;77,8302
São Luís;2020;PERC_MORTE_NEGROS;Percentual de negros entre as mortes no trânsito;%;85
São Luís;2021;PERC_MORTE_NEGROS;Percentual de negros entre as mortes no trânsito;%;78,8546
São Paulo;2000;PERC_MORTE_NEGROS;Percentual de negros entre as mortes no trânsito;%;31
São Paulo;2001;PERC_MORTE_NEGROS;Percentual de negros entre as mortes no trânsito;%;30
São Paulo;2002;PERC_MORTE_NEGROS;Percentual de negros entre as mortes no trânsito;%;31
São Paulo;2003;PERC_MORTE_NEGROS;Percentual de negros entre as mortes no trânsito;%;29
São Paulo;2004;PERC_MORTE_NEGROS;Percentual de negros entre as mortes no trânsito;%;30
São Paulo;2005;PERC_MORTE_NEGROS;Percentual de negros entre as mortes no trânsito;%;32
São Paulo;2006;PERC_MORTE_NEGROS;Percentual de negros entre as mortes no trânsito;%;35
São Paulo;2007;PERC_MORTE_NEGROS;Percentual de negros entre as mortes no trânsito;%;34
São Paulo;2008;PERC_MORTE_NEGROS;Percentual de negros entre as mortes no trânsito;%;35
São Paulo;2009;PERC_MORTE_NEGROS;Percentual de negros entre as mortes no trânsito;%;34
São Paulo;2010;PERC_MORTE_NEGROS;Percentual de negros entre as mortes no trânsito;%;39
São Paulo;2011;PERC_MORTE_NEGROS;Percentual de negros entre as mortes no trânsito;%;38
São Paulo;2012;PERC_MORTE_NEGROS;Percentual de negros entre as mortes no trânsito;%;39
São Paulo;2013;PERC_MORTE_NEGROS;Percentual de negros entre as mortes no trânsito;%;41
São Paulo;2014;PERC_MORTE_NEGROS;Percentual de negros entre as mortes no trânsito;%;44
São Paulo;2015;PERC_MORTE_NEGROS;Percentual de negros entre as mortes no trânsito;%;41
São Paulo;2016;PERC_MORTE_NEGROS;Percentual de negros entre as mortes no trânsito;%;43
São Paulo;2017;PERC_MORTE_NEGROS;Percentual de negros entre as mortes no trânsito;%;46
São Paulo;2018;PERC_MORTE_NEGROS;Percentual de negros entre as mortes no trânsito;%;56
São Paulo;2019;PERC_MORTE_NEGROS;Percentual de negros entre as mortes no trânsito;%;48,1627
São Paulo;2020;PERC_MORTE_NEGROS;Percentual de negros entre as mortes no trânsito;%;52,3
São Paulo;2021;PERC_MORTE_NEGROS;Percentual de negros entre as mortes no trânsito;%;47,1533
Teresina;2000;PERC_MORTE_NEGROS;Percentual de negros entre as mortes no trânsito;%;63
Teresina;2001;PERC_MORTE_NEGROS;Percentual de negros entre as mortes no trânsito;%;68
Teresina;2002;PERC_MORTE_NEGROS;Percentual de negros entre as mortes no trânsito;%;72
Teresina;2003;PERC_MORTE_NEGROS;Percentual de negros entre as mortes no trânsito;%;74
Teresina;2004;PERC_MORTE_NEGROS;Percentual de negros entre as mortes no trânsito;%;76
Teresina;2005;PERC_MORTE_NEGROS;Percentual de negros entre as mortes no trânsito;%;72
Teresina;2006;PERC_MORTE_NEGROS;Percentual de negros entre as mortes no trânsito;%;79
Teresina;2007;PERC_MORTE_NEGROS;Percentual de negros entre as mortes no trânsito;%;79
Teresina;2008;PERC_MORTE_NEGROS;Percentual de negros entre as mortes no trânsito;%;77
Teresina;2009;PERC_MORTE_NEGROS;Percentual de negros entre as mortes no trânsito;%;80
Teresina;2010;PERC_MORTE_NEGROS;Percentual de negros entre as mortes no trânsito;%;76
Teresina;2011;PERC_MORTE_NEGROS;Percentual de negros entre as mortes no trânsito;%;79
Teresina;2012;PERC_MORTE_NEGROS;Percentual de negros entre as mortes no trânsito;%;79
Teresina;2013;PERC_MORTE_NEGROS;Percentual de negros entre as mortes no trânsito;%;77
Teresina;2014;PERC_MORTE_NEGROS;Percentual de negros entre as mortes no trânsito;%;76
Teresina;2015;PERC_MORTE_NEGROS;Percentual de negros entre as mortes no trânsito;%;83
Teresina;2016;PERC_MORTE_NEGROS;Percentual de negros entre as mortes no trânsito;%;85
Teresina;2017;PERC_MORTE_NEGROS;Percentual de negros entre as mortes no trânsito;%;84
Teresina;2018;PERC_MORTE_NEGROS;Percentual de negros entre as mortes no trânsito;%;82
Teresina;2019;PERC_MORTE_NEGROS;Percentual de negros entre as mortes no trânsito;%;82,9861
Teresina;2020;PERC_MORTE_NEGROS;Percentual de negros entre as mortes no trânsito;%;83,7
Teresina;2021;PERC_MORTE_NEGROS;Percentual de negros entre as mortes no trânsito;%;80,2768
Vitória;2000;PERC_MORTE_NEGROS;Percentual de negros entre as mortes no trânsito;%;46
Vitória;2001;PERC_MORTE_NEGROS;Percentual de negros entre as mortes no trânsito;%;41
Vitória;2002;PERC_MORTE_NEGROS;Percentual de negros entre as mortes no trânsito;%;46
Vitória;2003;PERC_MORTE_NEGROS;Percentual de negros entre as mortes no trânsito;%;45
Vitória;2004;PERC_MORTE_NEGROS;Percentual de negros entre as mortes no trânsito;%;47
Vitória;2005;PERC_MORTE_NEGROS;Percentual de negros entre as mortes no trânsito;%;44
Vitória;2006;PERC_MORTE_NEGROS;Percentual de negros entre as mortes no trânsito;%;42
Vitória;2007;PERC_MORTE_NEGROS;Percentual de negros entre as mortes no trânsito;%;50
Vitória;2008;PERC_MORTE_NEGROS;Percentual de negros entre as mortes no trânsito;%;58
Vitória;2009;PERC_MORTE_NEGROS;Percentual de negros entre as mortes no trânsito;%;54
Vitória;2010;PERC_MORTE_NEGROS;Percentual de negros entre as mortes no trânsito;%;67
Vitória;2011;PERC_MORTE_NEGROS;Percentual de negros entre as mortes no trânsito;%;68
Vitória;2012;PERC_MORTE_NEGROS;Percentual de negros entre as mortes no trânsito;%;78
Vitória;2013;PERC_MORTE_NEGROS;Percentual de negros entre as mortes no trânsito;%;70
Vitória;2014;PERC_MORTE_NEGROS;Percentual de negros entre as mortes no trânsito;%;70
Vitória;2015;PERC_MORTE_NEGROS;Percentual de negros entre as mortes no trânsito;%;84
Vitória;2016;PERC_MORTE_NEGROS;Percentual de negros entre as mortes no trânsito;%;67
Vitória;2017;PERC_MORTE_NEGROS;Percentual de negros entre as mortes no trânsito;%;70
Vitória;2018;PERC_MORTE_NEGROS;Percentual de negros entre as mortes no trânsito;%;72
Vitória;2019;PERC_MORTE_NEGROS;Percentual de negros entre as mortes no trânsito;%;66,6667
Vitória;2020;PERC_MORTE_NEGROS;Percentual de negros entre as mortes no trânsito;%;66,4
Vitória;2021;PERC_MORTE_NEGROS;Percentual de negros entre as mortes no trânsito;%;60,4938
Aracaju;2010;PERC_RAMPAS;Domicílios com rampas no entorno;%;7,79
Belém;2010;PERC_RAMPAS;Domicílios com rampas no entorno;%;2,71
Belo Horizonte;2010;PERC_RAMPAS;Domicílios com rampas no entorno;%;9,6
Boa Vista;2010;PERC_RAMPAS;Domicílios com rampas no entorno;%;2,05
Brasília;2010;PERC_RAMPAS;Domicílios com rampas no entorno;%;16,37
Campo Grande;2010;PERC_RAMPAS;Domicílios com rampas no entorno;%;24,74
Cuiabá;2010;PERC_RAMPAS;Domicílios com rampas no entorno;%;4,28
Curitiba;2010;PERC_RAMPAS;Domicílios com rampas no entorno;%;12,5
Florianópolis;2010;PERC_RAMPAS;Domicílios com rampas no entorno;%;7,47
Fortaleza;2010;PERC_RAMPAS;Domicílios com rampas no entorno;%;1,6
Goiânia;2010;PERC_RAMPAS;Domicílios com rampas no entorno;%;10,19
João Pessoa;2010;PERC_RAMPAS;Domicílios com rampas no entorno;%;2,11
Macapá;2010;PERC_RAMPAS;Domicílios com rampas no entorno;%;2,31
Maceió;2010;PERC_RAMPAS;Domicílios com rampas no entorno;%;5,86
Manaus;2010;PERC_RAMPAS;Domicílios com rampas no entorno;%;2,4
Natal;2010;PERC_RAMPAS;Domicílios com rampas no entorno;%;2,75
Palmas;2010;PERC_RAMPAS;Domicílios com rampas no entorno;%;0,82
Porto Alegre;2010;PERC_RAMPAS;Domicílios com rampas no entorno;%;23,23
Porto Velho;2010;PERC_RAMPAS;Domicílios com rampas no entorno;%;1,19
Recife;2010;PERC_RAMPAS;Domicílios com rampas no entorno;%;4,6
Rio Branco;2010;PERC_RAMPAS;Domicílios com rampas no entorno;%;6,53
Rio de Janeiro;2010;PERC_RAMPAS;Domicílios com rampas no entorno;%;8,64
Salvador;2010;PERC_RAMPAS;Domicílios com rampas no entorno;%;2,17
São Luís;2010;PERC_RAMPAS;Domicílios com rampas no entorno;%;1,91
São Paulo;2010;PERC_RAMPAS;Domicílios com rampas no entorno;%;9,13
Teresina;2010;PERC_RAMPAS;Domicílios com rampas no entorno;%;2,59
Vitória;2010;PERC_RAMPAS;Domicílios com rampas no entorno;%;19,86
Belo Horizonte;2002;PERC_TRANSP_COLETIVO;Viagens de transporte coletivo;%;44,6
Belo Horizonte;2012;PERC_TRANSP_COLETIVO;Viagens de transporte coletivo;%;28,5
Curitiba;2010;PERC_TRANSP_COLETIVO;Viagens de transporte coletivo;%;48
Belo Horizonte;2002;PERC_TRANSP_IND_MOTO;Viagens de transporte individual motorizado;%;25,9
Belo Horizonte;2012;PERC_TRANSP_IND_MOTO;Viagens de transporte individual motorizado;%;36,6
Curitiba;2010;PERC_TRANSP_IND_MOTO;Viagens de transporte individual motorizado;%;27
Aracaju;2018;PNB;População próxima da infraestrutura cicloviária (PNB);%;20,21
Aracaju;2019;PNB;População próxima da infraestrutura cicloviária (PNB);%;20,37
Aracaju;2020;PNB;População próxima da infraestrutura cicloviária (PNB);%;20,22
Aracaju;2021;PNB;População próxima da infraestrutura cicloviária (PNB);%;23,75
Belém;2018;PNB;População próxima da infraestrutura cicloviária (PNB);%;29,67
Belém;2019;PNB;População próxima da infraestrutura cicloviária (PNB);%;30,66
Belém;2020;PNB;População próxima da infraestrutura cicloviária (PNB);%;30,36
Belém;2021;PNB;População próxima da infraestrutura cicloviária (PNB);%;30,99
Belo Horizonte;2018;PNB;População próxima da infraestrutura cicloviária (PNB);%;11,52
Belo Horizonte;2019;PNB;População próxima da infraestrutura cicloviária (PNB);%;11,35
Belo Horizonte;2020;PNB;População próxima da infraestrutura cicloviária (PNB);%;11,47
Belo Horizonte;2021;PNB;População próxima da infraestrutura cicloviária (PNB);%;13,82
Boa Vista;2018;PNB;População próxima da infraestrutura cicloviária (PNB);%;5,17
Boa Vista;2019;PNB;População próxima da infraestrutura cicloviária (PNB);%;15,24
Boa Vista;2020;PNB;População próxima da infraestrutura cicloviária (PNB);%;15,16
Boa Vista;2021;PNB;População próxima da infraestrutura cicloviária (PNB);%;15,17
Brasília;2018;PNB;População próxima da infraestrutura cicloviária (PNB);%;27,97
Brasília;2019;PNB;População próxima da infraestrutura cicloviária (PNB);%;28,65
Brasília;2020;PNB;População próxima da infraestrutura cicloviária (PNB);%;28,71
Brasília;2021;PNB;População próxima da infraestrutura cicloviária (PNB);%;28,24
Campo Grande;2018;PNB;População próxima da infraestrutura cicloviária (PNB);%;13,32
Campo Grande;2019;PNB;População próxima da infraestrutura cicloviária (PNB);%;13,63
Campo Grande;2020;PNB;População próxima da infraestrutura cicloviária (PNB);%;13,5
Campo Grande;2021;PNB;População próxima da infraestrutura cicloviária (PNB);%;13,85
Cuiabá;2018;PNB;População próxima da infraestrutura cicloviária (PNB);%;0,88
Cuiabá;2019;PNB;População próxima da infraestrutura cicloviária (PNB);%;3,04
Cuiabá;2020;PNB;População próxima da infraestrutura cicloviária (PNB);%;3,33
Cuiabá;2021;PNB;População próxima da infraestrutura cicloviária (PNB);%;5,82
Curitiba;2018;PNB;População próxima da infraestrutura cicloviária (PNB);%;16,05
Curitiba;2019;PNB;População próxima da infraestrutura cicloviária (PNB);%;17,89
Curitiba;2020;PNB;População próxima da infraestrutura cicloviária (PNB);%;17,81
Curitiba;2021;PNB;População próxima da infraestrutura cicloviária (PNB);%;17,27
Florianópolis;2018;PNB;População próxima da infraestrutura cicloviária (PNB);%;15,33
Florianópolis;2019;PNB;População próxima da infraestrutura cicloviária (PNB);%;12,13
Florianópolis;2020;PNB;População próxima da infraestrutura cicloviária (PNB);%;15,65
Florianópolis;2021;PNB;População próxima da infraestrutura cicloviária (PNB);%;26,12
Fortaleza;2018;PNB;População próxima da infraestrutura cicloviária (PNB);%;35,39
Fortaleza;2019;PNB;População próxima da infraestrutura cicloviária (PNB);%;38,31
Fortaleza;2020;PNB;População próxima da infraestrutura cicloviária (PNB);%;47,06
Fortaleza;2021;PNB;População próxima da infraestrutura cicloviária (PNB);%;50,84
Goiânia;2018;PNB;População próxima da infraestrutura cicloviária (PNB);%;5,18
Goiânia;2019;PNB;População próxima da infraestrutura cicloviária (PNB);%;5,53
Goiânia;2020;PNB;População próxima da infraestrutura cicloviária (PNB);%;5,9
Goiânia;2021;PNB;População próxima da infraestrutura cicloviária (PNB);%;6,63
João Pessoa;2018;PNB;População próxima da infraestrutura cicloviária (PNB);%;6,62
João Pessoa;2019;PNB;População próxima da infraestrutura cicloviária (PNB);%;9,31
João Pessoa;2020;PNB;População próxima da infraestrutura cicloviária (PNB);%;10,27
João Pessoa;2021;PNB;População próxima da infraestrutura cicloviária (PNB);%;18,3
Maceió;2018;PNB;População próxima da infraestrutura cicloviária (PNB);%;7,34
Maceió;2019;PNB;População próxima da infraestrutura cicloviária (PNB);%;7,24
Maceió;2020;PNB;População próxima da infraestrutura cicloviária (PNB);%;7,34
Maceió;2021;PNB;População próxima da infraestrutura cicloviária (PNB);%;7,23
Manaus;2018;PNB;População próxima da infraestrutura cicloviária (PNB);%;1,22
Manaus;2019;PNB;População próxima da infraestrutura cicloviária (PNB);%;1,84
Manaus;2020;PNB;População próxima da infraestrutura cicloviária (PNB);%;2,17
Manaus;2021;PNB;População próxima da infraestrutura cicloviária (PNB);%;2,74
Natal;2018;PNB;População próxima da infraestrutura cicloviária (PNB);%;0,42
Natal;2019;PNB;População próxima da infraestrutura cicloviária (PNB);%;3,31
Natal;2020;PNB;População próxima da infraestrutura cicloviária (PNB);%;4,48
Natal;2021;PNB;População próxima da infraestrutura cicloviária (PNB);%;8,06
Porto Alegre;2018;PNB;População próxima da infraestrutura cicloviária (PNB);%;13,11
Porto Alegre;2019;PNB;População próxima da infraestrutura cicloviária (PNB);%;13,06
Porto Alegre;2020;PNB;População próxima da infraestrutura cicloviária (PNB);%;13,96
Porto Alegre;2021;PNB;População próxima da infraestrutura cicloviária (PNB);%;13,43
Porto Velho;2018;PNB;População próxima da infraestrutura cicloviária (PNB);%;0,62
Porto Velho;2019;PNB;População próxima da infraestrutura cicloviária (PNB);%;0,51
Porto Velho;2020;PNB;População próxima da infraestrutura cicloviária (PNB);%;0,5
Porto Velho;2021;PNB;População próxima da infraestrutura cicloviária (PNB);%;5,91
Recife;2018;PNB;População próxima da infraestrutura cicloviária (PNB);%;15,14
Recife;2019;PNB;População próxima da infraestrutura cicloviária (PNB);%;16,54
Recife;2020;PNB;População próxima da infraestrutura cicloviária (PNB);%;26,78
Recife;2021;PNB;População próxima da infraestrutura cicloviária (PNB);%;29,76
Rio Branco;2018;PNB;População próxima da infraestrutura cicloviária (PNB);%;3,23
Rio Branco;2019;PNB;População próxima da infraestrutura cicloviária (PNB);%;4,86
Rio Branco;2020;PNB;População próxima da infraestrutura cicloviária (PNB);%;8,9
Rio Branco;2021;PNB;População próxima da infraestrutura cicloviária (PNB);%;9,55
Rio de Janeiro;2018;PNB;População próxima da infraestrutura cicloviária (PNB);%;15,45
Rio de Janeiro;2019;PNB;População próxima da infraestrutura cicloviária (PNB);%;15,5
Rio de Janeiro;2020;PNB;População próxima da infraestrutura cicloviária (PNB);%;15,65
Rio de Janeiro;2021;PNB;População próxima da infraestrutura cicloviária (PNB);%;15,41
Salvador;2018;PNB;População próxima da infraestrutura cicloviária (PNB);%;17,25
Salvador;2019;PNB;População próxima da infraestrutura cicloviária (PNB);%;18,85
Salvador;2020;PNB;População próxima da infraestrutura cicloviária (PNB);%;19,85
Salvador;2021;PNB;População próxima da infraestrutura cicloviária (PNB);%;21,13
São Luís;2018;PNB;População próxima da infraestrutura cicloviária (PNB);%;0,28
São Luís;2019;PNB;População próxima da infraestrutura cicloviária (PNB);%;1,41
São Luís;2020;PNB;População próxima da infraestrutura cicloviária (PNB);%;1,67
São Luís;2021;PNB;População próxima da infraestrutura cicloviária (PNB);%;2,37
São Paulo;2018;PNB;População próxima da infraestrutura cicloviária (PNB);%;18,97
São Paulo;2019;PNB;População próxima da infraestrutura cicloviária (PNB);%;19,28
São Paulo;2020;PNB;População próxima da infraestrutura cicloviária (PNB);%;19,58
São Paulo;2021;PNB;População próxima da infraestrutura cicloviária (PNB);%;21,03
Teresina;2018;PNB;População próxima da infraestrutura cicloviária (PNB);%;9,22
Teresina;2019;PNB;População próxima da infraestrutura cicloviária (PNB);%;9,06
Teresina;2020;PNB;População próxima da infraestrutura cicloviária (PNB);%;10,2
Teresina;2021;PNB;População próxima da infraestrutura cicloviária (PNB);%;12,95
Vitória;2018;PNB;População próxima da infraestrutura cicloviária (PNB);%;21,29
Vitória;2019;PNB;População próxima da infraestrutura cicloviária (PNB);%;32,15
Vitória;2020;PNB;População próxima da infraestrutura cicloviária (PNB);%;33,29
Vitória;2021;PNB;População próxima da infraestrutura cicloviária (PNB);%;33,19
Palmas;2019;PNB;População próxima da infraestrutura cicloviária (PNB);%;2,09
Palmas;2020;PNB;População próxima da infraestrutura cicloviária (PNB);%;2,67
Palmas;2021;PNB;População próxima da infraestrutura cicloviária (PNB);%;19,88
Macapá;2020;PNB;População próxima da infraestrutura cicloviária (PNB);%;2,02
Macapá;2021;PNB;População próxima da infraestrutura cicloviária (PNB);%;2,02
Aracaju;2018;PNB_1/2_1;PNB — renda de ½ a 1 salário mínimo;%;19,95
Aracaju;2019;PNB_1/2_1;PNB — renda de ½ a 1 salário mínimo;%;20,13
Aracaju;2020;PNB_1/2_1;PNB — renda de ½ a 1 salário mínimo;%;19,9
Aracaju;2021;PNB_1/2_1;PNB — renda de ½ a 1 salário mínimo;%;24,26
Belém;2018;PNB_1/2_1;PNB — renda de ½ a 1 salário mínimo;%;27,93
Belém;2019;PNB_1/2_1;PNB — renda de ½ a 1 salário mínimo;%;29,07
Belém;2020;PNB_1/2_1;PNB — renda de ½ a 1 salário mínimo;%;28,85
Belém;2021;PNB_1/2_1;PNB — renda de ½ a 1 salário mínimo;%;29,71
Belo Horizonte;2018;PNB_1/2_1;PNB — renda de ½ a 1 salário mínimo;%;10,68
Belo Horizonte;2019;PNB_1/2_1;PNB — renda de ½ a 1 salário mínimo;%;10,6
Belo Horizonte;2020;PNB_1/2_1;PNB — renda de ½ a 1 salário mínimo;%;10,73
Belo Horizonte;2021;PNB_1/2_1;PNB — renda de ½ a 1 salário mínimo;%;12,85
Boa Vista;2018;PNB_1/2_1;PNB — renda de ½ a 1 salário mínimo;%;3,9
Boa Vista;2019;PNB_1/2_1;PNB — renda de ½ a 1 salário mínimo;%;14,42
Boa Vista;2020;PNB_1/2_1;PNB — renda de ½ a 1 salário mínimo;%;14,36
Boa Vista;2021;PNB_1/2_1;PNB — renda de ½ a 1 salário mínimo;%;14,36
Brasília;2018;PNB_1/2_1;PNB — renda de ½ a 1 salário mínimo;%;23,71
Brasília;2019;PNB_1/2_1;PNB — renda de ½ a 1 salário mínimo;%;24,53
Brasília;2020;PNB_1/2_1;PNB — renda de ½ a 1 salário mínimo;%;24,55
Brasília;2021;PNB_1/2_1;PNB — renda de ½ a 1 salário mínimo;%;24,23
Campo Grande;2018;PNB_1/2_1;PNB — renda de ½ a 1 salário mínimo;%;12,35
Campo Grande;2019;PNB_1/2_1;PNB — renda de ½ a 1 salário mínimo;%;12,65
Campo Grande;2020;PNB_1/2_1;PNB — renda de ½ a 1 salário mínimo;%;12,66
Campo Grande;2021;PNB_1/2_1;PNB — renda de ½ a 1 salário mínimo;%;12,98
Cuiabá;2018;PNB_1/2_1;PNB — renda de ½ a 1 salário mínimo;%;0,9
Cuiabá;2019;PNB_1/2_1;PNB — renda de ½ a 1 salário mínimo;%;2,73
Cuiabá;2020;PNB_1/2_1;PNB — renda de ½ a 1 salário mínimo;%;2,96
Cuiabá;2021;PNB_1/2_1;PNB — renda de ½ a 1 salário mínimo;%;5,34
Curitiba;2018;PNB_1/2_1;PNB — renda de ½ a 1 salário mínimo;%;11,25
Curitiba;2019;PNB_1/2_1;PNB — renda de ½ a 1 salário mínimo;%;12,76
Curitiba;2020;PNB_1/2_1;PNB — renda de ½ a 1 salário mínimo;%;12,65
Curitiba;2021;PNB_1/2_1;PNB — renda de ½ a 1 salário mínimo;%;12,29
Florianópolis;2018;PNB_1/2_1;PNB — renda de ½ a 1 salário mínimo;%;8,96
Florianópolis;2019;PNB_1/2_1;PNB — renda de ½ a 1 salário mínimo;%;8,01
Florianópolis;2020;PNB_1/2_1;PNB — renda de ½ a 1 salário mínimo;%;9,55
Florianópolis;2021;PNB_1/2_1;PNB — renda de ½ a 1 salário mínimo;%;15,66
Fortaleza;2018;PNB_1/2_1;PNB — renda de ½ a 1 salário mínimo;%;33,33
Fortaleza;2019;PNB_1/2_1;PNB — renda de ½ a 1 salário mínimo;%;35,86
Fortaleza;2020;PNB_1/2_1;PNB — renda de ½ a 1 salário mínimo;%;44,9
Fortaleza;2021;PNB_1/2_1;PNB — renda de ½ a 1 salário mínimo;%;48,36
Goiânia;2018;PNB_1/2_1;PNB — renda de ½ a 1 salário mínimo;%;3,14
Goiânia;2019;PNB_1/2_1;PNB — renda de ½ a 1 salário mínimo;%;3,14
Goiânia;2020;PNB_1/2_1;PNB — renda de ½ a 1 salário mínimo;%;3,52
Goiânia;2021;PNB_1/2_1;PNB — renda de ½ a 1 salário mínimo;%;3,43
João Pessoa;2018;PNB_1/2_1;PNB — renda de ½ a 1 salário mínimo;%;4,57
João Pessoa;2019;PNB_1/2_1;PNB — renda de ½ a 1 salário mínimo;%;6,69
João Pessoa;2020;PNB_1/2_1;PNB — renda de ½ a 1 salário mínimo;%;7,56
João Pessoa;2021;PNB_1/2_1;PNB — renda de ½ a 1 salário mínimo;%;16,44
Maceió;2018;PNB_1/2_1;PNB — renda de ½ a 1 salário mínimo;%;5,31
Maceió;2019;PNB_1/2_1;PNB — renda de ½ a 1 salário mínimo;%;5,21
Maceió;2020;PNB_1/2_1;PNB — renda de ½ a 1 salário mínimo;%;5,31
Maceió;2021;PNB_1/2_1;PNB — renda de ½ a 1 salário mínimo;%;5,22
Manaus;2018;PNB_1/2_1;PNB — renda de ½ a 1 salário mínimo;%;0,99
Manaus;2019;PNB_1/2_1;PNB — renda de ½ a 1 salário mínimo;%;1,65
Manaus;2020;PNB_1/2_1;PNB — renda de ½ a 1 salário mínimo;%;1,98
Manaus;2021;PNB_1/2_1;PNB — renda de ½ a 1 salário mínimo;%;2,47
Natal;2018;PNB_1/2_1;PNB — renda de ½ a 1 salário mínimo;%;0,33
Natal;2019;PNB_1/2_1;PNB — renda de ½ a 1 salário mínimo;%;2,5
Natal;2020;PNB_1/2_1;PNB — renda de ½ a 1 salário mínimo;%;3,45
Natal;2021;PNB_1/2_1;PNB — renda de ½ a 1 salário mínimo;%;6,82
Porto Alegre;2018;PNB_1/2_1;PNB — renda de ½ a 1 salário mínimo;%;9,13
Porto Alegre;2019;PNB_1/2_1;PNB — renda de ½ a 1 salário mínimo;%;9,12
Porto Alegre;2020;PNB_1/2_1;PNB — renda de ½ a 1 salário mínimo;%;9,65
Porto Alegre;2021;PNB_1/2_1;PNB — renda de ½ a 1 salário mínimo;%;9,24
Porto Velho;2018;PNB_1/2_1;PNB — renda de ½ a 1 salário mínimo;%;0,39
Porto Velho;2019;PNB_1/2_1;PNB — renda de ½ a 1 salário mínimo;%;0,33
Porto Velho;2020;PNB_1/2_1;PNB — renda de ½ a 1 salário mínimo;%;0,33
Porto Velho;2021;PNB_1/2_1;PNB — renda de ½ a 1 salário mínimo;%;5,66
Recife;2018;PNB_1/2_1;PNB — renda de ½ a 1 salário mínimo;%;11,97
Recife;2019;PNB_1/2_1;PNB — renda de ½ a 1 salário mínimo;%;12,98
Recife;2020;PNB_1/2_1;PNB — renda de ½ a 1 salário mínimo;%;22,16
Recife;2021;PNB_1/2_1;PNB — renda de ½ a 1 salário mínimo;%;23,69
Rio Branco;2018;PNB_1/2_1;PNB — renda de ½ a 1 salário mínimo;%;2,29
Rio Branco;2019;PNB_1/2_1;PNB — renda de ½ a 1 salário mínimo;%;4,2
Rio Branco;2020;PNB_1/2_1;PNB — renda de ½ a 1 salário mínimo;%;7,75
Rio Branco;2021;PNB_1/2_1;PNB — renda de ½ a 1 salário mínimo;%;8,2
Rio de Janeiro;2018;PNB_1/2_1;PNB — renda de ½ a 1 salário mínimo;%;11,33
Rio de Janeiro;2019;PNB_1/2_1;PNB — renda de ½ a 1 salário mínimo;%;11,37
Rio de Janeiro;2020;PNB_1/2_1;PNB — renda de ½ a 1 salário mínimo;%;11,54
Rio de Janeiro;2021;PNB_1/2_1;PNB — renda de ½ a 1 salário mínimo;%;11,39
Salvador;2018;PNB_1/2_1;PNB — renda de ½ a 1 salário mínimo;%;14,35
Salvador;2019;PNB_1/2_1;PNB — renda de ½ a 1 salário mínimo;%;15,67
Salvador;2020;PNB_1/2_1;PNB — renda de ½ a 1 salário mínimo;%;16,35
Salvador;2021;PNB_1/2_1;PNB — renda de ½ a 1 salário mínimo;%;17,29
São Luís;2018;PNB_1/2_1;PNB — renda de ½ a 1 salário mínimo;%;0,19
São Luís;2019;PNB_1/2_1;PNB — renda de ½ a 1 salário mínimo;%;1,02
São Luís;2020;PNB_1/2_1;PNB — renda de ½ a 1 salário mínimo;%;1,35
São Luís;2021;PNB_1/2_1;PNB — renda de ½ a 1 salário mínimo;%;2
São Paulo;2018;PNB_1/2_1;PNB — renda de ½ a 1 salário mínimo;%;15,46
São Paulo;2019;PNB_1/2_1;PNB — renda de ½ a 1 salário mínimo;%;15,76
São Paulo;2020;PNB_1/2_1;PNB — renda de ½ a 1 salário mínimo;%;15,81
São Paulo;2021;PNB_1/2_1;PNB — renda de ½ a 1 salário mínimo;%;16,64
Teresina;2018;PNB_1/2_1;PNB — renda de ½ a 1 salário mínimo;%;8,52
Teresina;2019;PNB_1/2_1;PNB — renda de ½ a 1 salário mínimo;%;8,44
Teresina;2020;PNB_1/2_1;PNB — renda de ½ a 1 salário mínimo;%;9,59
Teresina;2021;PNB_1/2_1;PNB — renda de ½ a 1 salário mínimo;%;12
Vitória;2018;PNB_1/2_1;PNB — renda de ½ a 1 salário mínimo;%;15,4
Vitória;2019;PNB_1/2_1;PNB — renda de ½ a 1 salário mínimo;%;31,67
Vitória;2020;PNB_1/2_1;PNB — renda de ½ a 1 salário mínimo;%;32,98
Vitória;2021;PNB_1/2_1;PNB — renda de ½ a 1 salário mínimo;%;32,81
Palmas;2019;PNB_1/2_1;PNB — renda de ½ a 1 salário mínimo;%;1,32
Palmas;2020;PNB_1/2_1;PNB — renda de ½ a 1 salário mínimo;%;2,04
Palmas;2021;PNB_1/2_1;PNB — renda de ½ a 1 salário mínimo;%;17,98
Macapá;2020;PNB_1/2_1;PNB — renda de ½ a 1 salário mínimo;%;2,04
Macapá;2021;PNB_1/2_1;PNB — renda de ½ a 1 salário mínimo;%;2,02
Aracaju;2018;PNB_1_3;PNB — renda de 1 a 3 salários mínimos;%;23,46
Aracaju;2019;PNB_1_3;PNB — renda de 1 a 3 salários mínimos;%;23,61
Aracaju;2020;PNB_1_3;PNB — renda de 1 a 3 salários mínimos;%;23,56
Aracaju;2021;PNB_1_3;PNB — renda de 1 a 3 salários mínimos;%;27
Belém;2018;PNB_1_3;PNB — renda de 1 a 3 salários mínimos;%;35,54
Belém;2019;PNB_1_3;PNB — renda de 1 a 3 salários mínimos;%;36,32
Belém;2020;PNB_1_3;PNB — renda de 1 a 3 salários mínimos;%;35,95
Belém;2021;PNB_1_3;PNB — renda de 1 a 3 salários mínimos;%;36,35
Belo Horizonte;2018;PNB_1_3;PNB — renda de 1 a 3 salários mínimos;%;12,32
Belo Horizonte;2019;PNB_1_3;PNB — renda de 1 a 3 salários mínimos;%;12,2
Belo Horizonte;2020;PNB_1_3;PNB — renda de 1 a 3 salários mínimos;%;12,28
Belo Horizonte;2021;PNB_1_3;PNB — renda de 1 a 3 salários mínimos;%;14,96
Boa Vista;2018;PNB_1_3;PNB — renda de 1 a 3 salários mínimos;%;7,95
Boa Vista;2019;PNB_1_3;PNB — renda de 1 a 3 salários mínimos;%;18,78
Boa Vista;2020;PNB_1_3;PNB — renda de 1 a 3 salários mínimos;%;18,7
Boa Vista;2021;PNB_1_3;PNB — renda de 1 a 3 salários mínimos;%;18,71
Brasília;2018;PNB_1_3;PNB — renda de 1 a 3 salários mínimos;%;27,05
Brasília;2019;PNB_1_3;PNB — renda de 1 a 3 salários mínimos;%;27,98
Brasília;2020;PNB_1_3;PNB — renda de 1 a 3 salários mínimos;%;27,98
Brasília;2021;PNB_1_3;PNB — renda de 1 a 3 salários mínimos;%;27,52
Campo Grande;2018;PNB_1_3;PNB — renda de 1 a 3 salários mínimos;%;14,21
Campo Grande;2019;PNB_1_3;PNB — renda de 1 a 3 salários mínimos;%;14,55
Campo Grande;2020;PNB_1_3;PNB — renda de 1 a 3 salários mínimos;%;14,34
Campo Grande;2021;PNB_1_3;PNB — renda de 1 a 3 salários mínimos;%;14,68
Cuiabá;2018;PNB_1_3;PNB — renda de 1 a 3 salários mínimos;%;0,82
Cuiabá;2019;PNB_1_3;PNB — renda de 1 a 3 salários mínimos;%;2,78
Cuiabá;2020;PNB_1_3;PNB — renda de 1 a 3 salários mínimos;%;3,07
Cuiabá;2021;PNB_1_3;PNB — renda de 1 a 3 salários mínimos;%;5,53
Curitiba;2018;PNB_1_3;PNB — renda de 1 a 3 salários mínimos;%;15,32
Curitiba;2019;PNB_1_3;PNB — renda de 1 a 3 salários mínimos;%;17,09
Curitiba;2020;PNB_1_3;PNB — renda de 1 a 3 salários mínimos;%;17,02
Curitiba;2021;PNB_1_3;PNB — renda de 1 a 3 salários mínimos;%;16,52
Florianópolis;2018;PNB_1_3;PNB — renda de 1 a 3 salários mínimos;%;12,97
Florianópolis;2019;PNB_1_3;PNB — renda de 1 a 3 salários mínimos;%;10,99
Florianópolis;2020;PNB_1_3;PNB — renda de 1 a 3 salários mínimos;%;13,6
Florianópolis;2021;PNB_1_3;PNB — renda de 1 a 3 salários mínimos;%;23,12
Fortaleza;2018;PNB_1_3;PNB — renda de 1 a 3 salários mínimos;%;37,71
Fortaleza;2019;PNB_1_3;PNB — renda de 1 a 3 salários mínimos;%;40,61
Fortaleza;2020;PNB_1_3;PNB — renda de 1 a 3 salários mínimos;%;50,37
Fortaleza;2021;PNB_1_3;PNB — renda de 1 a 3 salários mínimos;%;55,54
Goiânia;2018;PNB_1_3;PNB — renda de 1 a 3 salários mínimos;%;4,76
Goiânia;2019;PNB_1_3;PNB — renda de 1 a 3 salários mínimos;%;5,03
Goiânia;2020;PNB_1_3;PNB — renda de 1 a 3 salários mínimos;%;5,52
Goiânia;2021;PNB_1_3;PNB — renda de 1 a 3 salários mínimos;%;6,08
João Pessoa;2018;PNB_1_3;PNB — renda de 1 a 3 salários mínimos;%;7,77
João Pessoa;2019;PNB_1_3;PNB — renda de 1 a 3 salários mínimos;%;11,04
João Pessoa;2020;PNB_1_3;PNB — renda de 1 a 3 salários mínimos;%;12,2
João Pessoa;2021;PNB_1_3;PNB — renda de 1 a 3 salários mínimos;%;20,83
Maceió;2018;PNB_1_3;PNB — renda de 1 a 3 salários mínimos;%;9,52
Maceió;2019;PNB_1_3;PNB — renda de 1 a 3 salários mínimos;%;9,4
Maceió;2020;PNB_1_3;PNB — renda de 1 a 3 salários mínimos;%;9,59
Maceió;2021;PNB_1_3;PNB — renda de 1 a 3 salários mínimos;%;9,47
Manaus;2018;PNB_1_3;PNB — renda de 1 a 3 salários mínimos;%;1,54
Manaus;2019;PNB_1_3;PNB — renda de 1 a 3 salários mínimos;%;2,28
Manaus;2020;PNB_1_3;PNB — renda de 1 a 3 salários mínimos;%;2,79
Manaus;2021;PNB_1_3;PNB — renda de 1 a 3 salários mínimos;%;3,59
Natal;2018;PNB_1_3;PNB — renda de 1 a 3 salários mínimos;%;0,46
Natal;2019;PNB_1_3;PNB — renda de 1 a 3 salários mínimos;%;3,49
Natal;2020;PNB_1_3;PNB — renda de 1 a 3 salários mínimos;%;5,02
Natal;2021;PNB_1_3;PNB — renda de 1 a 3 salários mínimos;%;9,91
Porto Alegre;2018;PNB_1_3;PNB — renda de 1 a 3 salários mínimos;%;14,49
Porto Alegre;2019;PNB_1_3;PNB — renda de 1 a 3 salários mínimos;%;14,43
Porto Alegre;2020;PNB_1_3;PNB — renda de 1 a 3 salários mínimos;%;15,34
Porto Alegre;2021;PNB_1_3;PNB — renda de 1 a 3 salários mínimos;%;14,75
Porto Velho;2018;PNB_1_3;PNB — renda de 1 a 3 salários mínimos;%;0,73
Porto Velho;2019;PNB_1_3;PNB — renda de 1 a 3 salários mínimos;%;0,6
Porto Velho;2020;PNB_1_3;PNB — renda de 1 a 3 salários mínimos;%;0,6
Porto Velho;2021;PNB_1_3;PNB — renda de 1 a 3 salários mínimos;%;6,09
Recife;2018;PNB_1_3;PNB — renda de 1 a 3 salários mínimos;%;17,84
Recife;2019;PNB_1_3;PNB — renda de 1 a 3 salários mínimos;%;19,59
Recife;2020;PNB_1_3;PNB — renda de 1 a 3 salários mínimos;%;31,56
Recife;2021;PNB_1_3;PNB — renda de 1 a 3 salários mínimos;%;35,34
Rio Branco;2018;PNB_1_3;PNB — renda de 1 a 3 salários mínimos;%;5,2
Rio Branco;2019;PNB_1_3;PNB — renda de 1 a 3 salários mínimos;%;6,67
Rio Branco;2020;PNB_1_3;PNB — renda de 1 a 3 salários mínimos;%;11,52
Rio Branco;2021;PNB_1_3;PNB — renda de 1 a 3 salários mínimos;%;12,46
Rio de Janeiro;2018;PNB_1_3;PNB — renda de 1 a 3 salários mínimos;%;13,98
Rio de Janeiro;2019;PNB_1_3;PNB — renda de 1 a 3 salários mínimos;%;13,97
Rio de Janeiro;2020;PNB_1_3;PNB — renda de 1 a 3 salários mínimos;%;14,14
Rio de Janeiro;2021;PNB_1_3;PNB — renda de 1 a 3 salários mínimos;%;13,91
Salvador;2018;PNB_1_3;PNB — renda de 1 a 3 salários mínimos;%;19,21
Salvador;2019;PNB_1_3;PNB — renda de 1 a 3 salários mínimos;%;20,77
Salvador;2020;PNB_1_3;PNB — renda de 1 a 3 salários mínimos;%;22,13
Salvador;2021;PNB_1_3;PNB — renda de 1 a 3 salários mínimos;%;23,23
São Luís;2018;PNB_1_3;PNB — renda de 1 a 3 salários mínimos;%;0,33
São Luís;2019;PNB_1_3;PNB — renda de 1 a 3 salários mínimos;%;1,18
São Luís;2020;PNB_1_3;PNB — renda de 1 a 3 salários mínimos;%;1,68
São Luís;2021;PNB_1_3;PNB — renda de 1 a 3 salários mínimos;%;2,77
São Paulo;2018;PNB_1_3;PNB — renda de 1 a 3 salários mínimos;%;19,97
São Paulo;2019;PNB_1_3;PNB — renda de 1 a 3 salários mínimos;%;20,42
São Paulo;2020;PNB_1_3;PNB — renda de 1 a 3 salários mínimos;%;20,67
São Paulo;2021;PNB_1_3;PNB — renda de 1 a 3 salários mínimos;%;22,16
Teresina;2018;PNB_1_3;PNB — renda de 1 a 3 salários mínimos;%;11,57
Teresina;2019;PNB_1_3;PNB — renda de 1 a 3 salários mínimos;%;11,41
Teresina;2020;PNB_1_3;PNB — renda de 1 a 3 salários mínimos;%;13,15
Teresina;2021;PNB_1_3;PNB — renda de 1 a 3 salários mínimos;%;16,49
Vitória;2018;PNB_1_3;PNB — renda de 1 a 3 salários mínimos;%;21,73
Vitória;2019;PNB_1_3;PNB — renda de 1 a 3 salários mínimos;%;31,45
Vitória;2020;PNB_1_3;PNB — renda de 1 a 3 salários mínimos;%;32,55
Vitória;2021;PNB_1_3;PNB — renda de 1 a 3 salários mínimos;%;32,48
Palmas;2019;PNB_1_3;PNB — renda de 1 a 3 salários mínimos;%;3,02
Palmas;2020;PNB_1_3;PNB — renda de 1 a 3 salários mínimos;%;3,36
Palmas;2021;PNB_1_3;PNB — renda de 1 a 3 salários mínimos;%;24,11
Macapá;2020;PNB_1_3;PNB — renda de 1 a 3 salários mínimos;%;2,28
Macapá;2021;PNB_1_3;PNB — renda de 1 a 3 salários mínimos;%;2,31
Aracaju;2018;PNB_ACIMA_3;PNB — renda acima de 3 salários mínimos;%;23,83
Aracaju;2019;PNB_ACIMA_3;PNB — renda acima de 3 salários mínimos;%;23,78
Aracaju;2020;PNB_ACIMA_3;PNB — renda acima de 3 salários mínimos;%;23,88
Aracaju;2021;PNB_ACIMA_3;PNB — renda acima de 3 salários mínimos;%;24,58
Belém;2018;PNB_ACIMA_3;PNB — renda acima de 3 salários mínimos;%;44,27
Belém;2019;PNB_ACIMA_3;PNB — renda acima de 3 salários mínimos;%;44,6
Belém;2020;PNB_ACIMA_3;PNB — renda acima de 3 salários mínimos;%;43,9
Belém;2021;PNB_ACIMA_3;PNB — renda acima de 3 salários mínimos;%;43,7
Belo Horizonte;2018;PNB_ACIMA_3;PNB — renda acima de 3 salários mínimos;%;14,41
Belo Horizonte;2019;PNB_ACIMA_3;PNB — renda acima de 3 salários mínimos;%;14,05
Belo Horizonte;2020;PNB_ACIMA_3;PNB — renda acima de 3 salários mínimos;%;14,11
Belo Horizonte;2021;PNB_ACIMA_3;PNB — renda acima de 3 salários mínimos;%;16,73
Boa Vista;2018;PNB_ACIMA_3;PNB — renda acima de 3 salários mínimos;%;15,27
Boa Vista;2019;PNB_ACIMA_3;PNB — renda acima de 3 salários mínimos;%;24,18
Boa Vista;2020;PNB_ACIMA_3;PNB — renda acima de 3 salários mínimos;%;24,01
Boa Vista;2021;PNB_ACIMA_3;PNB — renda acima de 3 salários mínimos;%;24,07
Brasília;2018;PNB_ACIMA_3;PNB — renda acima de 3 salários mínimos;%;42,01
Brasília;2019;PNB_ACIMA_3;PNB — renda acima de 3 salários mínimos;%;42,2
Brasília;2020;PNB_ACIMA_3;PNB — renda acima de 3 salários mínimos;%;42,39
Brasília;2021;PNB_ACIMA_3;PNB — renda acima de 3 salários mínimos;%;41,54
Campo Grande;2018;PNB_ACIMA_3;PNB — renda acima de 3 salários mínimos;%;17,65
Campo Grande;2019;PNB_ACIMA_3;PNB — renda acima de 3 salários mínimos;%;17,94
Campo Grande;2020;PNB_ACIMA_3;PNB — renda acima de 3 salários mínimos;%;17,34
Campo Grande;2021;PNB_ACIMA_3;PNB — renda acima de 3 salários mínimos;%;17,83
Cuiabá;2018;PNB_ACIMA_3;PNB — renda acima de 3 salários mínimos;%;1,06
Cuiabá;2019;PNB_ACIMA_3;PNB — renda acima de 3 salários mínimos;%;4,82
Cuiabá;2020;PNB_ACIMA_3;PNB — renda acima de 3 salários mínimos;%;5,37
Cuiabá;2021;PNB_ACIMA_3;PNB — renda acima de 3 salários mínimos;%;8,1
Curitiba;2018;PNB_ACIMA_3;PNB — renda acima de 3 salários mínimos;%;27,19
Curitiba;2019;PNB_ACIMA_3;PNB — renda acima de 3 salários mínimos;%;29,45
Curitiba;2020;PNB_ACIMA_3;PNB — renda acima de 3 salários mínimos;%;29,45
Curitiba;2021;PNB_ACIMA_3;PNB — renda acima de 3 salários mínimos;%;28,48
Florianópolis;2018;PNB_ACIMA_3;PNB — renda acima de 3 salários mínimos;%;25,89
Florianópolis;2019;PNB_ACIMA_3;PNB — renda acima de 3 salários mínimos;%;18,66
Florianópolis;2020;PNB_ACIMA_3;PNB — renda acima de 3 salários mínimos;%;25,59
Florianópolis;2021;PNB_ACIMA_3;PNB — renda acima de 3 salários mínimos;%;42,58
Fortaleza;2018;PNB_ACIMA_3;PNB — renda acima de 3 salários mínimos;%;53,47
Fortaleza;2019;PNB_ACIMA_3;PNB — renda acima de 3 salários mínimos;%;58,77
Fortaleza;2020;PNB_ACIMA_3;PNB — renda acima de 3 salários mínimos;%;66,82
Fortaleza;2021;PNB_ACIMA_3;PNB — renda acima de 3 salários mínimos;%;73,45
Goiânia;2018;PNB_ACIMA_3;PNB — renda acima de 3 salários mínimos;%;12,51
Goiânia;2019;PNB_ACIMA_3;PNB — renda acima de 3 salários mínimos;%;14,14
Goiânia;2020;PNB_ACIMA_3;PNB — renda acima de 3 salários mínimos;%;14,37
Goiânia;2021;PNB_ACIMA_3;PNB — renda acima de 3 salários mínimos;%;17,77
João Pessoa;2018;PNB_ACIMA_3;PNB — renda acima de 3 salários mínimos;%;18,33
João Pessoa;2019;PNB_ACIMA_3;PNB — renda acima de 3 salários mínimos;%;23,67
João Pessoa;2020;PNB_ACIMA_3;PNB — renda acima de 3 salários mínimos;%;25,12
João Pessoa;2021;PNB_ACIMA_3;PNB — renda acima de 3 salários mínimos;%;34,77
Maceió;2018;PNB_ACIMA_3;PNB — renda acima de 3 salários mínimos;%;23,78
Maceió;2019;PNB_ACIMA_3;PNB — renda acima de 3 salários mínimos;%;23,77
Maceió;2020;PNB_ACIMA_3;PNB — renda acima de 3 salários mínimos;%;23,92
Maceió;2021;PNB_ACIMA_3;PNB — renda acima de 3 salários mínimos;%;23,9
Manaus;2018;PNB_ACIMA_3;PNB — renda acima de 3 salários mínimos;%;4,48
Manaus;2019;PNB_ACIMA_3;PNB — renda acima de 3 salários mínimos;%;5,4
Manaus;2020;PNB_ACIMA_3;PNB — renda acima de 3 salários mínimos;%;5,8
Manaus;2021;PNB_ACIMA_3;PNB — renda acima de 3 salários mínimos;%;7,26
Natal;2018;PNB_ACIMA_3;PNB — renda acima de 3 salários mínimos;%;0,58
Natal;2019;PNB_ACIMA_3;PNB — renda acima de 3 salários mínimos;%;6,62
Natal;2020;PNB_ACIMA_3;PNB — renda acima de 3 salários mínimos;%;9,7
Natal;2021;PNB_ACIMA_3;PNB — renda acima de 3 salários mínimos;%;14,11
Porto Alegre;2018;PNB_ACIMA_3;PNB — renda acima de 3 salários mínimos;%;22,64
Porto Alegre;2019;PNB_ACIMA_3;PNB — renda acima de 3 salários mínimos;%;22,55
Porto Alegre;2020;PNB_ACIMA_3;PNB — renda acima de 3 salários mínimos;%;23,94
Porto Alegre;2021;PNB_ACIMA_3;PNB — renda acima de 3 salários mínimos;%;23,26
Porto Velho;2018;PNB_ACIMA_3;PNB — renda acima de 3 salários mínimos;%;1,43
Porto Velho;2019;PNB_ACIMA_3;PNB — renda acima de 3 salários mínimos;%;1,18
Porto Velho;2020;PNB_ACIMA_3;PNB — renda acima de 3 salários mínimos;%;1,18
Porto Velho;2021;PNB_ACIMA_3;PNB — renda acima de 3 salários mínimos;%;6,72
Recife;2018;PNB_ACIMA_3;PNB — renda acima de 3 salários mínimos;%;30,27
Recife;2019;PNB_ACIMA_3;PNB — renda acima de 3 salários mínimos;%;33,04
Recife;2020;PNB_ACIMA_3;PNB — renda acima de 3 salários mínimos;%;45,13
Recife;2021;PNB_ACIMA_3;PNB — renda acima de 3 salários mínimos;%;53,99
Rio Branco;2018;PNB_ACIMA_3;PNB — renda acima de 3 salários mínimos;%;8,36
Rio Branco;2019;PNB_ACIMA_3;PNB — renda acima de 3 salários mínimos;%;9,23
Rio Branco;2020;PNB_ACIMA_3;PNB — renda acima de 3 salários mínimos;%;17,04
Rio Branco;2021;PNB_ACIMA_3;PNB — renda acima de 3 salários mínimos;%;18,92
Rio de Janeiro;2018;PNB_ACIMA_3;PNB — renda acima de 3 salários mínimos;%;29,89
Rio de Janeiro;2019;PNB_ACIMA_3;PNB — renda acima de 3 salários mínimos;%;29,96
Rio de Janeiro;2020;PNB_ACIMA_3;PNB — renda acima de 3 salários mínimos;%;30,12
Rio de Janeiro;2021;PNB_ACIMA_3;PNB — renda acima de 3 salários mínimos;%;29,59
Salvador;2018;PNB_ACIMA_3;PNB — renda acima de 3 salários mínimos;%;32,79
Salvador;2019;PNB_ACIMA_3;PNB — renda acima de 3 salários mínimos;%;35,8
Salvador;2020;PNB_ACIMA_3;PNB — renda acima de 3 salários mínimos;%;38,53
Salvador;2021;PNB_ACIMA_3;PNB — renda acima de 3 salários mínimos;%;41,22
São Luís;2018;PNB_ACIMA_3;PNB — renda acima de 3 salários mínimos;%;0,72
São Luís;2019;PNB_ACIMA_3;PNB — renda acima de 3 salários mínimos;%;5,1
São Luís;2020;PNB_ACIMA_3;PNB — renda acima de 3 salários mínimos;%;4,88
São Luís;2021;PNB_ACIMA_3;PNB — renda acima de 3 salários mínimos;%;5,93
São Paulo;2018;PNB_ACIMA_3;PNB — renda acima de 3 salários mínimos;%;30,96
São Paulo;2019;PNB_ACIMA_3;PNB — renda acima de 3 salários mínimos;%;31,03
São Paulo;2020;PNB_ACIMA_3;PNB — renda acima de 3 salários mínimos;%;32,17
São Paulo;2021;PNB_ACIMA_3;PNB — renda acima de 3 salários mínimos;%;35,54
Teresina;2018;PNB_ACIMA_3;PNB — renda acima de 3 salários mínimos;%;17,44
Teresina;2019;PNB_ACIMA_3;PNB — renda acima de 3 salários mínimos;%;16,57
Teresina;2020;PNB_ACIMA_3;PNB — renda acima de 3 salários mínimos;%;17,99
Teresina;2021;PNB_ACIMA_3;PNB — renda acima de 3 salários mínimos;%;22,44
Vitória;2018;PNB_ACIMA_3;PNB — renda acima de 3 salários mínimos;%;29,85
Vitória;2019;PNB_ACIMA_3;PNB — renda acima de 3 salários mínimos;%;33,26
Vitória;2020;PNB_ACIMA_3;PNB — renda acima de 3 salários mínimos;%;33,93
Vitória;2021;PNB_ACIMA_3;PNB — renda acima de 3 salários mínimos;%;33,87
Palmas;2019;PNB_ACIMA_3;PNB — renda acima de 3 salários mínimos;%;4,1
Palmas;2020;PNB_ACIMA_3;PNB — renda acima de 3 salários mínimos;%;4,14
Palmas;2021;PNB_ACIMA_3;PNB — renda acima de 3 salários mínimos;%;24,39
Macapá;2020;PNB_ACIMA_3;PNB — renda acima de 3 salários mínimos;%;1,8
Macapá;2021;PNB_ACIMA_3;PNB — renda acima de 3 salários mínimos;%;1,87
Aracaju;2018;PNB_ATE_1/2;PNB — renda até ½ salário mínimo;%;16,48
Aracaju;2019;PNB_ATE_1/2;PNB — renda até ½ salário mínimo;%;16,64
Aracaju;2020;PNB_ATE_1/2;PNB — renda até ½ salário mínimo;%;16,39
Aracaju;2021;PNB_ATE_1/2;PNB — renda até ½ salário mínimo;%;20,62
Belém;2018;PNB_ATE_1/2;PNB — renda até ½ salário mínimo;%;23,34
Belém;2019;PNB_ATE_1/2;PNB — renda até ½ salário mínimo;%;24,45
Belém;2020;PNB_ATE_1/2;PNB — renda até ½ salário mínimo;%;24,25
Belém;2021;PNB_ATE_1/2;PNB — renda até ½ salário mínimo;%;25,08
Belo Horizonte;2018;PNB_ATE_1/2;PNB — renda até ½ salário mínimo;%;10,01
Belo Horizonte;2019;PNB_ATE_1/2;PNB — renda até ½ salário mínimo;%;9,92
Belo Horizonte;2020;PNB_ATE_1/2;PNB — renda até ½ salário mínimo;%;10,14
Belo Horizonte;2021;PNB_ATE_1/2;PNB — renda até ½ salário mínimo;%;12,07
Boa Vista;2018;PNB_ATE_1/2;PNB — renda até ½ salário mínimo;%;2,38
Boa Vista;2019;PNB_ATE_1/2;PNB — renda até ½ salário mínimo;%;12,21
Boa Vista;2020;PNB_ATE_1/2;PNB — renda até ½ salário mínimo;%;12,14
Boa Vista;2021;PNB_ATE_1/2;PNB — renda até ½ salário mínimo;%;12,13
Brasília;2018;PNB_ATE_1/2;PNB — renda até ½ salário mínimo;%;21,57
Brasília;2019;PNB_ATE_1/2;PNB — renda até ½ salário mínimo;%;22,16
Brasília;2020;PNB_ATE_1/2;PNB — renda até ½ salário mínimo;%;22,25
Brasília;2021;PNB_ATE_1/2;PNB — renda até ½ salário mínimo;%;22
Campo Grande;2018;PNB_ATE_1/2;PNB — renda até ½ salário mínimo;%;11,29
Campo Grande;2019;PNB_ATE_1/2;PNB — renda até ½ salário mínimo;%;11,53
Campo Grande;2020;PNB_ATE_1/2;PNB — renda até ½ salário mínimo;%;11,57
Campo Grande;2021;PNB_ATE_1/2;PNB — renda até ½ salário mínimo;%;11,85
Cuiabá;2018;PNB_ATE_1/2;PNB — renda até ½ salário mínimo;%;0,72
Cuiabá;2019;PNB_ATE_1/2;PNB — renda até ½ salário mínimo;%;2,75
Cuiabá;2020;PNB_ATE_1/2;PNB — renda até ½ salário mínimo;%;2,94
Cuiabá;2021;PNB_ATE_1/2;PNB — renda até ½ salário mínimo;%;5,25
Curitiba;2018;PNB_ATE_1/2;PNB — renda até ½ salário mínimo;%;13,25
Curitiba;2019;PNB_ATE_1/2;PNB — renda até ½ salário mínimo;%;14,57
Curitiba;2020;PNB_ATE_1/2;PNB — renda até ½ salário mínimo;%;14,6
Curitiba;2021;PNB_ATE_1/2;PNB — renda até ½ salário mínimo;%;14,14
Florianópolis;2018;PNB_ATE_1/2;PNB — renda até ½ salário mínimo;%;9,46
Florianópolis;2019;PNB_ATE_1/2;PNB — renda até ½ salário mínimo;%;7,99
Florianópolis;2020;PNB_ATE_1/2;PNB — renda até ½ salário mínimo;%;9,98
Florianópolis;2021;PNB_ATE_1/2;PNB — renda até ½ salário mínimo;%;18,52
Fortaleza;2018;PNB_ATE_1/2;PNB — renda até ½ salário mínimo;%;31,36
Fortaleza;2019;PNB_ATE_1/2;PNB — renda até ½ salário mínimo;%;33,91
Fortaleza;2020;PNB_ATE_1/2;PNB — renda até ½ salário mínimo;%;41,93
Fortaleza;2021;PNB_ATE_1/2;PNB — renda até ½ salário mínimo;%;44,61
Goiânia;2018;PNB_ATE_1/2;PNB — renda até ½ salário mínimo;%;3,29
Goiânia;2019;PNB_ATE_1/2;PNB — renda até ½ salário mínimo;%;3,41
Goiânia;2020;PNB_ATE_1/2;PNB — renda até ½ salário mínimo;%;3,74
Goiânia;2021;PNB_ATE_1/2;PNB — renda até ½ salário mínimo;%;3,75
João Pessoa;2018;PNB_ATE_1/2;PNB — renda até ½ salário mínimo;%;3,59
João Pessoa;2019;PNB_ATE_1/2;PNB — renda até ½ salário mínimo;%;5,21
João Pessoa;2020;PNB_ATE_1/2;PNB — renda até ½ salário mínimo;%;5,86
João Pessoa;2021;PNB_ATE_1/2;PNB — renda até ½ salário mínimo;%;12,41
Maceió;2018;PNB_ATE_1/2;PNB — renda até ½ salário mínimo;%;3,95
Maceió;2019;PNB_ATE_1/2;PNB — renda até ½ salário mínimo;%;3,85
Maceió;2020;PNB_ATE_1/2;PNB — renda até ½ salário mínimo;%;3,89
Maceió;2021;PNB_ATE_1/2;PNB — renda até ½ salário mínimo;%;3,75
Manaus;2018;PNB_ATE_1/2;PNB — renda até ½ salário mínimo;%;0,76
Manaus;2019;PNB_ATE_1/2;PNB — renda até ½ salário mínimo;%;1,22
Manaus;2020;PNB_ATE_1/2;PNB — renda até ½ salário mínimo;%;1,42
Manaus;2021;PNB_ATE_1/2;PNB — renda até ½ salário mínimo;%;1,75
Natal;2018;PNB_ATE_1/2;PNB — renda até ½ salário mínimo;%;0,3
Natal;2019;PNB_ATE_1/2;PNB — renda até ½ salário mínimo;%;2,64
Natal;2020;PNB_ATE_1/2;PNB — renda até ½ salário mínimo;%;3,15
Natal;2021;PNB_ATE_1/2;PNB — renda até ½ salário mínimo;%;5,47
Porto Alegre;2018;PNB_ATE_1/2;PNB — renda até ½ salário mínimo;%;9,78
Porto Alegre;2019;PNB_ATE_1/2;PNB — renda até ½ salário mínimo;%;9,75
Porto Alegre;2020;PNB_ATE_1/2;PNB — renda até ½ salário mínimo;%;10,44
Porto Alegre;2021;PNB_ATE_1/2;PNB — renda até ½ salário mínimo;%;9,99
Porto Velho;2018;PNB_ATE_1/2;PNB — renda até ½ salário mínimo;%;0,32
Porto Velho;2019;PNB_ATE_1/2;PNB — renda até ½ salário mínimo;%;0,25
Porto Velho;2020;PNB_ATE_1/2;PNB — renda até ½ salário mínimo;%;0,24
Porto Velho;2021;PNB_ATE_1/2;PNB — renda até ½ salário mínimo;%;5,05
Recife;2018;PNB_ATE_1/2;PNB — renda até ½ salário mínimo;%;10,1
Recife;2019;PNB_ATE_1/2;PNB — renda até ½ salário mínimo;%;11,08
Recife;2020;PNB_ATE_1/2;PNB — renda até ½ salário mínimo;%;20,76
Recife;2021;PNB_ATE_1/2;PNB — renda até ½ salário mínimo;%;22,24
Rio Branco;2018;PNB_ATE_1/2;PNB — renda até ½ salário mínimo;%;1,2
Rio Branco;2019;PNB_ATE_1/2;PNB — renda até ½ salário mínimo;%;2,96
Rio Branco;2020;PNB_ATE_1/2;PNB — renda até ½ salário mínimo;%;5,99
Rio Branco;2021;PNB_ATE_1/2;PNB — renda até ½ salário mínimo;%;6,28
Rio de Janeiro;2018;PNB_ATE_1/2;PNB — renda até ½ salário mínimo;%;12,07
Rio de Janeiro;2019;PNB_ATE_1/2;PNB — renda até ½ salário mínimo;%;12,1
Rio de Janeiro;2020;PNB_ATE_1/2;PNB — renda até ½ salário mínimo;%;12,32
Rio de Janeiro;2021;PNB_ATE_1/2;PNB — renda até ½ salário mínimo;%;12,15
Salvador;2018;PNB_ATE_1/2;PNB — renda até ½ salário mínimo;%;13,06
Salvador;2019;PNB_ATE_1/2;PNB — renda até ½ salário mínimo;%;14,46
Salvador;2020;PNB_ATE_1/2;PNB — renda até ½ salário mínimo;%;15,07
Salvador;2021;PNB_ATE_1/2;PNB — renda até ½ salário mínimo;%;16,22
São Luís;2018;PNB_ATE_1/2;PNB — renda até ½ salário mínimo;%;0,23
São Luís;2019;PNB_ATE_1/2;PNB — renda até ½ salário mínimo;%;1,02
São Luís;2020;PNB_ATE_1/2;PNB — renda até ½ salário mínimo;%;1,16
São Luís;2021;PNB_ATE_1/2;PNB — renda até ½ salário mínimo;%;1,57
São Paulo;2018;PNB_ATE_1/2;PNB — renda até ½ salário mínimo;%;14,96
São Paulo;2019;PNB_ATE_1/2;PNB — renda até ½ salário mínimo;%;15,16
São Paulo;2020;PNB_ATE_1/2;PNB — renda até ½ salário mínimo;%;15,31
São Paulo;2021;PNB_ATE_1/2;PNB — renda até ½ salário mínimo;%;16,13
Teresina;2018;PNB_ATE_1/2;PNB — renda até ½ salário mínimo;%;5,78
Teresina;2019;PNB_ATE_1/2;PNB — renda até ½ salário mínimo;%;5,73
Teresina;2020;PNB_ATE_1/2;PNB — renda até ½ salário mínimo;%;6,5
Teresina;2021;PNB_ATE_1/2;PNB — renda até ½ salário mínimo;%;8,84
Vitória;2018;PNB_ATE_1/2;PNB — renda até ½ salário mínimo;%;13,3
Vitória;2019;PNB_ATE_1/2;PNB — renda até ½ salário mínimo;%;30,93
Vitória;2020;PNB_ATE_1/2;PNB — renda até ½ salário mínimo;%;32,26
Vitória;2021;PNB_ATE_1/2;PNB — renda até ½ salário mínimo;%;32,2
Palmas;2019;PNB_ATE_1/2;PNB — renda até ½ salário mínimo;%;0,73
Palmas;2020;PNB_ATE_1/2;PNB — renda até ½ salário mínimo;%;1,7
Palmas;2021;PNB_ATE_1/2;PNB — renda até ½ salário mínimo;%;15,66
Macapá;2020;PNB_ATE_1/2;PNB — renda até ½ salário mínimo;%;1,99
Macapá;2021;PNB_ATE_1/2;PNB — renda até ½ salário mínimo;%;1,96
Aracaju;2018;PNB_MULHERES_1SM;PNB — mulheres com renda até 1 salário mínimo;%;19,6
Aracaju;2019;PNB_MULHERES_1SM;PNB — mulheres com renda até 1 salário mínimo;%;19,77
Aracaju;2020;PNB_MULHERES_1SM;PNB — mulheres com renda até 1 salário mínimo;%;19,55
Aracaju;2021;PNB_MULHERES_1SM;PNB — mulheres com renda até 1 salário mínimo;%;23,4
Belém;2018;PNB_MULHERES_1SM;PNB — mulheres com renda até 1 salário mínimo;%;28,48
Belém;2019;PNB_MULHERES_1SM;PNB — mulheres com renda até 1 salário mínimo;%;29,53
Belém;2020;PNB_MULHERES_1SM;PNB — mulheres com renda até 1 salário mínimo;%;29,26
Belém;2021;PNB_MULHERES_1SM;PNB — mulheres com renda até 1 salário mínimo;%;29,96
Belo Horizonte;2018;PNB_MULHERES_1SM;PNB — mulheres com renda até 1 salário mínimo;%;11,12
Belo Horizonte;2019;PNB_MULHERES_1SM;PNB — mulheres com renda até 1 salário mínimo;%;10,99
Belo Horizonte;2020;PNB_MULHERES_1SM;PNB — mulheres com renda até 1 salário mínimo;%;11,12
Belo Horizonte;2021;PNB_MULHERES_1SM;PNB — mulheres com renda até 1 salário mínimo;%;13,34
Boa Vista;2018;PNB_MULHERES_1SM;PNB — mulheres com renda até 1 salário mínimo;%;4,25
Boa Vista;2019;PNB_MULHERES_1SM;PNB — mulheres com renda até 1 salário mínimo;%;14,64
Boa Vista;2020;PNB_MULHERES_1SM;PNB — mulheres com renda até 1 salário mínimo;%;14,56
Boa Vista;2021;PNB_MULHERES_1SM;PNB — mulheres com renda até 1 salário mínimo;%;14,56
Brasília;2018;PNB_MULHERES_1SM;PNB — mulheres com renda até 1 salário mínimo;%;25,76
Brasília;2019;PNB_MULHERES_1SM;PNB — mulheres com renda até 1 salário mínimo;%;26,51
Brasília;2020;PNB_MULHERES_1SM;PNB — mulheres com renda até 1 salário mínimo;%;26,57
Brasília;2021;PNB_MULHERES_1SM;PNB — mulheres com renda até 1 salário mínimo;%;26,16
Campo Grande;2018;PNB_MULHERES_1SM;PNB — mulheres com renda até 1 salário mínimo;%;12,84
Campo Grande;2019;PNB_MULHERES_1SM;PNB — mulheres com renda até 1 salário mínimo;%;13,12
Campo Grande;2020;PNB_MULHERES_1SM;PNB — mulheres com renda até 1 salário mínimo;%;13,04
Campo Grande;2021;PNB_MULHERES_1SM;PNB — mulheres com renda até 1 salário mínimo;%;13,38
Cuiabá;2018;PNB_MULHERES_1SM;PNB — mulheres com renda até 1 salário mínimo;%;0,9
Cuiabá;2019;PNB_MULHERES_1SM;PNB — mulheres com renda até 1 salário mínimo;%;2,93
Cuiabá;2020;PNB_MULHERES_1SM;PNB — mulheres com renda até 1 salário mínimo;%;3,18
Cuiabá;2021;PNB_MULHERES_1SM;PNB — mulheres com renda até 1 salário mínimo;%;5,63
Curitiba;2018;PNB_MULHERES_1SM;PNB — mulheres com renda até 1 salário mínimo;%;14,67
Curitiba;2019;PNB_MULHERES_1SM;PNB — mulheres com renda até 1 salário mínimo;%;16,42
Curitiba;2020;PNB_MULHERES_1SM;PNB — mulheres com renda até 1 salário mínimo;%;16,34
Curitiba;2021;PNB_MULHERES_1SM;PNB — mulheres com renda até 1 salário mínimo;%;15,86
Florianópolis;2018;PNB_MULHERES_1SM;PNB — mulheres com renda até 1 salário mínimo;%;13,64
Florianópolis;2019;PNB_MULHERES_1SM;PNB — mulheres com renda até 1 salário mínimo;%;10,93
Florianópolis;2020;PNB_MULHERES_1SM;PNB — mulheres com renda até 1 salário mínimo;%;14
Florianópolis;2021;PNB_MULHERES_1SM;PNB — mulheres com renda até 1 salário mínimo;%;23,53
Fortaleza;2018;PNB_MULHERES_1SM;PNB — mulheres com renda até 1 salário mínimo;%;34,17
Fortaleza;2019;PNB_MULHERES_1SM;PNB — mulheres com renda até 1 salário mínimo;%;36,93
Fortaleza;2020;PNB_MULHERES_1SM;PNB — mulheres com renda até 1 salário mínimo;%;45,67
Fortaleza;2021;PNB_MULHERES_1SM;PNB — mulheres com renda até 1 salário mínimo;%;49,18
Goiânia;2018;PNB_MULHERES_1SM;PNB — mulheres com renda até 1 salário mínimo;%;4,43
Goiânia;2019;PNB_MULHERES_1SM;PNB — mulheres com renda até 1 salário mínimo;%;4,65
Goiânia;2020;PNB_MULHERES_1SM;PNB — mulheres com renda até 1 salário mínimo;%;5,02
Goiânia;2021;PNB_MULHERES_1SM;PNB — mulheres com renda até 1 salário mínimo;%;5,47
João Pessoa;2018;PNB_MULHERES_1SM;PNB — mulheres com renda até 1 salário mínimo;%;5,53
João Pessoa;2019;PNB_MULHERES_1SM;PNB — mulheres com renda até 1 salário mínimo;%;7,98
João Pessoa;2020;PNB_MULHERES_1SM;PNB — mulheres com renda até 1 salário mínimo;%;8,92
João Pessoa;2021;PNB_MULHERES_1SM;PNB — mulheres com renda até 1 salário mínimo;%;16,74
Maceió;2018;PNB_MULHERES_1SM;PNB — mulheres com renda até 1 salário mínimo;%;6,01
Maceió;2019;PNB_MULHERES_1SM;PNB — mulheres com renda até 1 salário mínimo;%;5,91
Maceió;2020;PNB_MULHERES_1SM;PNB — mulheres com renda até 1 salário mínimo;%;6,01
Maceió;2021;PNB_MULHERES_1SM;PNB — mulheres com renda até 1 salário mínimo;%;5,9
Manaus;2018;PNB_MULHERES_1SM;PNB — mulheres com renda até 1 salário mínimo;%;1,11
Manaus;2019;PNB_MULHERES_1SM;PNB — mulheres com renda até 1 salário mínimo;%;1,7
Manaus;2020;PNB_MULHERES_1SM;PNB — mulheres com renda até 1 salário mínimo;%;1,98
Manaus;2021;PNB_MULHERES_1SM;PNB — mulheres com renda até 1 salário mínimo;%;2,47
Natal;2018;PNB_MULHERES_1SM;PNB — mulheres com renda até 1 salário mínimo;%;0,4
Natal;2019;PNB_MULHERES_1SM;PNB — mulheres com renda até 1 salário mínimo;%;3,05
Natal;2020;PNB_MULHERES_1SM;PNB — mulheres com renda até 1 salário mínimo;%;4,04
Natal;2021;PNB_MULHERES_1SM;PNB — mulheres com renda até 1 salário mínimo;%;7,46
Porto Alegre;2018;PNB_MULHERES_1SM;PNB — mulheres com renda até 1 salário mínimo;%;10,85
Porto Alegre;2019;PNB_MULHERES_1SM;PNB — mulheres com renda até 1 salário mínimo;%;10,81
Porto Alegre;2020;PNB_MULHERES_1SM;PNB — mulheres com renda até 1 salário mínimo;%;11,6
Porto Alegre;2021;PNB_MULHERES_1SM;PNB — mulheres com renda até 1 salário mínimo;%;11,12
Porto Velho;2018;PNB_MULHERES_1SM;PNB — mulheres com renda até 1 salário mínimo;%;0,53
Porto Velho;2019;PNB_MULHERES_1SM;PNB — mulheres com renda até 1 salário mínimo;%;0,42
Porto Velho;2020;PNB_MULHERES_1SM;PNB — mulheres com renda até 1 salário mínimo;%;0,42
Porto Velho;2021;PNB_MULHERES_1SM;PNB — mulheres com renda até 1 salário mínimo;%;5,81
Recife;2018;PNB_MULHERES_1SM;PNB — mulheres com renda até 1 salário mínimo;%;13,22
Recife;2019;PNB_MULHERES_1SM;PNB — mulheres com renda até 1 salário mínimo;%;14,41
Recife;2020;PNB_MULHERES_1SM;PNB — mulheres com renda até 1 salário mínimo;%;24,18
Recife;2021;PNB_MULHERES_1SM;PNB — mulheres com renda até 1 salário mínimo;%;26,49
Rio Branco;2018;PNB_MULHERES_1SM;PNB — mulheres com renda até 1 salário mínimo;%;2,64
Rio Branco;2019;PNB_MULHERES_1SM;PNB — mulheres com renda até 1 salário mínimo;%;4,36
Rio Branco;2020;PNB_MULHERES_1SM;PNB — mulheres com renda até 1 salário mínimo;%;8,11
Rio Branco;2021;PNB_MULHERES_1SM;PNB — mulheres com renda até 1 salário mínimo;%;8,63
Rio de Janeiro;2018;PNB_MULHERES_1SM;PNB — mulheres com renda até 1 salário mínimo;%;13,4
Rio de Janeiro;2019;PNB_MULHERES_1SM;PNB — mulheres com renda até 1 salário mínimo;%;13,45
Rio de Janeiro;2020;PNB_MULHERES_1SM;PNB — mulheres com renda até 1 salário mínimo;%;13,61
Rio de Janeiro;2021;PNB_MULHERES_1SM;PNB — mulheres com renda até 1 salário mínimo;%;13,42
Salvador;2018;PNB_MULHERES_1SM;PNB — mulheres com renda até 1 salário mínimo;%;15,62
Salvador;2019;PNB_MULHERES_1SM;PNB — mulheres com renda até 1 salário mínimo;%;17,07
Salvador;2020;PNB_MULHERES_1SM;PNB — mulheres com renda até 1 salário mínimo;%;17,89
Salvador;2021;PNB_MULHERES_1SM;PNB — mulheres com renda até 1 salário mínimo;%;19,06
São Luís;2018;PNB_MULHERES_1SM;PNB — mulheres com renda até 1 salário mínimo;%;0,25
São Luís;2019;PNB_MULHERES_1SM;PNB — mulheres com renda até 1 salário mínimo;%;1,23
São Luís;2020;PNB_MULHERES_1SM;PNB — mulheres com renda até 1 salário mínimo;%;1,5
São Luís;2021;PNB_MULHERES_1SM;PNB — mulheres com renda até 1 salário mínimo;%;2,16
São Paulo;2018;PNB_MULHERES_1SM;PNB — mulheres com renda até 1 salário mínimo;%;17,29
São Paulo;2019;PNB_MULHERES_1SM;PNB — mulheres com renda até 1 salário mínimo;%;17,63
São Paulo;2020;PNB_MULHERES_1SM;PNB — mulheres com renda até 1 salário mínimo;%;17,81
São Paulo;2021;PNB_MULHERES_1SM;PNB — mulheres com renda até 1 salário mínimo;%;19
Teresina;2018;PNB_MULHERES_1SM;PNB — mulheres com renda até 1 salário mínimo;%;8,73
Teresina;2019;PNB_MULHERES_1SM;PNB — mulheres com renda até 1 salário mínimo;%;8,59
Teresina;2020;PNB_MULHERES_1SM;PNB — mulheres com renda até 1 salário mínimo;%;9,68
Teresina;2021;PNB_MULHERES_1SM;PNB — mulheres com renda até 1 salário mínimo;%;12,36
Vitória;2018;PNB_MULHERES_1SM;PNB — mulheres com renda até 1 salário mínimo;%;19,23
Vitória;2019;PNB_MULHERES_1SM;PNB — mulheres com renda até 1 salário mínimo;%;31,95
Vitória;2020;PNB_MULHERES_1SM;PNB — mulheres com renda até 1 salário mínimo;%;33,18
Vitória;2021;PNB_MULHERES_1SM;PNB — mulheres com renda até 1 salário mínimo;%;33,04
Palmas;2019;PNB_MULHERES_1SM;PNB — mulheres com renda até 1 salário mínimo;%;1,73
Palmas;2020;PNB_MULHERES_1SM;PNB — mulheres com renda até 1 salário mínimo;%;2,39
Palmas;2021;PNB_MULHERES_1SM;PNB — mulheres com renda até 1 salário mínimo;%;18,61
Macapá;2020;PNB_MULHERES_1SM;PNB — mulheres com renda até 1 salário mínimo;%;2,04
Macapá;2021;PNB_MULHERES_1SM;PNB — mulheres com renda até 1 salário mínimo;%;2,03
Aracaju;2018;PNB_MULHERES_ATE_2SM;PNB — mulheres responsáveis por domicílio com renda até 2 SM;%;20,05
Aracaju;2019;PNB_MULHERES_ATE_2SM;PNB — mulheres responsáveis por domicílio com renda até 2 SM;%;20,23
Aracaju;2020;PNB_MULHERES_ATE_2SM;PNB — mulheres responsáveis por domicílio com renda até 2 SM;%;20,03
Aracaju;2021;PNB_MULHERES_ATE_2SM;PNB — mulheres responsáveis por domicílio com renda até 2 SM;%;23,86
Belém;2018;PNB_MULHERES_ATE_2SM;PNB — mulheres responsáveis por domicílio com renda até 2 SM;%;29,11
Belém;2019;PNB_MULHERES_ATE_2SM;PNB — mulheres responsáveis por domicílio com renda até 2 SM;%;30,15
Belém;2020;PNB_MULHERES_ATE_2SM;PNB — mulheres responsáveis por domicílio com renda até 2 SM;%;29,87
Belém;2021;PNB_MULHERES_ATE_2SM;PNB — mulheres responsáveis por domicílio com renda até 2 SM;%;30,55
Belo Horizonte;2018;PNB_MULHERES_ATE_2SM;PNB — mulheres responsáveis por domicílio com renda até 2 SM;%;11,3
Belo Horizonte;2019;PNB_MULHERES_ATE_2SM;PNB — mulheres responsáveis por domicílio com renda até 2 SM;%;11,17
Belo Horizonte;2020;PNB_MULHERES_ATE_2SM;PNB — mulheres responsáveis por domicílio com renda até 2 SM;%;11,3
Belo Horizonte;2021;PNB_MULHERES_ATE_2SM;PNB — mulheres responsáveis por domicílio com renda até 2 SM;%;13,59
Boa Vista;2018;PNB_MULHERES_ATE_2SM;PNB — mulheres responsáveis por domicílio com renda até 2 SM;%;4,62
Boa Vista;2019;PNB_MULHERES_ATE_2SM;PNB — mulheres responsáveis por domicílio com renda até 2 SM;%;15,07
Boa Vista;2020;PNB_MULHERES_ATE_2SM;PNB — mulheres responsáveis por domicílio com renda até 2 SM;%;14,99
Boa Vista;2021;PNB_MULHERES_ATE_2SM;PNB — mulheres responsáveis por domicílio com renda até 2 SM;%;15
Brasília;2018;PNB_MULHERES_ATE_2SM;PNB — mulheres responsáveis por domicílio com renda até 2 SM;%;26,01
Brasília;2019;PNB_MULHERES_ATE_2SM;PNB — mulheres responsáveis por domicílio com renda até 2 SM;%;26,78
Brasília;2020;PNB_MULHERES_ATE_2SM;PNB — mulheres responsáveis por domicílio com renda até 2 SM;%;26,82
Brasília;2021;PNB_MULHERES_ATE_2SM;PNB — mulheres responsáveis por domicílio com renda até 2 SM;%;26,4
Campo Grande;2018;PNB_MULHERES_ATE_2SM;PNB — mulheres responsáveis por domicílio com renda até 2 SM;%;13,06
Campo Grande;2019;PNB_MULHERES_ATE_2SM;PNB — mulheres responsáveis por domicílio com renda até 2 SM;%;13,37
Campo Grande;2020;PNB_MULHERES_ATE_2SM;PNB — mulheres responsáveis por domicílio com renda até 2 SM;%;13,28
Campo Grande;2021;PNB_MULHERES_ATE_2SM;PNB — mulheres responsáveis por domicílio com renda até 2 SM;%;13,61
Cuiabá;2018;PNB_MULHERES_ATE_2SM;PNB — mulheres responsáveis por domicílio com renda até 2 SM;%;0,89
Cuiabá;2019;PNB_MULHERES_ATE_2SM;PNB — mulheres responsáveis por domicílio com renda até 2 SM;%;2,88
Cuiabá;2020;PNB_MULHERES_ATE_2SM;PNB — mulheres responsáveis por domicílio com renda até 2 SM;%;3,14
Cuiabá;2021;PNB_MULHERES_ATE_2SM;PNB — mulheres responsáveis por domicílio com renda até 2 SM;%;5,58
Curitiba;2018;PNB_MULHERES_ATE_2SM;PNB — mulheres responsáveis por domicílio com renda até 2 SM;%;14,46
Curitiba;2019;PNB_MULHERES_ATE_2SM;PNB — mulheres responsáveis por domicílio com renda até 2 SM;%;16,21
Curitiba;2020;PNB_MULHERES_ATE_2SM;PNB — mulheres responsáveis por domicílio com renda até 2 SM;%;16,12
Curitiba;2021;PNB_MULHERES_ATE_2SM;PNB — mulheres responsáveis por domicílio com renda até 2 SM;%;15,64
Florianópolis;2018;PNB_MULHERES_ATE_2SM;PNB — mulheres responsáveis por domicílio com renda até 2 SM;%;13,24
Florianópolis;2019;PNB_MULHERES_ATE_2SM;PNB — mulheres responsáveis por domicílio com renda até 2 SM;%;10,8
Florianópolis;2020;PNB_MULHERES_ATE_2SM;PNB — mulheres responsáveis por domicílio com renda até 2 SM;%;13,66
Florianópolis;2021;PNB_MULHERES_ATE_2SM;PNB — mulheres responsáveis por domicílio com renda até 2 SM;%;22,87
Fortaleza;2018;PNB_MULHERES_ATE_2SM;PNB — mulheres responsáveis por domicílio com renda até 2 SM;%;34,58
Fortaleza;2019;PNB_MULHERES_ATE_2SM;PNB — mulheres responsáveis por domicílio com renda até 2 SM;%;37,36
Fortaleza;2020;PNB_MULHERES_ATE_2SM;PNB — mulheres responsáveis por domicílio com renda até 2 SM;%;46,19
Fortaleza;2021;PNB_MULHERES_ATE_2SM;PNB — mulheres responsáveis por domicílio com renda até 2 SM;%;49,86
Goiânia;2018;PNB_MULHERES_ATE_2SM;PNB — mulheres responsáveis por domicílio com renda até 2 SM;%;4,41
Goiânia;2019;PNB_MULHERES_ATE_2SM;PNB — mulheres responsáveis por domicílio com renda até 2 SM;%;4,63
Goiânia;2020;PNB_MULHERES_ATE_2SM;PNB — mulheres responsáveis por domicílio com renda até 2 SM;%;5,01
Goiânia;2021;PNB_MULHERES_ATE_2SM;PNB — mulheres responsáveis por domicílio com renda até 2 SM;%;5,47
João Pessoa;2018;PNB_MULHERES_ATE_2SM;PNB — mulheres responsáveis por domicílio com renda até 2 SM;%;5,74
João Pessoa;2019;PNB_MULHERES_ATE_2SM;PNB — mulheres responsáveis por domicílio com renda até 2 SM;%;8,26
João Pessoa;2020;PNB_MULHERES_ATE_2SM;PNB — mulheres responsáveis por domicílio com renda até 2 SM;%;9,22
João Pessoa;2021;PNB_MULHERES_ATE_2SM;PNB — mulheres responsáveis por domicílio com renda até 2 SM;%;17,32
Maceió;2018;PNB_MULHERES_ATE_2SM;PNB — mulheres responsáveis por domicílio com renda até 2 SM;%;6,3
Maceió;2019;PNB_MULHERES_ATE_2SM;PNB — mulheres responsáveis por domicílio com renda até 2 SM;%;6,21
Maceió;2020;PNB_MULHERES_ATE_2SM;PNB — mulheres responsáveis por domicílio com renda até 2 SM;%;6,32
Maceió;2021;PNB_MULHERES_ATE_2SM;PNB — mulheres responsáveis por domicílio com renda até 2 SM;%;6,2
Manaus;2018;PNB_MULHERES_ATE_2SM;PNB — mulheres responsáveis por domicílio com renda até 2 SM;%;1,15
Manaus;2019;PNB_MULHERES_ATE_2SM;PNB — mulheres responsáveis por domicílio com renda até 2 SM;%;1,75
Manaus;2020;PNB_MULHERES_ATE_2SM;PNB — mulheres responsáveis por domicílio com renda até 2 SM;%;2,06
Manaus;2021;PNB_MULHERES_ATE_2SM;PNB — mulheres responsáveis por domicílio com renda até 2 SM;%;2,58
Natal;2018;PNB_MULHERES_ATE_2SM;PNB — mulheres responsáveis por domicílio com renda até 2 SM;%;0,41
Natal;2019;PNB_MULHERES_ATE_2SM;PNB — mulheres responsáveis por domicílio com renda até 2 SM;%;3,05
Natal;2020;PNB_MULHERES_ATE_2SM;PNB — mulheres responsáveis por domicílio com renda até 2 SM;%;4,11
Natal;2021;PNB_MULHERES_ATE_2SM;PNB — mulheres responsáveis por domicílio com renda até 2 SM;%;7,69
Porto Alegre;2018;PNB_MULHERES_ATE_2SM;PNB — mulheres responsáveis por domicílio com renda até 2 SM;%;11,39
Porto Alegre;2019;PNB_MULHERES_ATE_2SM;PNB — mulheres responsáveis por domicílio com renda até 2 SM;%;11,35
Porto Alegre;2020;PNB_MULHERES_ATE_2SM;PNB — mulheres responsáveis por domicílio com renda até 2 SM;%;12,12
Porto Alegre;2021;PNB_MULHERES_ATE_2SM;PNB — mulheres responsáveis por domicílio com renda até 2 SM;%;11,62
Porto Velho;2018;PNB_MULHERES_ATE_2SM;PNB — mulheres responsáveis por domicílio com renda até 2 SM;%;0,55
Porto Velho;2019;PNB_MULHERES_ATE_2SM;PNB — mulheres responsáveis por domicílio com renda até 2 SM;%;0,45
Porto Velho;2020;PNB_MULHERES_ATE_2SM;PNB — mulheres responsáveis por domicílio com renda até 2 SM;%;0,44
Porto Velho;2021;PNB_MULHERES_ATE_2SM;PNB — mulheres responsáveis por domicílio com renda até 2 SM;%;5,92
Recife;2018;PNB_MULHERES_ATE_2SM;PNB — mulheres responsáveis por domicílio com renda até 2 SM;%;13,65
Recife;2019;PNB_MULHERES_ATE_2SM;PNB — mulheres responsáveis por domicílio com renda até 2 SM;%;14,89
Recife;2020;PNB_MULHERES_ATE_2SM;PNB — mulheres responsáveis por domicílio com renda até 2 SM;%;24,82
Recife;2021;PNB_MULHERES_ATE_2SM;PNB — mulheres responsáveis por domicílio com renda até 2 SM;%;27,25
Rio Branco;2018;PNB_MULHERES_ATE_2SM;PNB — mulheres responsáveis por domicílio com renda até 2 SM;%;2,9
Rio Branco;2019;PNB_MULHERES_ATE_2SM;PNB — mulheres responsáveis por domicílio com renda até 2 SM;%;4,63
Rio Branco;2020;PNB_MULHERES_ATE_2SM;PNB — mulheres responsáveis por domicílio com renda até 2 SM;%;8,5
Rio Branco;2021;PNB_MULHERES_ATE_2SM;PNB — mulheres responsáveis por domicílio com renda até 2 SM;%;9,07
Rio de Janeiro;2018;PNB_MULHERES_ATE_2SM;PNB — mulheres responsáveis por domicílio com renda até 2 SM;%;13,49
Rio de Janeiro;2019;PNB_MULHERES_ATE_2SM;PNB — mulheres responsáveis por domicílio com renda até 2 SM;%;13,53
Rio de Janeiro;2020;PNB_MULHERES_ATE_2SM;PNB — mulheres responsáveis por domicílio com renda até 2 SM;%;13,7
Rio de Janeiro;2021;PNB_MULHERES_ATE_2SM;PNB — mulheres responsáveis por domicílio com renda até 2 SM;%;13,5
Salvador;2018;PNB_MULHERES_ATE_2SM;PNB — mulheres responsáveis por domicílio com renda até 2 SM;%;16
Salvador;2019;PNB_MULHERES_ATE_2SM;PNB — mulheres responsáveis por domicílio com renda até 2 SM;%;17,44
Salvador;2020;PNB_MULHERES_ATE_2SM;PNB — mulheres responsáveis por domicílio com renda até 2 SM;%;18,31
Salvador;2021;PNB_MULHERES_ATE_2SM;PNB — mulheres responsáveis por domicílio com renda até 2 SM;%;19,48
São Luís;2018;PNB_MULHERES_ATE_2SM;PNB — mulheres responsáveis por domicílio com renda até 2 SM;%;0,25
São Luís;2019;PNB_MULHERES_ATE_2SM;PNB — mulheres responsáveis por domicílio com renda até 2 SM;%;1,23
São Luís;2020;PNB_MULHERES_ATE_2SM;PNB — mulheres responsáveis por domicílio com renda até 2 SM;%;1,53
São Luís;2021;PNB_MULHERES_ATE_2SM;PNB — mulheres responsáveis por domicílio com renda até 2 SM;%;2,25
São Paulo;2018;PNB_MULHERES_ATE_2SM;PNB — mulheres responsáveis por domicílio com renda até 2 SM;%;17,49
São Paulo;2019;PNB_MULHERES_ATE_2SM;PNB — mulheres responsáveis por domicílio com renda até 2 SM;%;17,84
São Paulo;2020;PNB_MULHERES_ATE_2SM;PNB — mulheres responsáveis por domicílio com renda até 2 SM;%;18,02
São Paulo;2021;PNB_MULHERES_ATE_2SM;PNB — mulheres responsáveis por domicílio com renda até 2 SM;%;19,22
Teresina;2018;PNB_MULHERES_ATE_2SM;PNB — mulheres responsáveis por domicílio com renda até 2 SM;%;9,05
Teresina;2019;PNB_MULHERES_ATE_2SM;PNB — mulheres responsáveis por domicílio com renda até 2 SM;%;8,91
Teresina;2020;PNB_MULHERES_ATE_2SM;PNB — mulheres responsáveis por domicílio com renda até 2 SM;%;10,05
Teresina;2021;PNB_MULHERES_ATE_2SM;PNB — mulheres responsáveis por domicílio com renda até 2 SM;%;12,78
Vitória;2018;PNB_MULHERES_ATE_2SM;PNB — mulheres responsáveis por domicílio com renda até 2 SM;%;19,45
Vitória;2019;PNB_MULHERES_ATE_2SM;PNB — mulheres responsáveis por domicílio com renda até 2 SM;%;31,98
Vitória;2020;PNB_MULHERES_ATE_2SM;PNB — mulheres responsáveis por domicílio com renda até 2 SM;%;33,19
Vitória;2021;PNB_MULHERES_ATE_2SM;PNB — mulheres responsáveis por domicílio com renda até 2 SM;%;33,07
Palmas;2019;PNB_MULHERES_ATE_2SM;PNB — mulheres responsáveis por domicílio com renda até 2 SM;%;1,87
Palmas;2020;PNB_MULHERES_ATE_2SM;PNB — mulheres responsáveis por domicílio com renda até 2 SM;%;2,49
Palmas;2021;PNB_MULHERES_ATE_2SM;PNB — mulheres responsáveis por domicílio com renda até 2 SM;%;19,29
Macapá;2020;PNB_MULHERES_ATE_2SM;PNB — mulheres responsáveis por domicílio com renda até 2 SM;%;2,04
Macapá;2021;PNB_MULHERES_ATE_2SM;PNB — mulheres responsáveis por domicílio com renda até 2 SM;%;2,03
Aracaju;2018;PNB_MULHERES_NEGRAS;PNB — mulheres negras;%;19,58
Aracaju;2019;PNB_MULHERES_NEGRAS;PNB — mulheres negras;%;19,75
Aracaju;2020;PNB_MULHERES_NEGRAS;PNB — mulheres negras;%;19,57
Aracaju;2021;PNB_MULHERES_NEGRAS;PNB — mulheres negras;%;23,42
Belém;2018;PNB_MULHERES_NEGRAS;PNB — mulheres negras;%;28,78
Belém;2019;PNB_MULHERES_NEGRAS;PNB — mulheres negras;%;29,83
Belém;2020;PNB_MULHERES_NEGRAS;PNB — mulheres negras;%;29,57
Belém;2021;PNB_MULHERES_NEGRAS;PNB — mulheres negras;%;30,25
Belo Horizonte;2018;PNB_MULHERES_NEGRAS;PNB — mulheres negras;%;10,73
Belo Horizonte;2019;PNB_MULHERES_NEGRAS;PNB — mulheres negras;%;10,64
Belo Horizonte;2020;PNB_MULHERES_NEGRAS;PNB — mulheres negras;%;10,78
Belo Horizonte;2021;PNB_MULHERES_NEGRAS;PNB — mulheres negras;%;12,99
Boa Vista;2018;PNB_MULHERES_NEGRAS;PNB — mulheres negras;%;4,5
Boa Vista;2019;PNB_MULHERES_NEGRAS;PNB — mulheres negras;%;14,95
Boa Vista;2020;PNB_MULHERES_NEGRAS;PNB — mulheres negras;%;14,86
Boa Vista;2021;PNB_MULHERES_NEGRAS;PNB — mulheres negras;%;14,87
Brasília;2018;PNB_MULHERES_NEGRAS;PNB — mulheres negras;%;25,46
Brasília;2019;PNB_MULHERES_NEGRAS;PNB — mulheres negras;%;26,23
Brasília;2020;PNB_MULHERES_NEGRAS;PNB — mulheres negras;%;26,27
Brasília;2021;PNB_MULHERES_NEGRAS;PNB — mulheres negras;%;25,86
Campo Grande;2018;PNB_MULHERES_NEGRAS;PNB — mulheres negras;%;12,52
Campo Grande;2019;PNB_MULHERES_NEGRAS;PNB — mulheres negras;%;12,84
Campo Grande;2020;PNB_MULHERES_NEGRAS;PNB — mulheres negras;%;12,83
Campo Grande;2021;PNB_MULHERES_NEGRAS;PNB — mulheres negras;%;13,17
Cuiabá;2018;PNB_MULHERES_NEGRAS;PNB — mulheres negras;%;0,84
Cuiabá;2019;PNB_MULHERES_NEGRAS;PNB — mulheres negras;%;2,75
Cuiabá;2020;PNB_MULHERES_NEGRAS;PNB — mulheres negras;%;3,01
Cuiabá;2021;PNB_MULHERES_NEGRAS;PNB — mulheres negras;%;5,39
Curitiba;2018;PNB_MULHERES_NEGRAS;PNB — mulheres negras;%;11,77
Curitiba;2019;PNB_MULHERES_NEGRAS;PNB — mulheres negras;%;13,35
Curitiba;2020;PNB_MULHERES_NEGRAS;PNB — mulheres negras;%;13,24
Curitiba;2021;PNB_MULHERES_NEGRAS;PNB — mulheres negras;%;12,88
Florianópolis;2018;PNB_MULHERES_NEGRAS;PNB — mulheres negras;%;9,05
Florianópolis;2019;PNB_MULHERES_NEGRAS;PNB — mulheres negras;%;7,75
Florianópolis;2020;PNB_MULHERES_NEGRAS;PNB — mulheres negras;%;9,49
Florianópolis;2021;PNB_MULHERES_NEGRAS;PNB — mulheres negras;%;15,75
Fortaleza;2018;PNB_MULHERES_NEGRAS;PNB — mulheres negras;%;33,93
Fortaleza;2019;PNB_MULHERES_NEGRAS;PNB — mulheres negras;%;36,64
Fortaleza;2020;PNB_MULHERES_NEGRAS;PNB — mulheres negras;%;45,24
Fortaleza;2021;PNB_MULHERES_NEGRAS;PNB — mulheres negras;%;48,69
Goiânia;2018;PNB_MULHERES_NEGRAS;PNB — mulheres negras;%;3,89
Goiânia;2019;PNB_MULHERES_NEGRAS;PNB — mulheres negras;%;4,05
Goiânia;2020;PNB_MULHERES_NEGRAS;PNB — mulheres negras;%;4,4
Goiânia;2021;PNB_MULHERES_NEGRAS;PNB — mulheres negras;%;4,67
João Pessoa;2018;PNB_MULHERES_NEGRAS;PNB — mulheres negras;%;5,36
João Pessoa;2019;PNB_MULHERES_NEGRAS;PNB — mulheres negras;%;7,75
João Pessoa;2020;PNB_MULHERES_NEGRAS;PNB — mulheres negras;%;8,6
João Pessoa;2021;PNB_MULHERES_NEGRAS;PNB — mulheres negras;%;16,43
Maceió;2018;PNB_MULHERES_NEGRAS;PNB — mulheres negras;%;5,87
Maceió;2019;PNB_MULHERES_NEGRAS;PNB — mulheres negras;%;5,77
Maceió;2020;PNB_MULHERES_NEGRAS;PNB — mulheres negras;%;5,88
Maceió;2021;PNB_MULHERES_NEGRAS;PNB — mulheres negras;%;5,77
Manaus;2018;PNB_MULHERES_NEGRAS;PNB — mulheres negras;%;1,1
Manaus;2019;PNB_MULHERES_NEGRAS;PNB — mulheres negras;%;1,7
Manaus;2020;PNB_MULHERES_NEGRAS;PNB — mulheres negras;%;1,98
Manaus;2021;PNB_MULHERES_NEGRAS;PNB — mulheres negras;%;2,49
Natal;2018;PNB_MULHERES_NEGRAS;PNB — mulheres negras;%;0,4
Natal;2019;PNB_MULHERES_NEGRAS;PNB — mulheres negras;%;3,1
Natal;2020;PNB_MULHERES_NEGRAS;PNB — mulheres negras;%;4,05
Natal;2021;PNB_MULHERES_NEGRAS;PNB — mulheres negras;%;7,43
Porto Alegre;2018;PNB_MULHERES_NEGRAS;PNB — mulheres negras;%;9,64
Porto Alegre;2019;PNB_MULHERES_NEGRAS;PNB — mulheres negras;%;9,65
Porto Alegre;2020;PNB_MULHERES_NEGRAS;PNB — mulheres negras;%;10,23
Porto Alegre;2021;PNB_MULHERES_NEGRAS;PNB — mulheres negras;%;9,77
Porto Velho;2018;PNB_MULHERES_NEGRAS;PNB — mulheres negras;%;0,59
Porto Velho;2019;PNB_MULHERES_NEGRAS;PNB — mulheres negras;%;0,49
Porto Velho;2020;PNB_MULHERES_NEGRAS;PNB — mulheres negras;%;0,48
Porto Velho;2021;PNB_MULHERES_NEGRAS;PNB — mulheres negras;%;6,05
Recife;2018;PNB_MULHERES_NEGRAS;PNB — mulheres negras;%;12,71
Recife;2019;PNB_MULHERES_NEGRAS;PNB — mulheres negras;%;13,89
Recife;2020;PNB_MULHERES_NEGRAS;PNB — mulheres negras;%;23,82
Recife;2021;PNB_MULHERES_NEGRAS;PNB — mulheres negras;%;25,9
Rio Branco;2018;PNB_MULHERES_NEGRAS;PNB — mulheres negras;%;2,9
Rio Branco;2019;PNB_MULHERES_NEGRAS;PNB — mulheres negras;%;4,59
Rio Branco;2020;PNB_MULHERES_NEGRAS;PNB — mulheres negras;%;8,45
Rio Branco;2021;PNB_MULHERES_NEGRAS;PNB — mulheres negras;%;9,03
Rio de Janeiro;2018;PNB_MULHERES_NEGRAS;PNB — mulheres negras;%;12,01
Rio de Janeiro;2019;PNB_MULHERES_NEGRAS;PNB — mulheres negras;%;12,04
Rio de Janeiro;2020;PNB_MULHERES_NEGRAS;PNB — mulheres negras;%;12,2
Rio de Janeiro;2021;PNB_MULHERES_NEGRAS;PNB — mulheres negras;%;11,99
Salvador;2018;PNB_MULHERES_NEGRAS;PNB — mulheres negras;%;15,88
Salvador;2019;PNB_MULHERES_NEGRAS;PNB — mulheres negras;%;17,35
Salvador;2020;PNB_MULHERES_NEGRAS;PNB — mulheres negras;%;18,16
Salvador;2021;PNB_MULHERES_NEGRAS;PNB — mulheres negras;%;19,3
São Luís;2018;PNB_MULHERES_NEGRAS;PNB — mulheres negras;%;0,25
São Luís;2019;PNB_MULHERES_NEGRAS;PNB — mulheres negras;%;1,2
São Luís;2020;PNB_MULHERES_NEGRAS;PNB — mulheres negras;%;1,46
São Luís;2021;PNB_MULHERES_NEGRAS;PNB — mulheres negras;%;2,11
São Paulo;2018;PNB_MULHERES_NEGRAS;PNB — mulheres negras;%;14,84
São Paulo;2019;PNB_MULHERES_NEGRAS;PNB — mulheres negras;%;15
São Paulo;2020;PNB_MULHERES_NEGRAS;PNB — mulheres negras;%;15,07
São Paulo;2021;PNB_MULHERES_NEGRAS;PNB — mulheres negras;%;15,8
Teresina;2018;PNB_MULHERES_NEGRAS;PNB — mulheres negras;%;8,73
Teresina;2019;PNB_MULHERES_NEGRAS;PNB — mulheres negras;%;8,59
Teresina;2020;PNB_MULHERES_NEGRAS;PNB — mulheres negras;%;9,72
Teresina;2021;PNB_MULHERES_NEGRAS;PNB — mulheres negras;%;12,42
Vitória;2018;PNB_MULHERES_NEGRAS;PNB — mulheres negras;%;17,6
Vitória;2019;PNB_MULHERES_NEGRAS;PNB — mulheres negras;%;31,83
Vitória;2020;PNB_MULHERES_NEGRAS;PNB — mulheres negras;%;33
Vitória;2021;PNB_MULHERES_NEGRAS;PNB — mulheres negras;%;32,91
Palmas;2019;PNB_MULHERES_NEGRAS;PNB — mulheres negras;%;1,99
Palmas;2020;PNB_MULHERES_NEGRAS;PNB — mulheres negras;%;2,62
Palmas;2021;PNB_MULHERES_NEGRAS;PNB — mulheres negras;%;19,5
Macapá;2020;PNB_MULHERES_NEGRAS;PNB — mulheres negras;%;2,07
Macapá;2021;PNB_MULHERES_NEGRAS;PNB — mulheres negras;%;2,07
Belo Horizonte;2010;PNT;População próxima de transporte de média e alta capacidade (PNT);%;7,39
Belo Horizonte;2011;PNT;População próxima de transporte de média e alta capacidade (PNT);%;7,39
Belo Horizonte;2012;PNT;População próxima de transporte de média e alta capacidade (PNT);%;7,39
Belo Horizonte;2013;PNT;População próxima de transporte de média e alta capacidade (PNT);%;7,39
Belo Horizonte;2014;PNT;População próxima de transporte de média e alta capacidade (PNT);%;16,58
Belo Horizonte;2015;PNT;População próxima de transporte de média e alta capacidade (PNT);%;16,58
Belo Horizonte;2016;PNT;População próxima de transporte de média e alta capacidade (PNT);%;16,63
Belo Horizonte;2017;PNT;População próxima de transporte de média e alta capacidade (PNT);%;16,58
Belo Horizonte;2018;PNT;População próxima de transporte de média e alta capacidade (PNT);%;16,58
Belo Horizonte;2019;PNT;População próxima de transporte de média e alta capacidade (PNT);%;14,03
Belo Horizonte;2020;PNT;População próxima de transporte de média e alta capacidade (PNT);%;16,63
Belo Horizonte;2021;PNT;População próxima de transporte de média e alta capacidade (PNT);%;16,63
Brasília;2010;PNT;População próxima de transporte de média e alta capacidade (PNT);%;9,72
Brasília;2011;PNT;População próxima de transporte de média e alta capacidade (PNT);%;9,72
Brasília;2012;PNT;População próxima de transporte de média e alta capacidade (PNT);%;9,72
Brasília;2013;PNT;População próxima de transporte de média e alta capacidade (PNT);%;9,72
Brasília;2014;PNT;População próxima de transporte de média e alta capacidade (PNT);%;10,01
Brasília;2015;PNT;População próxima de transporte de média e alta capacidade (PNT);%;10,01
Brasília;2016;PNT;População próxima de transporte de média e alta capacidade (PNT);%;10,01
Brasília;2017;PNT;População próxima de transporte de média e alta capacidade (PNT);%;10,04
Brasília;2018;PNT;População próxima de transporte de média e alta capacidade (PNT);%;10,1
Brasília;2019;PNT;População próxima de transporte de média e alta capacidade (PNT);%;9,61
Brasília;2020;PNT;População próxima de transporte de média e alta capacidade (PNT);%;10,43
Brasília;2021;PNT;População próxima de transporte de média e alta capacidade (PNT);%;9,83
Curitiba;2010;PNT;População próxima de transporte de média e alta capacidade (PNT);%;31,3
Curitiba;2011;PNT;População próxima de transporte de média e alta capacidade (PNT);%;31,3
Curitiba;2012;PNT;População próxima de transporte de média e alta capacidade (PNT);%;32,46
Curitiba;2013;PNT;População próxima de transporte de média e alta capacidade (PNT);%;32,46
Curitiba;2014;PNT;População próxima de transporte de média e alta capacidade (PNT);%;32,46
Curitiba;2015;PNT;População próxima de transporte de média e alta capacidade (PNT);%;32,46
Curitiba;2016;PNT;População próxima de transporte de média e alta capacidade (PNT);%;32,46
Curitiba;2017;PNT;População próxima de transporte de média e alta capacidade (PNT);%;32,46
Curitiba;2018;PNT;População próxima de transporte de média e alta capacidade (PNT);%;32,46
Curitiba;2019;PNT;População próxima de transporte de média e alta capacidade (PNT);%;32,31
Curitiba;2020;PNT;População próxima de transporte de média e alta capacidade (PNT);%;32,46
Curitiba;2021;PNT;População próxima de transporte de média e alta capacidade (PNT);%;32,38
Recife;2010;PNT;População próxima de transporte de média e alta capacidade (PNT);%;9,43
Recife;2011;PNT;População próxima de transporte de média e alta capacidade (PNT);%;9,43
Recife;2012;PNT;População próxima de transporte de média e alta capacidade (PNT);%;9,43
Recife;2013;PNT;População próxima de transporte de média e alta capacidade (PNT);%;9,65
Recife;2014;PNT;População próxima de transporte de média e alta capacidade (PNT);%;16,43
Recife;2015;PNT;População próxima de transporte de média e alta capacidade (PNT);%;16,84
Recife;2016;PNT;População próxima de transporte de média e alta capacidade (PNT);%;16,84
Recife;2017;PNT;População próxima de transporte de média e alta capacidade (PNT);%;17,06
Recife;2018;PNT;População próxima de transporte de média e alta capacidade (PNT);%;17,1
Recife;2019;PNT;População próxima de transporte de média e alta capacidade (PNT);%;16,97
Recife;2020;PNT;População próxima de transporte de média e alta capacidade (PNT);%;17,1
Recife;2021;PNT;População próxima de transporte de média e alta capacidade (PNT);%;17,36
Rio de Janeiro;2010;PNT;População próxima de transporte de média e alta capacidade (PNT);%;21,78
Rio de Janeiro;2011;PNT;População próxima de transporte de média e alta capacidade (PNT);%;21,78
Rio de Janeiro;2012;PNT;População próxima de transporte de média e alta capacidade (PNT);%;23,33
Rio de Janeiro;2013;PNT;População próxima de transporte de média e alta capacidade (PNT);%;23,33
Rio de Janeiro;2014;PNT;População próxima de transporte de média e alta capacidade (PNT);%;28,36
Rio de Janeiro;2015;PNT;População próxima de transporte de média e alta capacidade (PNT);%;28,36
Rio de Janeiro;2016;PNT;População próxima de transporte de média e alta capacidade (PNT);%;31,57
Rio de Janeiro;2017;PNT;População próxima de transporte de média e alta capacidade (PNT);%;33,07
Rio de Janeiro;2018;PNT;População próxima de transporte de média e alta capacidade (PNT);%;33,07
Rio de Janeiro;2019;PNT;População próxima de transporte de média e alta capacidade (PNT);%;33,44
Rio de Janeiro;2020;PNT;População próxima de transporte de média e alta capacidade (PNT);%;31,67
Rio de Janeiro;2021;PNT;População próxima de transporte de média e alta capacidade (PNT);%;34,6
São Paulo;2010;PNT;População próxima de transporte de média e alta capacidade (PNT);%;14,03
São Paulo;2011;PNT;População próxima de transporte de média e alta capacidade (PNT);%;14,07
São Paulo;2012;PNT;População próxima de transporte de média e alta capacidade (PNT);%;14,07
São Paulo;2013;PNT;População próxima de transporte de média e alta capacidade (PNT);%;14,17
São Paulo;2014;PNT;População próxima de transporte de média e alta capacidade (PNT);%;14,39
São Paulo;2015;PNT;População próxima de transporte de média e alta capacidade (PNT);%;14,39
São Paulo;2016;PNT;População próxima de transporte de média e alta capacidade (PNT);%;14,39
São Paulo;2017;PNT;População próxima de transporte de média e alta capacidade (PNT);%;14,47
São Paulo;2018;PNT;População próxima de transporte de média e alta capacidade (PNT);%;16,53
São Paulo;2019;PNT;População próxima de transporte de média e alta capacidade (PNT);%;17,45
São Paulo;2020;PNT;População próxima de transporte de média e alta capacidade (PNT);%;17,31
São Paulo;2021;PNT;População próxima de transporte de média e alta capacidade (PNT);%;17,36
Salvador;2014;PNT;População próxima de transporte de média e alta capacidade (PNT);%;1,76
Salvador;2015;PNT;População próxima de transporte de média e alta capacidade (PNT);%;3,94
Salvador;2016;PNT;População próxima de transporte de média e alta capacidade (PNT);%;3,94
Salvador;2017;PNT;População próxima de transporte de média e alta capacidade (PNT);%;5,66
Salvador;2018;PNT;População próxima de transporte de média e alta capacidade (PNT);%;5,71
Salvador;2019;PNT;População próxima de transporte de média e alta capacidade (PNT);%;5,05
Salvador;2020;PNT;População próxima de transporte de média e alta capacidade (PNT);%;5,71
Salvador;2021;PNT;População próxima de transporte de média e alta capacidade (PNT);%;6,03
Belém;2017;PNT;População próxima de transporte de média e alta capacidade (PNT);%;3,77
Belém;2018;PNT;População próxima de transporte de média e alta capacidade (PNT);%;7,92
Belém;2019;PNT;População próxima de transporte de média e alta capacidade (PNT);%;13,56
Belém;2020;PNT;População próxima de transporte de média e alta capacidade (PNT);%;13,47
Belém;2021;PNT;População próxima de transporte de média e alta capacidade (PNT);%;14
Fortaleza;2017;PNT;População próxima de transporte de média e alta capacidade (PNT);%;8,07
Fortaleza;2018;PNT;População próxima de transporte de média e alta capacidade (PNT);%;10,51
Fortaleza;2019;PNT;População próxima de transporte de média e alta capacidade (PNT);%;10,32
Fortaleza;2020;PNT;População próxima de transporte de média e alta capacidade (PNT);%;11,56
Fortaleza;2021;PNT;População próxima de transporte de média e alta capacidade (PNT);%;11,28
Belo Horizonte;2010;PNT_1/2_1;PNT — renda de ½ a 1 salário mínimo;%;6,18
Belo Horizonte;2011;PNT_1/2_1;PNT — renda de ½ a 1 salário mínimo;%;6,18
Belo Horizonte;2012;PNT_1/2_1;PNT — renda de ½ a 1 salário mínimo;%;6,18
Belo Horizonte;2013;PNT_1/2_1;PNT — renda de ½ a 1 salário mínimo;%;6,18
Belo Horizonte;2014;PNT_1/2_1;PNT — renda de ½ a 1 salário mínimo;%;13,43
Belo Horizonte;2015;PNT_1/2_1;PNT — renda de ½ a 1 salário mínimo;%;13,43
Belo Horizonte;2016;PNT_1/2_1;PNT — renda de ½ a 1 salário mínimo;%;13,44
Belo Horizonte;2017;PNT_1/2_1;PNT — renda de ½ a 1 salário mínimo;%;13,43
Belo Horizonte;2018;PNT_1/2_1;PNT — renda de ½ a 1 salário mínimo;%;13,43
Belo Horizonte;2019;PNT_1/2_1;PNT — renda de ½ a 1 salário mínimo;%;11,53
Belo Horizonte;2020;PNT_1/2_1;PNT — renda de ½ a 1 salário mínimo;%;13,44
Belo Horizonte;2021;PNT_1/2_1;PNT — renda de ½ a 1 salário mínimo;%;13,47
Brasília;2010;PNT_1/2_1;PNT — renda de ½ a 1 salário mínimo;%;7,62
Brasília;2011;PNT_1/2_1;PNT — renda de ½ a 1 salário mínimo;%;7,62
Brasília;2012;PNT_1/2_1;PNT — renda de ½ a 1 salário mínimo;%;7,62
Brasília;2013;PNT_1/2_1;PNT — renda de ½ a 1 salário mínimo;%;7,62
Brasília;2014;PNT_1/2_1;PNT — renda de ½ a 1 salário mínimo;%;7,99
Brasília;2015;PNT_1/2_1;PNT — renda de ½ a 1 salário mínimo;%;7,99
Brasília;2016;PNT_1/2_1;PNT — renda de ½ a 1 salário mínimo;%;7,99
Brasília;2017;PNT_1/2_1;PNT — renda de ½ a 1 salário mínimo;%;7,99
Brasília;2018;PNT_1/2_1;PNT — renda de ½ a 1 salário mínimo;%;8,06
Brasília;2019;PNT_1/2_1;PNT — renda de ½ a 1 salário mínimo;%;7,43
Brasília;2020;PNT_1/2_1;PNT — renda de ½ a 1 salário mínimo;%;8,09
Brasília;2021;PNT_1/2_1;PNT — renda de ½ a 1 salário mínimo;%;7,86
Curitiba;2010;PNT_1/2_1;PNT — renda de ½ a 1 salário mínimo;%;22,19
Curitiba;2011;PNT_1/2_1;PNT — renda de ½ a 1 salário mínimo;%;22,19
Curitiba;2012;PNT_1/2_1;PNT — renda de ½ a 1 salário mínimo;%;23,32
Curitiba;2013;PNT_1/2_1;PNT — renda de ½ a 1 salário mínimo;%;23,32
Curitiba;2014;PNT_1/2_1;PNT — renda de ½ a 1 salário mínimo;%;23,32
Curitiba;2015;PNT_1/2_1;PNT — renda de ½ a 1 salário mínimo;%;23,32
Curitiba;2016;PNT_1/2_1;PNT — renda de ½ a 1 salário mínimo;%;23,32
Curitiba;2017;PNT_1/2_1;PNT — renda de ½ a 1 salário mínimo;%;23,32
Curitiba;2018;PNT_1/2_1;PNT — renda de ½ a 1 salário mínimo;%;23,32
Curitiba;2019;PNT_1/2_1;PNT — renda de ½ a 1 salário mínimo;%;23,25
Curitiba;2020;PNT_1/2_1;PNT — renda de ½ a 1 salário mínimo;%;23,32
Curitiba;2021;PNT_1/2_1;PNT — renda de ½ a 1 salário mínimo;%;23,3
Recife;2010;PNT_1/2_1;PNT — renda de ½ a 1 salário mínimo;%;10,9
Recife;2011;PNT_1/2_1;PNT — renda de ½ a 1 salário mínimo;%;10,9
Recife;2012;PNT_1/2_1;PNT — renda de ½ a 1 salário mínimo;%;10,9
Recife;2013;PNT_1/2_1;PNT — renda de ½ a 1 salário mínimo;%;11,21
Recife;2014;PNT_1/2_1;PNT — renda de ½ a 1 salário mínimo;%;17,53
Recife;2015;PNT_1/2_1;PNT — renda de ½ a 1 salário mínimo;%;17,95
Recife;2016;PNT_1/2_1;PNT — renda de ½ a 1 salário mínimo;%;17,95
Recife;2017;PNT_1/2_1;PNT — renda de ½ a 1 salário mínimo;%;18,04
Recife;2018;PNT_1/2_1;PNT — renda de ½ a 1 salário mínimo;%;18,09
Recife;2019;PNT_1/2_1;PNT — renda de ½ a 1 salário mínimo;%;17,73
Recife;2020;PNT_1/2_1;PNT — renda de ½ a 1 salário mínimo;%;18,09
Recife;2021;PNT_1/2_1;PNT — renda de ½ a 1 salário mínimo;%;18,35
Rio de Janeiro;2010;PNT_1/2_1;PNT — renda de ½ a 1 salário mínimo;%;18,06
Rio de Janeiro;2011;PNT_1/2_1;PNT — renda de ½ a 1 salário mínimo;%;18,06
Rio de Janeiro;2012;PNT_1/2_1;PNT — renda de ½ a 1 salário mínimo;%;19,02
Rio de Janeiro;2013;PNT_1/2_1;PNT — renda de ½ a 1 salário mínimo;%;19,02
Rio de Janeiro;2014;PNT_1/2_1;PNT — renda de ½ a 1 salário mínimo;%;23,62
Rio de Janeiro;2015;PNT_1/2_1;PNT — renda de ½ a 1 salário mínimo;%;23,62
Rio de Janeiro;2016;PNT_1/2_1;PNT — renda de ½ a 1 salário mínimo;%;25,85
Rio de Janeiro;2017;PNT_1/2_1;PNT — renda de ½ a 1 salário mínimo;%;27,39
Rio de Janeiro;2018;PNT_1/2_1;PNT — renda de ½ a 1 salário mínimo;%;27,39
Rio de Janeiro;2019;PNT_1/2_1;PNT — renda de ½ a 1 salário mínimo;%;27,54
Rio de Janeiro;2020;PNT_1/2_1;PNT — renda de ½ a 1 salário mínimo;%;25,94
Rio de Janeiro;2021;PNT_1/2_1;PNT — renda de ½ a 1 salário mínimo;%;29,08
São Paulo;2010;PNT_1/2_1;PNT — renda de ½ a 1 salário mínimo;%;10,15
São Paulo;2011;PNT_1/2_1;PNT — renda de ½ a 1 salário mínimo;%;10,16
São Paulo;2012;PNT_1/2_1;PNT — renda de ½ a 1 salário mínimo;%;10,16
São Paulo;2013;PNT_1/2_1;PNT — renda de ½ a 1 salário mínimo;%;10,28
São Paulo;2014;PNT_1/2_1;PNT — renda de ½ a 1 salário mínimo;%;10,34
São Paulo;2015;PNT_1/2_1;PNT — renda de ½ a 1 salário mínimo;%;10,34
São Paulo;2016;PNT_1/2_1;PNT — renda de ½ a 1 salário mínimo;%;10,34
São Paulo;2017;PNT_1/2_1;PNT — renda de ½ a 1 salário mínimo;%;10,35
São Paulo;2018;PNT_1/2_1;PNT — renda de ½ a 1 salário mínimo;%;11,63
São Paulo;2019;PNT_1/2_1;PNT — renda de ½ a 1 salário mínimo;%;12,56
São Paulo;2020;PNT_1/2_1;PNT — renda de ½ a 1 salário mínimo;%;12,46
São Paulo;2021;PNT_1/2_1;PNT — renda de ½ a 1 salário mínimo;%;12,47
Salvador;2014;PNT_1/2_1;PNT — renda de ½ a 1 salário mínimo;%;1,44
Salvador;2015;PNT_1/2_1;PNT — renda de ½ a 1 salário mínimo;%;3,93
Salvador;2016;PNT_1/2_1;PNT — renda de ½ a 1 salário mínimo;%;3,93
Salvador;2017;PNT_1/2_1;PNT — renda de ½ a 1 salário mínimo;%;5,24
Salvador;2018;PNT_1/2_1;PNT — renda de ½ a 1 salário mínimo;%;5,3
Salvador;2019;PNT_1/2_1;PNT — renda de ½ a 1 salário mínimo;%;4,56
Salvador;2020;PNT_1/2_1;PNT — renda de ½ a 1 salário mínimo;%;5,3
Salvador;2021;PNT_1/2_1;PNT — renda de ½ a 1 salário mínimo;%;5,56
Belém;2017;PNT_1/2_1;PNT — renda de ½ a 1 salário mínimo;%;3,07
Belém;2018;PNT_1/2_1;PNT — renda de ½ a 1 salário mínimo;%;7,41
Belém;2019;PNT_1/2_1;PNT — renda de ½ a 1 salário mínimo;%;12,52
Belém;2020;PNT_1/2_1;PNT — renda de ½ a 1 salário mínimo;%;12,35
Belém;2021;PNT_1/2_1;PNT — renda de ½ a 1 salário mínimo;%;12,8
Fortaleza;2017;PNT_1/2_1;PNT — renda de ½ a 1 salário mínimo;%;8,51
Fortaleza;2018;PNT_1/2_1;PNT — renda de ½ a 1 salário mínimo;%;10,31
Fortaleza;2019;PNT_1/2_1;PNT — renda de ½ a 1 salário mínimo;%;10,19
Fortaleza;2020;PNT_1/2_1;PNT — renda de ½ a 1 salário mínimo;%;11,32
Fortaleza;2021;PNT_1/2_1;PNT — renda de ½ a 1 salário mínimo;%;10,75
Belo Horizonte;2010;PNT_1_3;PNT — renda de 1 a 3 salários mínimos;%;8,92
Belo Horizonte;2011;PNT_1_3;PNT — renda de 1 a 3 salários mínimos;%;8,92
Belo Horizonte;2012;PNT_1_3;PNT — renda de 1 a 3 salários mínimos;%;8,92
Belo Horizonte;2013;PNT_1_3;PNT — renda de 1 a 3 salários mínimos;%;8,92
Belo Horizonte;2014;PNT_1_3;PNT — renda de 1 a 3 salários mínimos;%;19,69
Belo Horizonte;2015;PNT_1_3;PNT — renda de 1 a 3 salários mínimos;%;19,69
Belo Horizonte;2016;PNT_1_3;PNT — renda de 1 a 3 salários mínimos;%;19,72
Belo Horizonte;2017;PNT_1_3;PNT — renda de 1 a 3 salários mínimos;%;19,69
Belo Horizonte;2018;PNT_1_3;PNT — renda de 1 a 3 salários mínimos;%;19,69
Belo Horizonte;2019;PNT_1_3;PNT — renda de 1 a 3 salários mínimos;%;16,6
Belo Horizonte;2020;PNT_1_3;PNT — renda de 1 a 3 salários mínimos;%;19,72
Belo Horizonte;2021;PNT_1_3;PNT — renda de 1 a 3 salários mínimos;%;19,77
Brasília;2010;PNT_1_3;PNT — renda de 1 a 3 salários mínimos;%;10,1
Brasília;2011;PNT_1_3;PNT — renda de 1 a 3 salários mínimos;%;10,1
Brasília;2012;PNT_1_3;PNT — renda de 1 a 3 salários mínimos;%;10,1
Brasília;2013;PNT_1_3;PNT — renda de 1 a 3 salários mínimos;%;10,1
Brasília;2014;PNT_1_3;PNT — renda de 1 a 3 salários mínimos;%;10,44
Brasília;2015;PNT_1_3;PNT — renda de 1 a 3 salários mínimos;%;10,44
Brasília;2016;PNT_1_3;PNT — renda de 1 a 3 salários mínimos;%;10,44
Brasília;2017;PNT_1_3;PNT — renda de 1 a 3 salários mínimos;%;10,45
Brasília;2018;PNT_1_3;PNT — renda de 1 a 3 salários mínimos;%;10,49
Brasília;2019;PNT_1_3;PNT — renda de 1 a 3 salários mínimos;%;9,72
Brasília;2020;PNT_1_3;PNT — renda de 1 a 3 salários mínimos;%;10,6
Brasília;2021;PNT_1_3;PNT — renda de 1 a 3 salários mínimos;%;9,93
Curitiba;2010;PNT_1_3;PNT — renda de 1 a 3 salários mínimos;%;30,98
Curitiba;2011;PNT_1_3;PNT — renda de 1 a 3 salários mínimos;%;30,98
Curitiba;2012;PNT_1_3;PNT — renda de 1 a 3 salários mínimos;%;32,38
Curitiba;2013;PNT_1_3;PNT — renda de 1 a 3 salários mínimos;%;32,38
Curitiba;2014;PNT_1_3;PNT — renda de 1 a 3 salários mínimos;%;32,38
Curitiba;2015;PNT_1_3;PNT — renda de 1 a 3 salários mínimos;%;32,38
Curitiba;2016;PNT_1_3;PNT — renda de 1 a 3 salários mínimos;%;32,38
Curitiba;2017;PNT_1_3;PNT — renda de 1 a 3 salários mínimos;%;32,38
Curitiba;2018;PNT_1_3;PNT — renda de 1 a 3 salários mínimos;%;32,38
Curitiba;2019;PNT_1_3;PNT — renda de 1 a 3 salários mínimos;%;32,24
Curitiba;2020;PNT_1_3;PNT — renda de 1 a 3 salários mínimos;%;32,38
Curitiba;2021;PNT_1_3;PNT — renda de 1 a 3 salários mínimos;%;32,27
Recife;2010;PNT_1_3;PNT — renda de 1 a 3 salários mínimos;%;10,83
Recife;2011;PNT_1_3;PNT — renda de 1 a 3 salários mínimos;%;10,83
Recife;2012;PNT_1_3;PNT — renda de 1 a 3 salários mínimos;%;10,83
Recife;2013;PNT_1_3;PNT — renda de 1 a 3 salários mínimos;%;10,98
Recife;2014;PNT_1_3;PNT — renda de 1 a 3 salários mínimos;%;20,56
Recife;2015;PNT_1_3;PNT — renda de 1 a 3 salários mínimos;%;20,9
Recife;2016;PNT_1_3;PNT — renda de 1 a 3 salários mínimos;%;20,9
Recife;2017;PNT_1_3;PNT — renda de 1 a 3 salários mínimos;%;21,13
Recife;2018;PNT_1_3;PNT — renda de 1 a 3 salários mínimos;%;21,18
Recife;2019;PNT_1_3;PNT — renda de 1 a 3 salários mínimos;%;21,37
Recife;2020;PNT_1_3;PNT — renda de 1 a 3 salários mínimos;%;21,18
Recife;2021;PNT_1_3;PNT — renda de 1 a 3 salários mínimos;%;21,3
Rio de Janeiro;2010;PNT_1_3;PNT — renda de 1 a 3 salários mínimos;%;23,52
Rio de Janeiro;2011;PNT_1_3;PNT — renda de 1 a 3 salários mínimos;%;23,52
Rio de Janeiro;2012;PNT_1_3;PNT — renda de 1 a 3 salários mínimos;%;24,52
Rio de Janeiro;2013;PNT_1_3;PNT — renda de 1 a 3 salários mínimos;%;24,52
Rio de Janeiro;2014;PNT_1_3;PNT — renda de 1 a 3 salários mínimos;%;30,13
Rio de Janeiro;2015;PNT_1_3;PNT — renda de 1 a 3 salários mínimos;%;30,13
Rio de Janeiro;2016;PNT_1_3;PNT — renda de 1 a 3 salários mínimos;%;32,3
Rio de Janeiro;2017;PNT_1_3;PNT — renda de 1 a 3 salários mínimos;%;33,95
Rio de Janeiro;2018;PNT_1_3;PNT — renda de 1 a 3 salários mínimos;%;33,95
Rio de Janeiro;2019;PNT_1_3;PNT — renda de 1 a 3 salários mínimos;%;34,25
Rio de Janeiro;2020;PNT_1_3;PNT — renda de 1 a 3 salários mínimos;%;32,45
Rio de Janeiro;2021;PNT_1_3;PNT — renda de 1 a 3 salários mínimos;%;35,35
São Paulo;2010;PNT_1_3;PNT — renda de 1 a 3 salários mínimos;%;15,06
São Paulo;2011;PNT_1_3;PNT — renda de 1 a 3 salários mínimos;%;15,09
São Paulo;2012;PNT_1_3;PNT — renda de 1 a 3 salários mínimos;%;15,09
São Paulo;2013;PNT_1_3;PNT — renda de 1 a 3 salários mínimos;%;15,2
São Paulo;2014;PNT_1_3;PNT — renda de 1 a 3 salários mínimos;%;15,36
São Paulo;2015;PNT_1_3;PNT — renda de 1 a 3 salários mínimos;%;15,36
São Paulo;2016;PNT_1_3;PNT — renda de 1 a 3 salários mínimos;%;15,36
São Paulo;2017;PNT_1_3;PNT — renda de 1 a 3 salários mínimos;%;15,42
São Paulo;2018;PNT_1_3;PNT — renda de 1 a 3 salários mínimos;%;17,42
São Paulo;2019;PNT_1_3;PNT — renda de 1 a 3 salários mínimos;%;18,32
São Paulo;2020;PNT_1_3;PNT — renda de 1 a 3 salários mínimos;%;18,16
São Paulo;2021;PNT_1_3;PNT — renda de 1 a 3 salários mínimos;%;18,2
Salvador;2014;PNT_1_3;PNT — renda de 1 a 3 salários mínimos;%;2,81
Salvador;2015;PNT_1_3;PNT — renda de 1 a 3 salários mínimos;%;5,01
Salvador;2016;PNT_1_3;PNT — renda de 1 a 3 salários mínimos;%;5,01
Salvador;2017;PNT_1_3;PNT — renda de 1 a 3 salários mínimos;%;6,94
Salvador;2018;PNT_1_3;PNT — renda de 1 a 3 salários mínimos;%;6,98
Salvador;2019;PNT_1_3;PNT — renda de 1 a 3 salários mínimos;%;6,45
Salvador;2020;PNT_1_3;PNT — renda de 1 a 3 salários mínimos;%;6,98
Salvador;2021;PNT_1_3;PNT — renda de 1 a 3 salários mínimos;%;7,47
Belém;2017;PNT_1_3;PNT — renda de 1 a 3 salários mínimos;%;5,87
Belém;2018;PNT_1_3;PNT — renda de 1 a 3 salários mínimos;%;11,28
Belém;2019;PNT_1_3;PNT — renda de 1 a 3 salários mínimos;%;18,9
Belém;2020;PNT_1_3;PNT — renda de 1 a 3 salários mínimos;%;18,89
Belém;2021;PNT_1_3;PNT — renda de 1 a 3 salários mínimos;%;19,54
Fortaleza;2017;PNT_1_3;PNT — renda de 1 a 3 salários mínimos;%;11,31
Fortaleza;2018;PNT_1_3;PNT — renda de 1 a 3 salários mínimos;%;13,93
Fortaleza;2019;PNT_1_3;PNT — renda de 1 a 3 salários mínimos;%;13,53
Fortaleza;2020;PNT_1_3;PNT — renda de 1 a 3 salários mínimos;%;14,82
Fortaleza;2021;PNT_1_3;PNT — renda de 1 a 3 salários mínimos;%;14,76
Belo Horizonte;2010;PNT_ACIMA_3;PNT — renda acima de 3 salários mínimos;%;9,49
Belo Horizonte;2011;PNT_ACIMA_3;PNT — renda acima de 3 salários mínimos;%;9,49
Belo Horizonte;2012;PNT_ACIMA_3;PNT — renda acima de 3 salários mínimos;%;9,49
Belo Horizonte;2013;PNT_ACIMA_3;PNT — renda acima de 3 salários mínimos;%;9,49
Belo Horizonte;2014;PNT_ACIMA_3;PNT — renda acima de 3 salários mínimos;%;22,04
Belo Horizonte;2015;PNT_ACIMA_3;PNT — renda acima de 3 salários mínimos;%;22,04
Belo Horizonte;2016;PNT_ACIMA_3;PNT — renda acima de 3 salários mínimos;%;22,18
Belo Horizonte;2017;PNT_ACIMA_3;PNT — renda acima de 3 salários mínimos;%;22,04
Belo Horizonte;2018;PNT_ACIMA_3;PNT — renda acima de 3 salários mínimos;%;22,04
Belo Horizonte;2019;PNT_ACIMA_3;PNT — renda acima de 3 salários mínimos;%;18,21
Belo Horizonte;2020;PNT_ACIMA_3;PNT — renda acima de 3 salários mínimos;%;22,18
Belo Horizonte;2021;PNT_ACIMA_3;PNT — renda acima de 3 salários mínimos;%;22,12
Brasília;2010;PNT_ACIMA_3;PNT — renda acima de 3 salários mínimos;%;16,13
Brasília;2011;PNT_ACIMA_3;PNT — renda acima de 3 salários mínimos;%;16,13
Brasília;2012;PNT_ACIMA_3;PNT — renda acima de 3 salários mínimos;%;16,13
Brasília;2013;PNT_ACIMA_3;PNT — renda acima de 3 salários mínimos;%;16,13
Brasília;2014;PNT_ACIMA_3;PNT — renda acima de 3 salários mínimos;%;16,23
Brasília;2015;PNT_ACIMA_3;PNT — renda acima de 3 salários mínimos;%;16,23
Brasília;2016;PNT_ACIMA_3;PNT — renda acima de 3 salários mínimos;%;16,23
Brasília;2017;PNT_ACIMA_3;PNT — renda acima de 3 salários mínimos;%;16,28
Brasília;2018;PNT_ACIMA_3;PNT — renda acima de 3 salários mínimos;%;16,34
Brasília;2019;PNT_ACIMA_3;PNT — renda acima de 3 salários mínimos;%;16,14
Brasília;2020;PNT_ACIMA_3;PNT — renda acima de 3 salários mínimos;%;17,49
Brasília;2021;PNT_ACIMA_3;PNT — renda acima de 3 salários mínimos;%;16,17
Curitiba;2010;PNT_ACIMA_3;PNT — renda acima de 3 salários mínimos;%;53,3
Curitiba;2011;PNT_ACIMA_3;PNT — renda acima de 3 salários mínimos;%;53,3
Curitiba;2012;PNT_ACIMA_3;PNT — renda acima de 3 salários mínimos;%;54,21
Curitiba;2013;PNT_ACIMA_3;PNT — renda acima de 3 salários mínimos;%;54,21
Curitiba;2014;PNT_ACIMA_3;PNT — renda acima de 3 salários mínimos;%;54,21
Curitiba;2015;PNT_ACIMA_3;PNT — renda acima de 3 salários mínimos;%;54,21
Curitiba;2016;PNT_ACIMA_3;PNT — renda acima de 3 salários mínimos;%;54,21
Curitiba;2017;PNT_ACIMA_3;PNT — renda acima de 3 salários mínimos;%;54,21
Curitiba;2018;PNT_ACIMA_3;PNT — renda acima de 3 salários mínimos;%;54,21
Curitiba;2019;PNT_ACIMA_3;PNT — renda acima de 3 salários mínimos;%;53,92
Curitiba;2020;PNT_ACIMA_3;PNT — renda acima de 3 salários mínimos;%;54,21
Curitiba;2021;PNT_ACIMA_3;PNT — renda acima de 3 salários mínimos;%;54,09
Recife;2010;PNT_ACIMA_3;PNT — renda acima de 3 salários mínimos;%;4,89
Recife;2011;PNT_ACIMA_3;PNT — renda acima de 3 salários mínimos;%;4,89
Recife;2012;PNT_ACIMA_3;PNT — renda acima de 3 salários mínimos;%;4,89
Recife;2013;PNT_ACIMA_3;PNT — renda acima de 3 salários mínimos;%;4,9
Recife;2014;PNT_ACIMA_3;PNT — renda acima de 3 salários mínimos;%;13,86
Recife;2015;PNT_ACIMA_3;PNT — renda acima de 3 salários mínimos;%;14,01
Recife;2016;PNT_ACIMA_3;PNT — renda acima de 3 salários mínimos;%;14,01
Recife;2017;PNT_ACIMA_3;PNT — renda acima de 3 salários mínimos;%;14,72
Recife;2018;PNT_ACIMA_3;PNT — renda acima de 3 salários mínimos;%;14,74
Recife;2019;PNT_ACIMA_3;PNT — renda acima de 3 salários mínimos;%;14,95
Recife;2020;PNT_ACIMA_3;PNT — renda acima de 3 salários mínimos;%;14,74
Recife;2021;PNT_ACIMA_3;PNT — renda acima de 3 salários mínimos;%;14,78
Rio de Janeiro;2010;PNT_ACIMA_3;PNT — renda acima de 3 salários mínimos;%;33,93
Rio de Janeiro;2011;PNT_ACIMA_3;PNT — renda acima de 3 salários mínimos;%;33,93
Rio de Janeiro;2012;PNT_ACIMA_3;PNT — renda acima de 3 salários mínimos;%;37,05
Rio de Janeiro;2013;PNT_ACIMA_3;PNT — renda acima de 3 salários mínimos;%;37,05
Rio de Janeiro;2014;PNT_ACIMA_3;PNT — renda acima de 3 salários mínimos;%;42,48
Rio de Janeiro;2015;PNT_ACIMA_3;PNT — renda acima de 3 salários mínimos;%;42,48
Rio de Janeiro;2016;PNT_ACIMA_3;PNT — renda acima de 3 salários mínimos;%;50,1
Rio de Janeiro;2017;PNT_ACIMA_3;PNT — renda acima de 3 salários mínimos;%;51,24
Rio de Janeiro;2018;PNT_ACIMA_3;PNT — renda acima de 3 salários mínimos;%;51,24
Rio de Janeiro;2019;PNT_ACIMA_3;PNT — renda acima de 3 salários mínimos;%;52,09
Rio de Janeiro;2020;PNT_ACIMA_3;PNT — renda acima de 3 salários mínimos;%;50,22
Rio de Janeiro;2021;PNT_ACIMA_3;PNT — renda acima de 3 salários mínimos;%;52,32
São Paulo;2010;PNT_ACIMA_3;PNT — renda acima de 3 salários mínimos;%;27,92
São Paulo;2011;PNT_ACIMA_3;PNT — renda acima de 3 salários mínimos;%;28,05
São Paulo;2012;PNT_ACIMA_3;PNT — renda acima de 3 salários mínimos;%;28,05
São Paulo;2013;PNT_ACIMA_3;PNT — renda acima de 3 salários mínimos;%;28,07
São Paulo;2014;PNT_ACIMA_3;PNT — renda acima de 3 salários mínimos;%;28,94
São Paulo;2015;PNT_ACIMA_3;PNT — renda acima de 3 salários mínimos;%;28,94
São Paulo;2016;PNT_ACIMA_3;PNT — renda acima de 3 salários mínimos;%;28,94
São Paulo;2017;PNT_ACIMA_3;PNT — renda acima de 3 salários mínimos;%;29,21
São Paulo;2018;PNT_ACIMA_3;PNT — renda acima de 3 salários mínimos;%;34,5
São Paulo;2019;PNT_ACIMA_3;PNT — renda acima de 3 salários mínimos;%;35,63
São Paulo;2020;PNT_ACIMA_3;PNT — renda acima de 3 salários mínimos;%;35,36
São Paulo;2021;PNT_ACIMA_3;PNT — renda acima de 3 salários mínimos;%;35,53
Salvador;2014;PNT_ACIMA_3;PNT — renda acima de 3 salários mínimos;%;3,55
Salvador;2015;PNT_ACIMA_3;PNT — renda acima de 3 salários mínimos;%;4,74
Salvador;2016;PNT_ACIMA_3;PNT — renda acima de 3 salários mínimos;%;4,74
Salvador;2017;PNT_ACIMA_3;PNT — renda acima de 3 salários mínimos;%;8,25
Salvador;2018;PNT_ACIMA_3;PNT — renda acima de 3 salários mínimos;%;8,26
Salvador;2019;PNT_ACIMA_3;PNT — renda acima de 3 salários mínimos;%;8,01
Salvador;2020;PNT_ACIMA_3;PNT — renda acima de 3 salários mínimos;%;8,26
Salvador;2021;PNT_ACIMA_3;PNT — renda acima de 3 salários mínimos;%;8,74
Belém;2017;PNT_ACIMA_3;PNT — renda acima de 3 salários mínimos;%;8,3
Belém;2018;PNT_ACIMA_3;PNT — renda acima de 3 salários mínimos;%;12,34
Belém;2019;PNT_ACIMA_3;PNT — renda acima de 3 salários mínimos;%;21,31
Belém;2020;PNT_ACIMA_3;PNT — renda acima de 3 salários mínimos;%;21,68
Belém;2021;PNT_ACIMA_3;PNT — renda acima de 3 salários mínimos;%;22,28
Fortaleza;2017;PNT_ACIMA_3;PNT — renda acima de 3 salários mínimos;%;7,84
Fortaleza;2018;PNT_ACIMA_3;PNT — renda acima de 3 salários mínimos;%;14,54
Fortaleza;2019;PNT_ACIMA_3;PNT — renda acima de 3 salários mínimos;%;14,54
Fortaleza;2020;PNT_ACIMA_3;PNT — renda acima de 3 salários mínimos;%;16,21
Fortaleza;2021;PNT_ACIMA_3;PNT — renda acima de 3 salários mínimos;%;17,72
Belo Horizonte;2010;PNT_ATE_1/2;PNT — renda até ½ salário mínimo;%;5,48
Belo Horizonte;2011;PNT_ATE_1/2;PNT — renda até ½ salário mínimo;%;5,48
Belo Horizonte;2012;PNT_ATE_1/2;PNT — renda até ½ salário mínimo;%;5,48
Belo Horizonte;2013;PNT_ATE_1/2;PNT — renda até ½ salário mínimo;%;5,48
Belo Horizonte;2014;PNT_ATE_1/2;PNT — renda até ½ salário mínimo;%;12,19
Belo Horizonte;2015;PNT_ATE_1/2;PNT — renda até ½ salário mínimo;%;12,19
Belo Horizonte;2016;PNT_ATE_1/2;PNT — renda até ½ salário mínimo;%;12,22
Belo Horizonte;2017;PNT_ATE_1/2;PNT — renda até ½ salário mínimo;%;12,19
Belo Horizonte;2018;PNT_ATE_1/2;PNT — renda até ½ salário mínimo;%;12,19
Belo Horizonte;2019;PNT_ATE_1/2;PNT — renda até ½ salário mínimo;%;10,5
Belo Horizonte;2020;PNT_ATE_1/2;PNT — renda até ½ salário mínimo;%;12,22
Belo Horizonte;2021;PNT_ATE_1/2;PNT — renda até ½ salário mínimo;%;12,24
Brasília;2010;PNT_ATE_1/2;PNT — renda até ½ salário mínimo;%;6,07
Brasília;2011;PNT_ATE_1/2;PNT — renda até ½ salário mínimo;%;6,07
Brasília;2012;PNT_ATE_1/2;PNT — renda até ½ salário mínimo;%;6,07
Brasília;2013;PNT_ATE_1/2;PNT — renda até ½ salário mínimo;%;6,07
Brasília;2014;PNT_ATE_1/2;PNT — renda até ½ salário mínimo;%;6,43
Brasília;2015;PNT_ATE_1/2;PNT — renda até ½ salário mínimo;%;6,43
Brasília;2016;PNT_ATE_1/2;PNT — renda até ½ salário mínimo;%;6,43
Brasília;2017;PNT_ATE_1/2;PNT — renda até ½ salário mínimo;%;6,43
Brasília;2018;PNT_ATE_1/2;PNT — renda até ½ salário mínimo;%;6,49
Brasília;2019;PNT_ATE_1/2;PNT — renda até ½ salário mínimo;%;6,07
Brasília;2020;PNT_ATE_1/2;PNT — renda até ½ salário mínimo;%;6,54
Brasília;2021;PNT_ATE_1/2;PNT — renda até ½ salário mínimo;%;6,31
Curitiba;2010;PNT_ATE_1/2;PNT — renda até ½ salário mínimo;%;25,43
Curitiba;2011;PNT_ATE_1/2;PNT — renda até ½ salário mínimo;%;25,43
Curitiba;2012;PNT_ATE_1/2;PNT — renda até ½ salário mínimo;%;26,29
Curitiba;2013;PNT_ATE_1/2;PNT — renda até ½ salário mínimo;%;26,29
Curitiba;2014;PNT_ATE_1/2;PNT — renda até ½ salário mínimo;%;26,29
Curitiba;2015;PNT_ATE_1/2;PNT — renda até ½ salário mínimo;%;26,29
Curitiba;2016;PNT_ATE_1/2;PNT — renda até ½ salário mínimo;%;26,29
Curitiba;2017;PNT_ATE_1/2;PNT — renda até ½ salário mínimo;%;26,29
Curitiba;2018;PNT_ATE_1/2;PNT — renda até ½ salário mínimo;%;26,29
Curitiba;2019;PNT_ATE_1/2;PNT — renda até ½ salário mínimo;%;26,17
Curitiba;2020;PNT_ATE_1/2;PNT — renda até ½ salário mínimo;%;26,29
Curitiba;2021;PNT_ATE_1/2;PNT — renda até ½ salário mínimo;%;26,27
Recife;2010;PNT_ATE_1/2;PNT — renda até ½ salário mínimo;%;9,99
Recife;2011;PNT_ATE_1/2;PNT — renda até ½ salário mínimo;%;9,99
Recife;2012;PNT_ATE_1/2;PNT — renda até ½ salário mínimo;%;9,99
Recife;2013;PNT_ATE_1/2;PNT — renda até ½ salário mínimo;%;10,25
Recife;2014;PNT_ATE_1/2;PNT — renda até ½ salário mínimo;%;15,35
Recife;2015;PNT_ATE_1/2;PNT — renda até ½ salário mínimo;%;15,87
Recife;2016;PNT_ATE_1/2;PNT — renda até ½ salário mínimo;%;15,87
Recife;2017;PNT_ATE_1/2;PNT — renda até ½ salário mínimo;%;15,98
Recife;2018;PNT_ATE_1/2;PNT — renda até ½ salário mínimo;%;16,02
Recife;2019;PNT_ATE_1/2;PNT — renda até ½ salário mínimo;%;15,62
Recife;2020;PNT_ATE_1/2;PNT — renda até ½ salário mínimo;%;16,02
Recife;2021;PNT_ATE_1/2;PNT — renda até ½ salário mínimo;%;16,38
Rio de Janeiro;2010;PNT_ATE_1/2;PNT — renda até ½ salário mínimo;%;17,14
Rio de Janeiro;2011;PNT_ATE_1/2;PNT — renda até ½ salário mínimo;%;17,14
Rio de Janeiro;2012;PNT_ATE_1/2;PNT — renda até ½ salário mínimo;%;18,22
Rio de Janeiro;2013;PNT_ATE_1/2;PNT — renda até ½ salário mínimo;%;18,22
Rio de Janeiro;2014;PNT_ATE_1/2;PNT — renda até ½ salário mínimo;%;22,22
Rio de Janeiro;2015;PNT_ATE_1/2;PNT — renda até ½ salário mínimo;%;22,22
Rio de Janeiro;2016;PNT_ATE_1/2;PNT — renda até ½ salário mínimo;%;24,74
Rio de Janeiro;2017;PNT_ATE_1/2;PNT — renda até ½ salário mínimo;%;26,16
Rio de Janeiro;2018;PNT_ATE_1/2;PNT — renda até ½ salário mínimo;%;26,16
Rio de Janeiro;2019;PNT_ATE_1/2;PNT — renda até ½ salário mínimo;%;26,41
Rio de Janeiro;2020;PNT_ATE_1/2;PNT — renda até ½ salário mínimo;%;24,8
Rio de Janeiro;2021;PNT_ATE_1/2;PNT — renda até ½ salário mínimo;%;28,06
São Paulo;2010;PNT_ATE_1/2;PNT — renda até ½ salário mínimo;%;10,09
São Paulo;2011;PNT_ATE_1/2;PNT — renda até ½ salário mínimo;%;10,1
São Paulo;2012;PNT_ATE_1/2;PNT — renda até ½ salário mínimo;%;10,1
São Paulo;2013;PNT_ATE_1/2;PNT — renda até ½ salário mínimo;%;10,19
São Paulo;2014;PNT_ATE_1/2;PNT — renda até ½ salário mínimo;%;10,32
São Paulo;2015;PNT_ATE_1/2;PNT — renda até ½ salário mínimo;%;10,32
São Paulo;2016;PNT_ATE_1/2;PNT — renda até ½ salário mínimo;%;10,32
São Paulo;2017;PNT_ATE_1/2;PNT — renda até ½ salário mínimo;%;10,36
São Paulo;2018;PNT_ATE_1/2;PNT — renda até ½ salário mínimo;%;11,69
São Paulo;2019;PNT_ATE_1/2;PNT — renda até ½ salário mínimo;%;12,55
São Paulo;2020;PNT_ATE_1/2;PNT — renda até ½ salário mínimo;%;12,45
São Paulo;2021;PNT_ATE_1/2;PNT — renda até ½ salário mínimo;%;12,47
Salvador;2014;PNT_ATE_1/2;PNT — renda até ½ salário mínimo;%;1,11
Salvador;2015;PNT_ATE_1/2;PNT — renda até ½ salário mínimo;%;3,35
Salvador;2016;PNT_ATE_1/2;PNT — renda até ½ salário mínimo;%;3,35
Salvador;2017;PNT_ATE_1/2;PNT — renda até ½ salário mínimo;%;4,69
Salvador;2018;PNT_ATE_1/2;PNT — renda até ½ salário mínimo;%;4,75
Salvador;2019;PNT_ATE_1/2;PNT — renda até ½ salário mínimo;%;3,93
Salvador;2020;PNT_ATE_1/2;PNT — renda até ½ salário mínimo;%;4,75
Salvador;2021;PNT_ATE_1/2;PNT — renda até ½ salário mínimo;%;4,95
Belém;2017;PNT_ATE_1/2;PNT — renda até ½ salário mínimo;%;1,91
Belém;2018;PNT_ATE_1/2;PNT — renda até ½ salário mínimo;%;5,54
Belém;2019;PNT_ATE_1/2;PNT — renda até ½ salário mínimo;%;9,84
Belém;2020;PNT_ATE_1/2;PNT — renda até ½ salário mínimo;%;9,64
Belém;2021;PNT_ATE_1/2;PNT — renda até ½ salário mínimo;%;10,16
Fortaleza;2017;PNT_ATE_1/2;PNT — renda até ½ salário mínimo;%;6,51
Fortaleza;2018;PNT_ATE_1/2;PNT — renda até ½ salário mínimo;%;8,17
Fortaleza;2019;PNT_ATE_1/2;PNT — renda até ½ salário mínimo;%;8
Fortaleza;2020;PNT_ATE_1/2;PNT — renda até ½ salário mínimo;%;9,08
Fortaleza;2021;PNT_ATE_1/2;PNT — renda até ½ salário mínimo;%;8,4
Belo Horizonte;2010;PNT_MULHERES_1SM;PNT — mulheres com renda até 1 salário mínimo;%;6,78
Belo Horizonte;2011;PNT_MULHERES_1SM;PNT — mulheres com renda até 1 salário mínimo;%;6,78
Belo Horizonte;2012;PNT_MULHERES_1SM;PNT — mulheres com renda até 1 salário mínimo;%;6,78
Belo Horizonte;2013;PNT_MULHERES_1SM;PNT — mulheres com renda até 1 salário mínimo;%;6,78
Belo Horizonte;2014;PNT_MULHERES_1SM;PNT — mulheres com renda até 1 salário mínimo;%;15,11
Belo Horizonte;2015;PNT_MULHERES_1SM;PNT — mulheres com renda até 1 salário mínimo;%;15,11
Belo Horizonte;2016;PNT_MULHERES_1SM;PNT — mulheres com renda até 1 salário mínimo;%;15,14
Belo Horizonte;2017;PNT_MULHERES_1SM;PNT — mulheres com renda até 1 salário mínimo;%;15,11
Belo Horizonte;2018;PNT_MULHERES_1SM;PNT — mulheres com renda até 1 salário mínimo;%;15,11
Belo Horizonte;2019;PNT_MULHERES_1SM;PNT — mulheres com renda até 1 salário mínimo;%;12,85
Belo Horizonte;2020;PNT_MULHERES_1SM;PNT — mulheres com renda até 1 salário mínimo;%;15,14
Belo Horizonte;2021;PNT_MULHERES_1SM;PNT — mulheres com renda até 1 salário mínimo;%;15,15
Brasília;2010;PNT_MULHERES_1SM;PNT — mulheres com renda até 1 salário mínimo;%;8,71
Brasília;2011;PNT_MULHERES_1SM;PNT — mulheres com renda até 1 salário mínimo;%;8,71
Brasília;2012;PNT_MULHERES_1SM;PNT — mulheres com renda até 1 salário mínimo;%;8,71
Brasília;2013;PNT_MULHERES_1SM;PNT — mulheres com renda até 1 salário mínimo;%;8,71
Brasília;2014;PNT_MULHERES_1SM;PNT — mulheres com renda até 1 salário mínimo;%;9,03
Brasília;2015;PNT_MULHERES_1SM;PNT — mulheres com renda até 1 salário mínimo;%;9,03
Brasília;2016;PNT_MULHERES_1SM;PNT — mulheres com renda até 1 salário mínimo;%;9,03
Brasília;2017;PNT_MULHERES_1SM;PNT — mulheres com renda até 1 salário mínimo;%;9,05
Brasília;2018;PNT_MULHERES_1SM;PNT — mulheres com renda até 1 salário mínimo;%;9,11
Brasília;2019;PNT_MULHERES_1SM;PNT — mulheres com renda até 1 salário mínimo;%;8,6
Brasília;2020;PNT_MULHERES_1SM;PNT — mulheres com renda até 1 salário mínimo;%;9,32
Brasília;2021;PNT_MULHERES_1SM;PNT — mulheres com renda até 1 salário mínimo;%;8,84
Curitiba;2010;PNT_MULHERES_1SM;PNT — mulheres com renda até 1 salário mínimo;%;28,45
Curitiba;2011;PNT_MULHERES_1SM;PNT — mulheres com renda até 1 salário mínimo;%;28,45
Curitiba;2012;PNT_MULHERES_1SM;PNT — mulheres com renda até 1 salário mínimo;%;29,61
Curitiba;2013;PNT_MULHERES_1SM;PNT — mulheres com renda até 1 salário mínimo;%;29,61
Curitiba;2014;PNT_MULHERES_1SM;PNT — mulheres com renda até 1 salário mínimo;%;29,61
Curitiba;2015;PNT_MULHERES_1SM;PNT — mulheres com renda até 1 salário mínimo;%;29,61
Curitiba;2016;PNT_MULHERES_1SM;PNT — mulheres com renda até 1 salário mínimo;%;29,61
Curitiba;2017;PNT_MULHERES_1SM;PNT — mulheres com renda até 1 salário mínimo;%;29,61
Curitiba;2018;PNT_MULHERES_1SM;PNT — mulheres com renda até 1 salário mínimo;%;29,61
Curitiba;2019;PNT_MULHERES_1SM;PNT — mulheres com renda até 1 salário mínimo;%;29,48
Curitiba;2020;PNT_MULHERES_1SM;PNT — mulheres com renda até 1 salário mínimo;%;29,61
Curitiba;2021;PNT_MULHERES_1SM;PNT — mulheres com renda até 1 salário mínimo;%;29,53
Recife;2010;PNT_MULHERES_1SM;PNT — mulheres com renda até 1 salário mínimo;%;9,8
Recife;2011;PNT_MULHERES_1SM;PNT — mulheres com renda até 1 salário mínimo;%;9,8
Recife;2012;PNT_MULHERES_1SM;PNT — mulheres com renda até 1 salário mínimo;%;9,8
Recife;2013;PNT_MULHERES_1SM;PNT — mulheres com renda até 1 salário mínimo;%;10,04
Recife;2014;PNT_MULHERES_1SM;PNT — mulheres com renda até 1 salário mínimo;%;16,26
Recife;2015;PNT_MULHERES_1SM;PNT — mulheres com renda até 1 salário mínimo;%;16,7
Recife;2016;PNT_MULHERES_1SM;PNT — mulheres com renda até 1 salário mínimo;%;16,7
Recife;2017;PNT_MULHERES_1SM;PNT — mulheres com renda até 1 salário mínimo;%;16,85
Recife;2018;PNT_MULHERES_1SM;PNT — mulheres com renda até 1 salário mínimo;%;16,9
Recife;2019;PNT_MULHERES_1SM;PNT — mulheres com renda até 1 salário mínimo;%;16,68
Recife;2020;PNT_MULHERES_1SM;PNT — mulheres com renda até 1 salário mínimo;%;16,9
Recife;2021;PNT_MULHERES_1SM;PNT — mulheres com renda até 1 salário mínimo;%;17,2
Rio de Janeiro;2010;PNT_MULHERES_1SM;PNT — mulheres com renda até 1 salário mínimo;%;19,68
Rio de Janeiro;2011;PNT_MULHERES_1SM;PNT — mulheres com renda até 1 salário mínimo;%;19,68
Rio de Janeiro;2012;PNT_MULHERES_1SM;PNT — mulheres com renda até 1 salário mínimo;%;21,04
Rio de Janeiro;2013;PNT_MULHERES_1SM;PNT — mulheres com renda até 1 salário mínimo;%;21,04
Rio de Janeiro;2014;PNT_MULHERES_1SM;PNT — mulheres com renda até 1 salário mínimo;%;25,83
Rio de Janeiro;2015;PNT_MULHERES_1SM;PNT — mulheres com renda até 1 salário mínimo;%;25,83
Rio de Janeiro;2016;PNT_MULHERES_1SM;PNT — mulheres com renda até 1 salário mínimo;%;28,44
Rio de Janeiro;2017;PNT_MULHERES_1SM;PNT — mulheres com renda até 1 salário mínimo;%;29,96
Rio de Janeiro;2018;PNT_MULHERES_1SM;PNT — mulheres com renda até 1 salário mínimo;%;29,96
Rio de Janeiro;2019;PNT_MULHERES_1SM;PNT — mulheres com renda até 1 salário mínimo;%;30,26
Rio de Janeiro;2020;PNT_MULHERES_1SM;PNT — mulheres com renda até 1 salário mínimo;%;28,52
Rio de Janeiro;2021;PNT_MULHERES_1SM;PNT — mulheres com renda até 1 salário mínimo;%;31,65
São Paulo;2010;PNT_MULHERES_1SM;PNT — mulheres com renda até 1 salário mínimo;%;11,96
São Paulo;2011;PNT_MULHERES_1SM;PNT — mulheres com renda até 1 salário mínimo;%;11,98
São Paulo;2012;PNT_MULHERES_1SM;PNT — mulheres com renda até 1 salário mínimo;%;11,98
São Paulo;2013;PNT_MULHERES_1SM;PNT — mulheres com renda até 1 salário mínimo;%;12,09
São Paulo;2014;PNT_MULHERES_1SM;PNT — mulheres com renda até 1 salário mínimo;%;12,24
São Paulo;2015;PNT_MULHERES_1SM;PNT — mulheres com renda até 1 salário mínimo;%;12,24
São Paulo;2016;PNT_MULHERES_1SM;PNT — mulheres com renda até 1 salário mínimo;%;12,24
São Paulo;2017;PNT_MULHERES_1SM;PNT — mulheres com renda até 1 salário mínimo;%;12,3
São Paulo;2018;PNT_MULHERES_1SM;PNT — mulheres com renda até 1 salário mínimo;%;14,02
São Paulo;2019;PNT_MULHERES_1SM;PNT — mulheres com renda até 1 salário mínimo;%;14,94
São Paulo;2020;PNT_MULHERES_1SM;PNT — mulheres com renda até 1 salário mínimo;%;14,82
São Paulo;2021;PNT_MULHERES_1SM;PNT — mulheres com renda até 1 salário mínimo;%;14,86
Salvador;2014;PNT_MULHERES_1SM;PNT — mulheres com renda até 1 salário mínimo;%;1,53
Salvador;2015;PNT_MULHERES_1SM;PNT — mulheres com renda até 1 salário mínimo;%;3,8
Salvador;2016;PNT_MULHERES_1SM;PNT — mulheres com renda até 1 salário mínimo;%;3,8
Salvador;2017;PNT_MULHERES_1SM;PNT — mulheres com renda até 1 salário mínimo;%;5,28
Salvador;2018;PNT_MULHERES_1SM;PNT — mulheres com renda até 1 salário mínimo;%;5,33
Salvador;2019;PNT_MULHERES_1SM;PNT — mulheres com renda até 1 salário mínimo;%;4,6
Salvador;2020;PNT_MULHERES_1SM;PNT — mulheres com renda até 1 salário mínimo;%;5,33
Salvador;2021;PNT_MULHERES_1SM;PNT — mulheres com renda até 1 salário mínimo;%;5,59
Belém;2017;PNT_MULHERES_1SM;PNT — mulheres com renda até 1 salário mínimo;%;3,28
Belém;2018;PNT_MULHERES_1SM;PNT — mulheres com renda até 1 salário mínimo;%;7,3
Belém;2019;PNT_MULHERES_1SM;PNT — mulheres com renda até 1 salário mínimo;%;12,53
Belém;2020;PNT_MULHERES_1SM;PNT — mulheres com renda até 1 salário mínimo;%;12,4
Belém;2021;PNT_MULHERES_1SM;PNT — mulheres com renda até 1 salário mínimo;%;12,92
Fortaleza;2017;PNT_MULHERES_1SM;PNT — mulheres com renda até 1 salário mínimo;%;7,85
Fortaleza;2018;PNT_MULHERES_1SM;PNT — mulheres com renda até 1 salário mínimo;%;10,02
Fortaleza;2019;PNT_MULHERES_1SM;PNT — mulheres com renda até 1 salário mínimo;%;9,84
Fortaleza;2020;PNT_MULHERES_1SM;PNT — mulheres com renda até 1 salário mínimo;%;11,06
Fortaleza;2021;PNT_MULHERES_1SM;PNT — mulheres com renda até 1 salário mínimo;%;10,63
Belo Horizonte;2010;PNT_MULHERES_NEGRAS;PNT — mulheres negras;%;6,8
Belo Horizonte;2011;PNT_MULHERES_NEGRAS;PNT — mulheres negras;%;6,8
Belo Horizonte;2012;PNT_MULHERES_NEGRAS;PNT — mulheres negras;%;6,8
Belo Horizonte;2013;PNT_MULHERES_NEGRAS;PNT — mulheres negras;%;6,8
Belo Horizonte;2014;PNT_MULHERES_NEGRAS;PNT — mulheres negras;%;14,98
Belo Horizonte;2015;PNT_MULHERES_NEGRAS;PNT — mulheres negras;%;14,98
Belo Horizonte;2016;PNT_MULHERES_NEGRAS;PNT — mulheres negras;%;15
Belo Horizonte;2017;PNT_MULHERES_NEGRAS;PNT — mulheres negras;%;14,98
Belo Horizonte;2018;PNT_MULHERES_NEGRAS;PNT — mulheres negras;%;14,98
Belo Horizonte;2019;PNT_MULHERES_NEGRAS;PNT — mulheres negras;%;12,84
Belo Horizonte;2020;PNT_MULHERES_NEGRAS;PNT — mulheres negras;%;15
Belo Horizonte;2021;PNT_MULHERES_NEGRAS;PNT — mulheres negras;%;15
Brasília;2010;PNT_MULHERES_NEGRAS;PNT — mulheres negras;%;8,62
Brasília;2011;PNT_MULHERES_NEGRAS;PNT — mulheres negras;%;8,62
Brasília;2012;PNT_MULHERES_NEGRAS;PNT — mulheres negras;%;8,62
Brasília;2013;PNT_MULHERES_NEGRAS;PNT — mulheres negras;%;8,62
Brasília;2014;PNT_MULHERES_NEGRAS;PNT — mulheres negras;%;8,96
Brasília;2015;PNT_MULHERES_NEGRAS;PNT — mulheres negras;%;8,96
Brasília;2016;PNT_MULHERES_NEGRAS;PNT — mulheres negras;%;8,96
Brasília;2017;PNT_MULHERES_NEGRAS;PNT — mulheres negras;%;8,97
Brasília;2018;PNT_MULHERES_NEGRAS;PNT — mulheres negras;%;9,03
Brasília;2019;PNT_MULHERES_NEGRAS;PNT — mulheres negras;%;8,46
Brasília;2020;PNT_MULHERES_NEGRAS;PNT — mulheres negras;%;9,17
Brasília;2021;PNT_MULHERES_NEGRAS;PNT — mulheres negras;%;8,68
Curitiba;2010;PNT_MULHERES_NEGRAS;PNT — mulheres negras;%;22,67
Curitiba;2011;PNT_MULHERES_NEGRAS;PNT — mulheres negras;%;22,67
Curitiba;2012;PNT_MULHERES_NEGRAS;PNT — mulheres negras;%;23,66
Curitiba;2013;PNT_MULHERES_NEGRAS;PNT — mulheres negras;%;23,66
Curitiba;2014;PNT_MULHERES_NEGRAS;PNT — mulheres negras;%;23,66
Curitiba;2015;PNT_MULHERES_NEGRAS;PNT — mulheres negras;%;23,66
Curitiba;2016;PNT_MULHERES_NEGRAS;PNT — mulheres negras;%;23,66
Curitiba;2017;PNT_MULHERES_NEGRAS;PNT — mulheres negras;%;23,66
Curitiba;2018;PNT_MULHERES_NEGRAS;PNT — mulheres negras;%;23,66
Curitiba;2019;PNT_MULHERES_NEGRAS;PNT — mulheres negras;%;23,56
Curitiba;2020;PNT_MULHERES_NEGRAS;PNT — mulheres negras;%;23,66
Curitiba;2021;PNT_MULHERES_NEGRAS;PNT — mulheres negras;%;23,63
Recife;2010;PNT_MULHERES_NEGRAS;PNT — mulheres negras;%;9,82
Recife;2011;PNT_MULHERES_NEGRAS;PNT — mulheres negras;%;9,82
Recife;2012;PNT_MULHERES_NEGRAS;PNT — mulheres negras;%;9,82
Recife;2013;PNT_MULHERES_NEGRAS;PNT — mulheres negras;%;10,06
Recife;2014;PNT_MULHERES_NEGRAS;PNT — mulheres negras;%;16,34
Recife;2015;PNT_MULHERES_NEGRAS;PNT — mulheres negras;%;16,77
Recife;2016;PNT_MULHERES_NEGRAS;PNT — mulheres negras;%;16,77
Recife;2017;PNT_MULHERES_NEGRAS;PNT — mulheres negras;%;16,91
Recife;2018;PNT_MULHERES_NEGRAS;PNT — mulheres negras;%;16,96
Recife;2019;PNT_MULHERES_NEGRAS;PNT — mulheres negras;%;16,76
Recife;2020;PNT_MULHERES_NEGRAS;PNT — mulheres negras;%;16,96
Recife;2021;PNT_MULHERES_NEGRAS;PNT — mulheres negras;%;17,24
Rio de Janeiro;2010;PNT_MULHERES_NEGRAS;PNT — mulheres negras;%;18,76
Rio de Janeiro;2011;PNT_MULHERES_NEGRAS;PNT — mulheres negras;%;18,76
Rio de Janeiro;2012;PNT_MULHERES_NEGRAS;PNT — mulheres negras;%;19,81
Rio de Janeiro;2013;PNT_MULHERES_NEGRAS;PNT — mulheres negras;%;19,81
Rio de Janeiro;2014;PNT_MULHERES_NEGRAS;PNT — mulheres negras;%;24,58
Rio de Janeiro;2015;PNT_MULHERES_NEGRAS;PNT — mulheres negras;%;24,58
Rio de Janeiro;2016;PNT_MULHERES_NEGRAS;PNT — mulheres negras;%;26,61
Rio de Janeiro;2017;PNT_MULHERES_NEGRAS;PNT — mulheres negras;%;28,17
Rio de Janeiro;2018;PNT_MULHERES_NEGRAS;PNT — mulheres negras;%;28,17
Rio de Janeiro;2019;PNT_MULHERES_NEGRAS;PNT — mulheres negras;%;28,42
Rio de Janeiro;2020;PNT_MULHERES_NEGRAS;PNT — mulheres negras;%;26,69
Rio de Janeiro;2021;PNT_MULHERES_NEGRAS;PNT — mulheres negras;%;29,85
São Paulo;2010;PNT_MULHERES_NEGRAS;PNT — mulheres negras;%;10,35
São Paulo;2011;PNT_MULHERES_NEGRAS;PNT — mulheres negras;%;10,36
São Paulo;2012;PNT_MULHERES_NEGRAS;PNT — mulheres negras;%;10,36
São Paulo;2013;PNT_MULHERES_NEGRAS;PNT — mulheres negras;%;10,48
São Paulo;2014;PNT_MULHERES_NEGRAS;PNT — mulheres negras;%;10,54
São Paulo;2015;PNT_MULHERES_NEGRAS;PNT — mulheres negras;%;10,54
São Paulo;2016;PNT_MULHERES_NEGRAS;PNT — mulheres negras;%;10,54
São Paulo;2017;PNT_MULHERES_NEGRAS;PNT — mulheres negras;%;10,56
São Paulo;2018;PNT_MULHERES_NEGRAS;PNT — mulheres negras;%;11,5
São Paulo;2019;PNT_MULHERES_NEGRAS;PNT — mulheres negras;%;12,34
São Paulo;2020;PNT_MULHERES_NEGRAS;PNT — mulheres negras;%;12,23
São Paulo;2021;PNT_MULHERES_NEGRAS;PNT — mulheres negras;%;12,21
Salvador;2014;PNT_MULHERES_NEGRAS;PNT — mulheres negras;%;1,61
Salvador;2015;PNT_MULHERES_NEGRAS;PNT — mulheres negras;%;3,9
Salvador;2016;PNT_MULHERES_NEGRAS;PNT — mulheres negras;%;3,9
Salvador;2017;PNT_MULHERES_NEGRAS;PNT — mulheres negras;%;5,44
Salvador;2018;PNT_MULHERES_NEGRAS;PNT — mulheres negras;%;5,48
Salvador;2019;PNT_MULHERES_NEGRAS;PNT — mulheres negras;%;4,72
Salvador;2020;PNT_MULHERES_NEGRAS;PNT — mulheres negras;%;5,48
Salvador;2021;PNT_MULHERES_NEGRAS;PNT — mulheres negras;%;5,78
Belém;2017;PNT_MULHERES_NEGRAS;PNT — mulheres negras;%;3,43
Belém;2018;PNT_MULHERES_NEGRAS;PNT — mulheres negras;%;7,54
Belém;2019;PNT_MULHERES_NEGRAS;PNT — mulheres negras;%;12,92
Belém;2020;PNT_MULHERES_NEGRAS;PNT — mulheres negras;%;12,8
Belém;2021;PNT_MULHERES_NEGRAS;PNT — mulheres negras;%;13,33
Fortaleza;2017;PNT_MULHERES_NEGRAS;PNT — mulheres negras;%;7,82
Fortaleza;2018;PNT_MULHERES_NEGRAS;PNT — mulheres negras;%;9,88
Fortaleza;2019;PNT_MULHERES_NEGRAS;PNT — mulheres negras;%;9,73
Fortaleza;2020;PNT_MULHERES_NEGRAS;PNT — mulheres negras;%;10,89
Fortaleza;2021;PNT_MULHERES_NEGRAS;PNT — mulheres negras;%;10,52
Aracaju;2005;TARIFAX RENDA_DOM_NEGRA;Comprometimento da renda de trabalhadora doméstica negra com a tarifa;%;23
Aracaju;2006;TARIFAX RENDA_DOM_NEGRA;Comprometimento da renda de trabalhadora doméstica negra com a tarifa;%;24
Aracaju;2007;TARIFAX RENDA_DOM_NEGRA;Comprometimento da renda de trabalhadora doméstica negra com a tarifa;%;24
Aracaju;2008;TARIFAX RENDA_DOM_NEGRA;Comprometimento da renda de trabalhadora doméstica negra com a tarifa;%;23
Aracaju;2009;TARIFAX RENDA_DOM_NEGRA;Comprometimento da renda de trabalhadora doméstica negra com a tarifa;%;26
Aracaju;2011;TARIFAX RENDA_DOM_NEGRA;Comprometimento da renda de trabalhadora doméstica negra com a tarifa;%;25
Aracaju;2012;TARIFAX RENDA_DOM_NEGRA;Comprometimento da renda de trabalhadora doméstica negra com a tarifa;%;24
Aracaju;2013;TARIFAX RENDA_DOM_NEGRA;Comprometimento da renda de trabalhadora doméstica negra com a tarifa;%;24
Aracaju;2014;TARIFAX RENDA_DOM_NEGRA;Comprometimento da renda de trabalhadora doméstica negra com a tarifa;%;24
Aracaju;2015;TARIFAX RENDA_DOM_NEGRA;Comprometimento da renda de trabalhadora doméstica negra com a tarifa;%;27
Belém;2005;TARIFAX RENDA_DOM_NEGRA;Comprometimento da renda de trabalhadora doméstica negra com a tarifa;%;15
Belém;2006;TARIFAX RENDA_DOM_NEGRA;Comprometimento da renda de trabalhadora doméstica negra com a tarifa;%;16
Belém;2007;TARIFAX RENDA_DOM_NEGRA;Comprometimento da renda de trabalhadora doméstica negra com a tarifa;%;16
Belém;2008;TARIFAX RENDA_DOM_NEGRA;Comprometimento da renda de trabalhadora doméstica negra com a tarifa;%;17
Belém;2009;TARIFAX RENDA_DOM_NEGRA;Comprometimento da renda de trabalhadora doméstica negra com a tarifa;%;18
Belém;2011;TARIFAX RENDA_DOM_NEGRA;Comprometimento da renda de trabalhadora doméstica negra com a tarifa;%;18
Belém;2012;TARIFAX RENDA_DOM_NEGRA;Comprometimento da renda de trabalhadora doméstica negra com a tarifa;%;19
Belém;2013;TARIFAX RENDA_DOM_NEGRA;Comprometimento da renda de trabalhadora doméstica negra com a tarifa;%;19
Belém;2014;TARIFAX RENDA_DOM_NEGRA;Comprometimento da renda de trabalhadora doméstica negra com a tarifa;%;19
Belém;2015;TARIFAX RENDA_DOM_NEGRA;Comprometimento da renda de trabalhadora doméstica negra com a tarifa;%;21
Belo Horizonte;2005;TARIFAX RENDA_DOM_NEGRA;Comprometimento da renda de trabalhadora doméstica negra com a tarifa;%;16
Belo Horizonte;2006;TARIFAX RENDA_DOM_NEGRA;Comprometimento da renda de trabalhadora doméstica negra com a tarifa;%;16
Belo Horizonte;2007;TARIFAX RENDA_DOM_NEGRA;Comprometimento da renda de trabalhadora doméstica negra com a tarifa;%;16
Belo Horizonte;2008;TARIFAX RENDA_DOM_NEGRA;Comprometimento da renda de trabalhadora doméstica negra com a tarifa;%;16
Belo Horizonte;2009;TARIFAX RENDA_DOM_NEGRA;Comprometimento da renda de trabalhadora doméstica negra com a tarifa;%;18
Belo Horizonte;2011;TARIFAX RENDA_DOM_NEGRA;Comprometimento da renda de trabalhadora doméstica negra com a tarifa;%;17
Belo Horizonte;2012;TARIFAX RENDA_DOM_NEGRA;Comprometimento da renda de trabalhadora doméstica negra com a tarifa;%;17
Belo Horizonte;2013;TARIFAX RENDA_DOM_NEGRA;Comprometimento da renda de trabalhadora doméstica negra com a tarifa;%;17
Belo Horizonte;2014;TARIFAX RENDA_DOM_NEGRA;Comprometimento da renda de trabalhadora doméstica negra com a tarifa;%;16
Belo Horizonte;2015;TARIFAX RENDA_DOM_NEGRA;Comprometimento da renda de trabalhadora doméstica negra com a tarifa;%;19
Boa Vista;2005;TARIFAX RENDA_DOM_NEGRA;Comprometimento da renda de trabalhadora doméstica negra com a tarifa;%;23
Boa Vista;2006;TARIFAX RENDA_DOM_NEGRA;Comprometimento da renda de trabalhadora doméstica negra com a tarifa;%;22
Boa Vista;2007;TARIFAX RENDA_DOM_NEGRA;Comprometimento da renda de trabalhadora doméstica negra com a tarifa;%;22
Boa Vista;2008;TARIFAX RENDA_DOM_NEGRA;Comprometimento da renda de trabalhadora doméstica negra com a tarifa;%;20
Boa Vista;2009;TARIFAX RENDA_DOM_NEGRA;Comprometimento da renda de trabalhadora doméstica negra com a tarifa;%;19
Boa Vista;2011;TARIFAX RENDA_DOM_NEGRA;Comprometimento da renda de trabalhadora doméstica negra com a tarifa;%;20
Boa Vista;2012;TARIFAX RENDA_DOM_NEGRA;Comprometimento da renda de trabalhadora doméstica negra com a tarifa;%;19
Boa Vista;2013;TARIFAX RENDA_DOM_NEGRA;Comprometimento da renda de trabalhadora doméstica negra com a tarifa;%;20
Boa Vista;2014;TARIFAX RENDA_DOM_NEGRA;Comprometimento da renda de trabalhadora doméstica negra com a tarifa;%;19
Boa Vista;2015;TARIFAX RENDA_DOM_NEGRA;Comprometimento da renda de trabalhadora doméstica negra com a tarifa;%;23
Brasília;2005;TARIFAX RENDA_DOM_NEGRA;Comprometimento da renda de trabalhadora doméstica negra com a tarifa;%;17
Brasília;2006;TARIFAX RENDA_DOM_NEGRA;Comprometimento da renda de trabalhadora doméstica negra com a tarifa;%;20
Brasília;2007;TARIFAX RENDA_DOM_NEGRA;Comprometimento da renda de trabalhadora doméstica negra com a tarifa;%;19
Brasília;2008;TARIFAX RENDA_DOM_NEGRA;Comprometimento da renda de trabalhadora doméstica negra com a tarifa;%;18
Brasília;2009;TARIFAX RENDA_DOM_NEGRA;Comprometimento da renda de trabalhadora doméstica negra com a tarifa;%;18
Brasília;2011;TARIFAX RENDA_DOM_NEGRA;Comprometimento da renda de trabalhadora doméstica negra com a tarifa;%;15
Brasília;2012;TARIFAX RENDA_DOM_NEGRA;Comprometimento da renda de trabalhadora doméstica negra com a tarifa;%;14
Brasília;2013;TARIFAX RENDA_DOM_NEGRA;Comprometimento da renda de trabalhadora doméstica negra com a tarifa;%;13
Brasília;2014;TARIFAX RENDA_DOM_NEGRA;Comprometimento da renda de trabalhadora doméstica negra com a tarifa;%;13
Brasília;2015;TARIFAX RENDA_DOM_NEGRA;Comprometimento da renda de trabalhadora doméstica negra com a tarifa;%;13
Campo Grande;2005;TARIFAX RENDA_DOM_NEGRA;Comprometimento da renda de trabalhadora doméstica negra com a tarifa;%;19
Campo Grande;2006;TARIFAX RENDA_DOM_NEGRA;Comprometimento da renda de trabalhadora doméstica negra com a tarifa;%;20
Campo Grande;2007;TARIFAX RENDA_DOM_NEGRA;Comprometimento da renda de trabalhadora doméstica negra com a tarifa;%;20
Campo Grande;2008;TARIFAX RENDA_DOM_NEGRA;Comprometimento da renda de trabalhadora doméstica negra com a tarifa;%;19
Campo Grande;2009;TARIFAX RENDA_DOM_NEGRA;Comprometimento da renda de trabalhadora doméstica negra com a tarifa;%;21
Campo Grande;2011;TARIFAX RENDA_DOM_NEGRA;Comprometimento da renda de trabalhadora doméstica negra com a tarifa;%;19
Campo Grande;2012;TARIFAX RENDA_DOM_NEGRA;Comprometimento da renda de trabalhadora doméstica negra com a tarifa;%;18
Campo Grande;2013;TARIFAX RENDA_DOM_NEGRA;Comprometimento da renda de trabalhadora doméstica negra com a tarifa;%;18
Campo Grande;2014;TARIFAX RENDA_DOM_NEGRA;Comprometimento da renda de trabalhadora doméstica negra com a tarifa;%;17
Campo Grande;2015;TARIFAX RENDA_DOM_NEGRA;Comprometimento da renda de trabalhadora doméstica negra com a tarifa;%;19
Cuiabá;2005;TARIFAX RENDA_DOM_NEGRA;Comprometimento da renda de trabalhadora doméstica negra com a tarifa;%;17
Cuiabá;2006;TARIFAX RENDA_DOM_NEGRA;Comprometimento da renda de trabalhadora doméstica negra com a tarifa;%;19
Cuiabá;2007;TARIFAX RENDA_DOM_NEGRA;Comprometimento da renda de trabalhadora doméstica negra com a tarifa;%;17
Cuiabá;2008;TARIFAX RENDA_DOM_NEGRA;Comprometimento da renda de trabalhadora doméstica negra com a tarifa;%;19
Cuiabá;2009;TARIFAX RENDA_DOM_NEGRA;Comprometimento da renda de trabalhadora doméstica negra com a tarifa;%;18
Cuiabá;2011;TARIFAX RENDA_DOM_NEGRA;Comprometimento da renda de trabalhadora doméstica negra com a tarifa;%;19
Cuiabá;2012;TARIFAX RENDA_DOM_NEGRA;Comprometimento da renda de trabalhadora doméstica negra com a tarifa;%;18
Cuiabá;2013;TARIFAX RENDA_DOM_NEGRA;Comprometimento da renda de trabalhadora doméstica negra com a tarifa;%;19
Cuiabá;2014;TARIFAX RENDA_DOM_NEGRA;Comprometimento da renda de trabalhadora doméstica negra com a tarifa;%;18
Cuiabá;2015;TARIFAX RENDA_DOM_NEGRA;Comprometimento da renda de trabalhadora doméstica negra com a tarifa;%;20
Curitiba;2005;TARIFAX RENDA_DOM_NEGRA;Comprometimento da renda de trabalhadora doméstica negra com a tarifa;%;19
Curitiba;2006;TARIFAX RENDA_DOM_NEGRA;Comprometimento da renda de trabalhadora doméstica negra com a tarifa;%;17
Curitiba;2007;TARIFAX RENDA_DOM_NEGRA;Comprometimento da renda de trabalhadora doméstica negra com a tarifa;%;16
Curitiba;2008;TARIFAX RENDA_DOM_NEGRA;Comprometimento da renda de trabalhadora doméstica negra com a tarifa;%;17
Curitiba;2009;TARIFAX RENDA_DOM_NEGRA;Comprometimento da renda de trabalhadora doméstica negra com a tarifa;%;17
Curitiba;2011;TARIFAX RENDA_DOM_NEGRA;Comprometimento da renda de trabalhadora doméstica negra com a tarifa;%;16
Curitiba;2012;TARIFAX RENDA_DOM_NEGRA;Comprometimento da renda de trabalhadora doméstica negra com a tarifa;%;17
Curitiba;2013;TARIFAX RENDA_DOM_NEGRA;Comprometimento da renda de trabalhadora doméstica negra com a tarifa;%;17
Curitiba;2014;TARIFAX RENDA_DOM_NEGRA;Comprometimento da renda de trabalhadora doméstica negra com a tarifa;%;17
Curitiba;2015;TARIFAX RENDA_DOM_NEGRA;Comprometimento da renda de trabalhadora doméstica negra com a tarifa;%;18
Florianópolis;2005;TARIFAX RENDA_DOM_NEGRA;Comprometimento da renda de trabalhadora doméstica negra com a tarifa;%;17
Florianópolis;2006;TARIFAX RENDA_DOM_NEGRA;Comprometimento da renda de trabalhadora doméstica negra com a tarifa;%;17
Florianópolis;2007;TARIFAX RENDA_DOM_NEGRA;Comprometimento da renda de trabalhadora doméstica negra com a tarifa;%;17
Florianópolis;2008;TARIFAX RENDA_DOM_NEGRA;Comprometimento da renda de trabalhadora doméstica negra com a tarifa;%;17
Florianópolis;2009;TARIFAX RENDA_DOM_NEGRA;Comprometimento da renda de trabalhadora doméstica negra com a tarifa;%;16
Florianópolis;2011;TARIFAX RENDA_DOM_NEGRA;Comprometimento da renda de trabalhadora doméstica negra com a tarifa;%;17
Florianópolis;2012;TARIFAX RENDA_DOM_NEGRA;Comprometimento da renda de trabalhadora doméstica negra com a tarifa;%;18
Florianópolis;2013;TARIFAX RENDA_DOM_NEGRA;Comprometimento da renda de trabalhadora doméstica negra com a tarifa;%;17
Florianópolis;2014;TARIFAX RENDA_DOM_NEGRA;Comprometimento da renda de trabalhadora doméstica negra com a tarifa;%;18
Florianópolis;2015;TARIFAX RENDA_DOM_NEGRA;Comprometimento da renda de trabalhadora doméstica negra com a tarifa;%;20
Fortaleza;2005;TARIFAX RENDA_DOM_NEGRA;Comprometimento da renda de trabalhadora doméstica negra com a tarifa;%;26
Fortaleza;2006;TARIFAX RENDA_DOM_NEGRA;Comprometimento da renda de trabalhadora doméstica negra com a tarifa;%;25
Fortaleza;2007;TARIFAX RENDA_DOM_NEGRA;Comprometimento da renda de trabalhadora doméstica negra com a tarifa;%;23
Fortaleza;2008;TARIFAX RENDA_DOM_NEGRA;Comprometimento da renda de trabalhadora doméstica negra com a tarifa;%;22
Fortaleza;2009;TARIFAX RENDA_DOM_NEGRA;Comprometimento da renda de trabalhadora doméstica negra com a tarifa;%;21
Fortaleza;2011;TARIFAX RENDA_DOM_NEGRA;Comprometimento da renda de trabalhadora doméstica negra com a tarifa;%;22
Fortaleza;2012;TARIFAX RENDA_DOM_NEGRA;Comprometimento da renda de trabalhadora doméstica negra com a tarifa;%;22
Fortaleza;2013;TARIFAX RENDA_DOM_NEGRA;Comprometimento da renda de trabalhadora doméstica negra com a tarifa;%;21
Fortaleza;2014;TARIFAX RENDA_DOM_NEGRA;Comprometimento da renda de trabalhadora doméstica negra com a tarifa;%;23
Fortaleza;2015;TARIFAX RENDA_DOM_NEGRA;Comprometimento da renda de trabalhadora doméstica negra com a tarifa;%;24
Goiânia;2005;TARIFAX RENDA_DOM_NEGRA;Comprometimento da renda de trabalhadora doméstica negra com a tarifa;%;16
Goiânia;2006;TARIFAX RENDA_DOM_NEGRA;Comprometimento da renda de trabalhadora doméstica negra com a tarifa;%;18
Goiânia;2007;TARIFAX RENDA_DOM_NEGRA;Comprometimento da renda de trabalhadora doméstica negra com a tarifa;%;17
Goiânia;2008;TARIFAX RENDA_DOM_NEGRA;Comprometimento da renda de trabalhadora doméstica negra com a tarifa;%;16
Goiânia;2009;TARIFAX RENDA_DOM_NEGRA;Comprometimento da renda de trabalhadora doméstica negra com a tarifa;%;18
Goiânia;2011;TARIFAX RENDA_DOM_NEGRA;Comprometimento da renda de trabalhadora doméstica negra com a tarifa;%;17
Goiânia;2012;TARIFAX RENDA_DOM_NEGRA;Comprometimento da renda de trabalhadora doméstica negra com a tarifa;%;17
Goiânia;2013;TARIFAX RENDA_DOM_NEGRA;Comprometimento da renda de trabalhadora doméstica negra com a tarifa;%;17
Goiânia;2014;TARIFAX RENDA_DOM_NEGRA;Comprometimento da renda de trabalhadora doméstica negra com a tarifa;%;17
Goiânia;2015;TARIFAX RENDA_DOM_NEGRA;Comprometimento da renda de trabalhadora doméstica negra com a tarifa;%;18
João Pessoa;2005;TARIFAX RENDA_DOM_NEGRA;Comprometimento da renda de trabalhadora doméstica negra com a tarifa;%;21
João Pessoa;2006;TARIFAX RENDA_DOM_NEGRA;Comprometimento da renda de trabalhadora doméstica negra com a tarifa;%;22
João Pessoa;2007;TARIFAX RENDA_DOM_NEGRA;Comprometimento da renda de trabalhadora doméstica negra com a tarifa;%;23
João Pessoa;2008;TARIFAX RENDA_DOM_NEGRA;Comprometimento da renda de trabalhadora doméstica negra com a tarifa;%;23
João Pessoa;2009;TARIFAX RENDA_DOM_NEGRA;Comprometimento da renda de trabalhadora doméstica negra com a tarifa;%;24
João Pessoa;2011;TARIFAX RENDA_DOM_NEGRA;Comprometimento da renda de trabalhadora doméstica negra com a tarifa;%;25
João Pessoa;2012;TARIFAX RENDA_DOM_NEGRA;Comprometimento da renda de trabalhadora doméstica negra com a tarifa;%;24
João Pessoa;2013;TARIFAX RENDA_DOM_NEGRA;Comprometimento da renda de trabalhadora doméstica negra com a tarifa;%;24
João Pessoa;2014;TARIFAX RENDA_DOM_NEGRA;Comprometimento da renda de trabalhadora doméstica negra com a tarifa;%;23
João Pessoa;2015;TARIFAX RENDA_DOM_NEGRA;Comprometimento da renda de trabalhadora doméstica negra com a tarifa;%;24
Macapá;2005;TARIFAX RENDA_DOM_NEGRA;Comprometimento da renda de trabalhadora doméstica negra com a tarifa;%;17
Macapá;2006;TARIFAX RENDA_DOM_NEGRA;Comprometimento da renda de trabalhadora doméstica negra com a tarifa;%;18
Macapá;2007;TARIFAX RENDA_DOM_NEGRA;Comprometimento da renda de trabalhadora doméstica negra com a tarifa;%;18
Macapá;2008;TARIFAX RENDA_DOM_NEGRA;Comprometimento da renda de trabalhadora doméstica negra com a tarifa;%;20
Macapá;2009;TARIFAX RENDA_DOM_NEGRA;Comprometimento da renda de trabalhadora doméstica negra com a tarifa;%;21
Macapá;2011;TARIFAX RENDA_DOM_NEGRA;Comprometimento da renda de trabalhadora doméstica negra com a tarifa;%;19
Macapá;2012;TARIFAX RENDA_DOM_NEGRA;Comprometimento da renda de trabalhadora doméstica negra com a tarifa;%;21
Macapá;2013;TARIFAX RENDA_DOM_NEGRA;Comprometimento da renda de trabalhadora doméstica negra com a tarifa;%;20
Macapá;2014;TARIFAX RENDA_DOM_NEGRA;Comprometimento da renda de trabalhadora doméstica negra com a tarifa;%;18
Macapá;2015;TARIFAX RENDA_DOM_NEGRA;Comprometimento da renda de trabalhadora doméstica negra com a tarifa;%;18
Maceió;2005;TARIFAX RENDA_DOM_NEGRA;Comprometimento da renda de trabalhadora doméstica negra com a tarifa;%;23
Maceió;2006;TARIFAX RENDA_DOM_NEGRA;Comprometimento da renda de trabalhadora doméstica negra com a tarifa;%;25
Maceió;2007;TARIFAX RENDA_DOM_NEGRA;Comprometimento da renda de trabalhadora doméstica negra com a tarifa;%;25
Maceió;2008;TARIFAX RENDA_DOM_NEGRA;Comprometimento da renda de trabalhadora doméstica negra com a tarifa;%;23
Maceió;2009;TARIFAX RENDA_DOM_NEGRA;Comprometimento da renda de trabalhadora doméstica negra com a tarifa;%;27
Maceió;2011;TARIFAX RENDA_DOM_NEGRA;Comprometimento da renda de trabalhadora doméstica negra com a tarifa;%;25
Maceió;2012;TARIFAX RENDA_DOM_NEGRA;Comprometimento da renda de trabalhadora doméstica negra com a tarifa;%;23
Maceió;2013;TARIFAX RENDA_DOM_NEGRA;Comprometimento da renda de trabalhadora doméstica negra com a tarifa;%;24
Maceió;2014;TARIFAX RENDA_DOM_NEGRA;Comprometimento da renda de trabalhadora doméstica negra com a tarifa;%;24
Maceió;2015;TARIFAX RENDA_DOM_NEGRA;Comprometimento da renda de trabalhadora doméstica negra com a tarifa;%;28
Manaus;2005;TARIFAX RENDA_DOM_NEGRA;Comprometimento da renda de trabalhadora doméstica negra com a tarifa;%;19
Manaus;2006;TARIFAX RENDA_DOM_NEGRA;Comprometimento da renda de trabalhadora doméstica negra com a tarifa;%;22
Manaus;2007;TARIFAX RENDA_DOM_NEGRA;Comprometimento da renda de trabalhadora doméstica negra com a tarifa;%;24
Manaus;2008;TARIFAX RENDA_DOM_NEGRA;Comprometimento da renda de trabalhadora doméstica negra com a tarifa;%;23
Manaus;2009;TARIFAX RENDA_DOM_NEGRA;Comprometimento da renda de trabalhadora doméstica negra com a tarifa;%;21
Manaus;2011;TARIFAX RENDA_DOM_NEGRA;Comprometimento da renda de trabalhadora doméstica negra com a tarifa;%;22
Manaus;2012;TARIFAX RENDA_DOM_NEGRA;Comprometimento da renda de trabalhadora doméstica negra com a tarifa;%;26
Manaus;2013;TARIFAX RENDA_DOM_NEGRA;Comprometimento da renda de trabalhadora doméstica negra com a tarifa;%;24
Manaus;2014;TARIFAX RENDA_DOM_NEGRA;Comprometimento da renda de trabalhadora doméstica negra com a tarifa;%;23
Manaus;2015;TARIFAX RENDA_DOM_NEGRA;Comprometimento da renda de trabalhadora doméstica negra com a tarifa;%;26
Natal;2005;TARIFAX RENDA_DOM_NEGRA;Comprometimento da renda de trabalhadora doméstica negra com a tarifa;%;23
Natal;2006;TARIFAX RENDA_DOM_NEGRA;Comprometimento da renda de trabalhadora doméstica negra com a tarifa;%;25
Natal;2007;TARIFAX RENDA_DOM_NEGRA;Comprometimento da renda de trabalhadora doméstica negra com a tarifa;%;23
Natal;2008;TARIFAX RENDA_DOM_NEGRA;Comprometimento da renda de trabalhadora doméstica negra com a tarifa;%;24
Natal;2009;TARIFAX RENDA_DOM_NEGRA;Comprometimento da renda de trabalhadora doméstica negra com a tarifa;%;25
Natal;2011;TARIFAX RENDA_DOM_NEGRA;Comprometimento da renda de trabalhadora doméstica negra com a tarifa;%;24
Natal;2012;TARIFAX RENDA_DOM_NEGRA;Comprometimento da renda de trabalhadora doméstica negra com a tarifa;%;24
Natal;2013;TARIFAX RENDA_DOM_NEGRA;Comprometimento da renda de trabalhadora doméstica negra com a tarifa;%;23
Natal;2014;TARIFAX RENDA_DOM_NEGRA;Comprometimento da renda de trabalhadora doméstica negra com a tarifa;%;23
Natal;2015;TARIFAX RENDA_DOM_NEGRA;Comprometimento da renda de trabalhadora doméstica negra com a tarifa;%;24
Palmas;2005;TARIFAX RENDA_DOM_NEGRA;Comprometimento da renda de trabalhadora doméstica negra com a tarifa;%;22
Palmas;2006;TARIFAX RENDA_DOM_NEGRA;Comprometimento da renda de trabalhadora doméstica negra com a tarifa;%;21
Palmas;2007;TARIFAX RENDA_DOM_NEGRA;Comprometimento da renda de trabalhadora doméstica negra com a tarifa;%;21
Palmas;2008;TARIFAX RENDA_DOM_NEGRA;Comprometimento da renda de trabalhadora doméstica negra com a tarifa;%;17
Palmas;2009;TARIFAX RENDA_DOM_NEGRA;Comprometimento da renda de trabalhadora doméstica negra com a tarifa;%;16
Palmas;2011;TARIFAX RENDA_DOM_NEGRA;Comprometimento da renda de trabalhadora doméstica negra com a tarifa;%;21
Palmas;2012;TARIFAX RENDA_DOM_NEGRA;Comprometimento da renda de trabalhadora doméstica negra com a tarifa;%;20
Palmas;2013;TARIFAX RENDA_DOM_NEGRA;Comprometimento da renda de trabalhadora doméstica negra com a tarifa;%;22
Palmas;2014;TARIFAX RENDA_DOM_NEGRA;Comprometimento da renda de trabalhadora doméstica negra com a tarifa;%;21
Palmas;2015;TARIFAX RENDA_DOM_NEGRA;Comprometimento da renda de trabalhadora doméstica negra com a tarifa;%;22
Porto Alegre;2005;TARIFAX RENDA_DOM_NEGRA;Comprometimento da renda de trabalhadora doméstica negra com a tarifa;%;18
Porto Alegre;2006;TARIFAX RENDA_DOM_NEGRA;Comprometimento da renda de trabalhadora doméstica negra com a tarifa;%;17
Porto Alegre;2007;TARIFAX RENDA_DOM_NEGRA;Comprometimento da renda de trabalhadora doméstica negra com a tarifa;%;18
Porto Alegre;2008;TARIFAX RENDA_DOM_NEGRA;Comprometimento da renda de trabalhadora doméstica negra com a tarifa;%;18
Porto Alegre;2009;TARIFAX RENDA_DOM_NEGRA;Comprometimento da renda de trabalhadora doméstica negra com a tarifa;%;18
Porto Alegre;2011;TARIFAX RENDA_DOM_NEGRA;Comprometimento da renda de trabalhadora doméstica negra com a tarifa;%;18
Porto Alegre;2012;TARIFAX RENDA_DOM_NEGRA;Comprometimento da renda de trabalhadora doméstica negra com a tarifa;%;19
Porto Alegre;2013;TARIFAX RENDA_DOM_NEGRA;Comprometimento da renda de trabalhadora doméstica negra com a tarifa;%;18
Porto Alegre;2014;TARIFAX RENDA_DOM_NEGRA;Comprometimento da renda de trabalhadora doméstica negra com a tarifa;%;18
Porto Alegre;2015;TARIFAX RENDA_DOM_NEGRA;Comprometimento da renda de trabalhadora doméstica negra com a tarifa;%;19
Porto Velho;2005;TARIFAX RENDA_DOM_NEGRA;Comprometimento da renda de trabalhadora doméstica negra com a tarifa;%;23
Porto Velho;2006;TARIFAX RENDA_DOM_NEGRA;Comprometimento da renda de trabalhadora doméstica negra com a tarifa;%;22
Porto Velho;2007;TARIFAX RENDA_DOM_NEGRA;Comprometimento da renda de trabalhadora doméstica negra com a tarifa;%;24
Porto Velho;2008;TARIFAX RENDA_DOM_NEGRA;Comprometimento da renda de trabalhadora doméstica negra com a tarifa;%;23
Porto Velho;2009;TARIFAX RENDA_DOM_NEGRA;Comprometimento da renda de trabalhadora doméstica negra com a tarifa;%;24
Porto Velho;2011;TARIFAX RENDA_DOM_NEGRA;Comprometimento da renda de trabalhadora doméstica negra com a tarifa;%;25
Porto Velho;2012;TARIFAX RENDA_DOM_NEGRA;Comprometimento da renda de trabalhadora doméstica negra com a tarifa;%;24
Porto Velho;2013;TARIFAX RENDA_DOM_NEGRA;Comprometimento da renda de trabalhadora doméstica negra com a tarifa;%;23
Porto Velho;2014;TARIFAX RENDA_DOM_NEGRA;Comprometimento da renda de trabalhadora doméstica negra com a tarifa;%;22
Porto Velho;2015;TARIFAX RENDA_DOM_NEGRA;Comprometimento da renda de trabalhadora doméstica negra com a tarifa;%;23
Recife;2005;TARIFAX RENDA_DOM_NEGRA;Comprometimento da renda de trabalhadora doméstica negra com a tarifa;%;24
Recife;2006;TARIFAX RENDA_DOM_NEGRA;Comprometimento da renda de trabalhadora doméstica negra com a tarifa;%;26
Recife;2007;TARIFAX RENDA_DOM_NEGRA;Comprometimento da renda de trabalhadora doméstica negra com a tarifa;%;23
Recife;2008;TARIFAX RENDA_DOM_NEGRA;Comprometimento da renda de trabalhadora doméstica negra com a tarifa;%;22
Recife;2009;TARIFAX RENDA_DOM_NEGRA;Comprometimento da renda de trabalhadora doméstica negra com a tarifa;%;25
Recife;2011;TARIFAX RENDA_DOM_NEGRA;Comprometimento da renda de trabalhadora doméstica negra com a tarifa;%;24
Recife;2012;TARIFAX RENDA_DOM_NEGRA;Comprometimento da renda de trabalhadora doméstica negra com a tarifa;%;22
Recife;2013;TARIFAX RENDA_DOM_NEGRA;Comprometimento da renda de trabalhadora doméstica negra com a tarifa;%;23
Recife;2014;TARIFAX RENDA_DOM_NEGRA;Comprometimento da renda de trabalhadora doméstica negra com a tarifa;%;22
Recife;2015;TARIFAX RENDA_DOM_NEGRA;Comprometimento da renda de trabalhadora doméstica negra com a tarifa;%;25
Rio Branco;2005;TARIFAX RENDA_DOM_NEGRA;Comprometimento da renda de trabalhadora doméstica negra com a tarifa;%;20
Rio Branco;2006;TARIFAX RENDA_DOM_NEGRA;Comprometimento da renda de trabalhadora doméstica negra com a tarifa;%;21
Rio Branco;2007;TARIFAX RENDA_DOM_NEGRA;Comprometimento da renda de trabalhadora doméstica negra com a tarifa;%;21
Rio Branco;2008;TARIFAX RENDA_DOM_NEGRA;Comprometimento da renda de trabalhadora doméstica negra com a tarifa;%;21
Rio Branco;2009;TARIFAX RENDA_DOM_NEGRA;Comprometimento da renda de trabalhadora doméstica negra com a tarifa;%;20
Rio Branco;2011;TARIFAX RENDA_DOM_NEGRA;Comprometimento da renda de trabalhadora doméstica negra com a tarifa;%;19
Rio Branco;2012;TARIFAX RENDA_DOM_NEGRA;Comprometimento da renda de trabalhadora doméstica negra com a tarifa;%;22
Rio Branco;2013;TARIFAX RENDA_DOM_NEGRA;Comprometimento da renda de trabalhadora doméstica negra com a tarifa;%;21
Rio Branco;2014;TARIFAX RENDA_DOM_NEGRA;Comprometimento da renda de trabalhadora doméstica negra com a tarifa;%;20
Rio Branco;2015;TARIFAX RENDA_DOM_NEGRA;Comprometimento da renda de trabalhadora doméstica negra com a tarifa;%;25
Rio de Janeiro;2005;TARIFAX RENDA_DOM_NEGRA;Comprometimento da renda de trabalhadora doméstica negra com a tarifa;%;17
Rio de Janeiro;2006;TARIFAX RENDA_DOM_NEGRA;Comprometimento da renda de trabalhadora doméstica negra com a tarifa;%;16
Rio de Janeiro;2007;TARIFAX RENDA_DOM_NEGRA;Comprometimento da renda de trabalhadora doméstica negra com a tarifa;%;16
Rio de Janeiro;2008;TARIFAX RENDA_DOM_NEGRA;Comprometimento da renda de trabalhadora doméstica negra com a tarifa;%;17
Rio de Janeiro;2009;TARIFAX RENDA_DOM_NEGRA;Comprometimento da renda de trabalhadora doméstica negra com a tarifa;%;17
Rio de Janeiro;2011;TARIFAX RENDA_DOM_NEGRA;Comprometimento da renda de trabalhadora doméstica negra com a tarifa;%;17
Rio de Janeiro;2012;TARIFAX RENDA_DOM_NEGRA;Comprometimento da renda de trabalhadora doméstica negra com a tarifa;%;17
Rio de Janeiro;2013;TARIFAX RENDA_DOM_NEGRA;Comprometimento da renda de trabalhadora doméstica negra com a tarifa;%;16
Rio de Janeiro;2014;TARIFAX RENDA_DOM_NEGRA;Comprometimento da renda de trabalhadora doméstica negra com a tarifa;%;16
Rio de Janeiro;2015;TARIFAX RENDA_DOM_NEGRA;Comprometimento da renda de trabalhadora doméstica negra com a tarifa;%;21
Salvador;2005;TARIFAX RENDA_DOM_NEGRA;Comprometimento da renda de trabalhadora doméstica negra com a tarifa;%;24
Salvador;2006;TARIFAX RENDA_DOM_NEGRA;Comprometimento da renda de trabalhadora doméstica negra com a tarifa;%;26
Salvador;2007;TARIFAX RENDA_DOM_NEGRA;Comprometimento da renda de trabalhadora doméstica negra com a tarifa;%;29
Salvador;2008;TARIFAX RENDA_DOM_NEGRA;Comprometimento da renda de trabalhadora doméstica negra com a tarifa;%;28
Salvador;2009;TARIFAX RENDA_DOM_NEGRA;Comprometimento da renda de trabalhadora doméstica negra com a tarifa;%;29
Salvador;2011;TARIFAX RENDA_DOM_NEGRA;Comprometimento da renda de trabalhadora doméstica negra com a tarifa;%;30
Salvador;2012;TARIFAX RENDA_DOM_NEGRA;Comprometimento da renda de trabalhadora doméstica negra com a tarifa;%;27
Salvador;2013;TARIFAX RENDA_DOM_NEGRA;Comprometimento da renda de trabalhadora doméstica negra com a tarifa;%;29
Salvador;2014;TARIFAX RENDA_DOM_NEGRA;Comprometimento da renda de trabalhadora doméstica negra com a tarifa;%;29
Salvador;2015;TARIFAX RENDA_DOM_NEGRA;Comprometimento da renda de trabalhadora doméstica negra com a tarifa;%;30
São Luís;2005;TARIFAX RENDA_DOM_NEGRA;Comprometimento da renda de trabalhadora doméstica negra com a tarifa;%;24
São Luís;2006;TARIFAX RENDA_DOM_NEGRA;Comprometimento da renda de trabalhadora doméstica negra com a tarifa;%;26
São Luís;2007;TARIFAX RENDA_DOM_NEGRA;Comprometimento da renda de trabalhadora doméstica negra com a tarifa;%;25
São Luís;2008;TARIFAX RENDA_DOM_NEGRA;Comprometimento da renda de trabalhadora doméstica negra com a tarifa;%;23
São Luís;2009;TARIFAX RENDA_DOM_NEGRA;Comprometimento da renda de trabalhadora doméstica negra com a tarifa;%;23
São Luís;2011;TARIFAX RENDA_DOM_NEGRA;Comprometimento da renda de trabalhadora doméstica negra com a tarifa;%;25
São Luís;2012;TARIFAX RENDA_DOM_NEGRA;Comprometimento da renda de trabalhadora doméstica negra com a tarifa;%;23
São Luís;2013;TARIFAX RENDA_DOM_NEGRA;Comprometimento da renda de trabalhadora doméstica negra com a tarifa;%;22
São Luís;2014;TARIFAX RENDA_DOM_NEGRA;Comprometimento da renda de trabalhadora doméstica negra com a tarifa;%;22
São Luís;2015;TARIFAX RENDA_DOM_NEGRA;Comprometimento da renda de trabalhadora doméstica negra com a tarifa;%;24
São Paulo;2005;TARIFAX RENDA_DOM_NEGRA;Comprometimento da renda de trabalhadora doméstica negra com a tarifa;%;19
São Paulo;2006;TARIFAX RENDA_DOM_NEGRA;Comprometimento da renda de trabalhadora doméstica negra com a tarifa;%;17
São Paulo;2007;TARIFAX RENDA_DOM_NEGRA;Comprometimento da renda de trabalhadora doméstica negra com a tarifa;%;18
São Paulo;2008;TARIFAX RENDA_DOM_NEGRA;Comprometimento da renda de trabalhadora doméstica negra com a tarifa;%;19
São Paulo;2009;TARIFAX RENDA_DOM_NEGRA;Comprometimento da renda de trabalhadora doméstica negra com a tarifa;%;18
São Paulo;2011;TARIFAX RENDA_DOM_NEGRA;Comprometimento da renda de trabalhadora doméstica negra com a tarifa;%;21
São Paulo;2012;TARIFAX RENDA_DOM_NEGRA;Comprometimento da renda de trabalhadora doméstica negra com a tarifa;%;19
São Paulo;2013;TARIFAX RENDA_DOM_NEGRA;Comprometimento da renda de trabalhadora doméstica negra com a tarifa;%;18
São Paulo;2014;TARIFAX RENDA_DOM_NEGRA;Comprometimento da renda de trabalhadora doméstica negra com a tarifa;%;18
São Paulo;2015;TARIFAX RENDA_DOM_NEGRA;Comprometimento da renda de trabalhadora doméstica negra com a tarifa;%;18
Teresina;2005;TARIFAX RENDA_DOM_NEGRA;Comprometimento da renda de trabalhadora doméstica negra com a tarifa;%;24
Teresina;2006;TARIFAX RENDA_DOM_NEGRA;Comprometimento da renda de trabalhadora doméstica negra com a tarifa;%;23
Teresina;2007;TARIFAX RENDA_DOM_NEGRA;Comprometimento da renda de trabalhadora doméstica negra com a tarifa;%;22
Teresina;2008;TARIFAX RENDA_DOM_NEGRA;Comprometimento da renda de trabalhadora doméstica negra com a tarifa;%;22
Teresina;2009;TARIFAX RENDA_DOM_NEGRA;Comprometimento da renda de trabalhadora doméstica negra com a tarifa;%;23
Teresina;2011;TARIFAX RENDA_DOM_NEGRA;Comprometimento da renda de trabalhadora doméstica negra com a tarifa;%;23
Teresina;2012;TARIFAX RENDA_DOM_NEGRA;Comprometimento da renda de trabalhadora doméstica negra com a tarifa;%;23
Teresina;2013;TARIFAX RENDA_DOM_NEGRA;Comprometimento da renda de trabalhadora doméstica negra com a tarifa;%;22
Teresina;2014;TARIFAX RENDA_DOM_NEGRA;Comprometimento da renda de trabalhadora doméstica negra com a tarifa;%;22
Teresina;2015;TARIFAX RENDA_DOM_NEGRA;Comprometimento da renda de trabalhadora doméstica negra com a tarifa;%;21
Vitória;2005;TARIFAX RENDA_DOM_NEGRA;Comprometimento da renda de trabalhadora doméstica negra com a tarifa;%;15
Vitória;2006;TARIFAX RENDA_DOM_NEGRA;Comprometimento da renda de trabalhadora doméstica negra com a tarifa;%;13
Vitória;2007;TARIFAX RENDA_DOM_NEGRA;Comprometimento da renda de trabalhadora doméstica negra com a tarifa;%;14
Vitória;2008;TARIFAX RENDA_DOM_NEGRA;Comprometimento da renda de trabalhadora doméstica negra com a tarifa;%;14
Vitória;2009;TARIFAX RENDA_DOM_NEGRA;Comprometimento da renda de trabalhadora doméstica negra com a tarifa;%;13
Vitória;2011;TARIFAX RENDA_DOM_NEGRA;Comprometimento da renda de trabalhadora doméstica negra com a tarifa;%;15
Vitória;2012;TARIFAX RENDA_DOM_NEGRA;Comprometimento da renda de trabalhadora doméstica negra com a tarifa;%;15
Vitória;2013;TARIFAX RENDA_DOM_NEGRA;Comprometimento da renda de trabalhadora doméstica negra com a tarifa;%;14
Vitória;2014;TARIFAX RENDA_DOM_NEGRA;Comprometimento da renda de trabalhadora doméstica negra com a tarifa;%;14
Vitória;2015;TARIFAX RENDA_DOM_NEGRA;Comprometimento da renda de trabalhadora doméstica negra com a tarifa;%;15
Aracaju;2005;TARIFAxSM;Comprometimento do salário mínimo com a tarifa de transporte;%;24,1667
Aracaju;2006;TARIFAxSM;Comprometimento do salário mínimo com a tarifa de transporte;%;22,1429
Aracaju;2007;TARIFAxSM;Comprometimento do salário mínimo com a tarifa de transporte;%;21,7105
Aracaju;2008;TARIFAxSM;Comprometimento do salário mínimo com a tarifa de transporte;%;19,8795
Aracaju;2009;TARIFAxSM;Comprometimento do salário mínimo com a tarifa de transporte;%;20,9677
Aracaju;2010;TARIFAxSM;Comprometimento do salário mínimo com a tarifa de transporte;%;19,1176
Aracaju;2011;TARIFAxSM;Comprometimento do salário mínimo com a tarifa de transporte;%;19,4444
Aracaju;2012;TARIFAxSM;Comprometimento do salário mínimo com a tarifa de transporte;%;18,0868
Aracaju;2013;TARIFAxSM;Comprometimento do salário mínimo com a tarifa de transporte;%;16,5929
Aracaju;2014;TARIFAxSM;Comprometimento do salário mínimo com a tarifa de transporte;%;16,2293
Aracaju;2015;TARIFAxSM;Comprometimento do salário mínimo com a tarifa de transporte;%;17,132
Aracaju;2016;TARIFAxSM;Comprometimento do salário mínimo com a tarifa de transporte;%;17,6136
Aracaju;2017;TARIFAxSM;Comprometimento do salário mínimo com a tarifa de transporte;%;17
Belém;2005;TARIFAxSM;Comprometimento do salário mínimo com a tarifa de transporte;%;19,1667
Belém;2006;TARIFAxSM;Comprometimento do salário mínimo com a tarifa de transporte;%;19,2857
Belém;2007;TARIFAxSM;Comprometimento do salário mínimo com a tarifa de transporte;%;17,7632
Belém;2008;TARIFAxSM;Comprometimento do salário mínimo com a tarifa de transporte;%;18,0723
Belém;2009;TARIFAxSM;Comprometimento do salário mínimo com a tarifa de transporte;%;18,2796
Belém;2010;TARIFAxSM;Comprometimento do salário mínimo com a tarifa de transporte;%;16,6667
Belém;2011;TARIFAxSM;Comprometimento do salário mínimo com a tarifa de transporte;%;17,1296
Belém;2012;TARIFAxSM;Comprometimento do salário mínimo com a tarifa de transporte;%;16,0772
Belém;2013;TARIFAxSM;Comprometimento do salário mínimo com a tarifa de transporte;%;16,2242
Belém;2014;TARIFAxSM;Comprometimento do salário mínimo com a tarifa de transporte;%;15,1934
Belém;2015;TARIFAxSM;Comprometimento do salário mínimo com a tarifa de transporte;%;15,2284
Belém;2016;TARIFAxSM;Comprometimento do salário mínimo com a tarifa de transporte;%;15,3409
Belém;2017;TARIFAxSM;Comprometimento do salário mínimo com a tarifa de transporte;%;17
Belo Horizonte;2005;TARIFAxSM;Comprometimento do salário mínimo com a tarifa de transporte;%;27,5
Belo Horizonte;2006;TARIFAxSM;Comprometimento do salário mínimo com a tarifa de transporte;%;26,4286
Belo Horizonte;2007;TARIFAxSM;Comprometimento do salário mínimo com a tarifa de transporte;%;26,3158
Belo Horizonte;2008;TARIFAxSM;Comprometimento do salário mínimo com a tarifa de transporte;%;24,0964
Belo Horizonte;2009;TARIFAxSM;Comprometimento do salário mínimo com a tarifa de transporte;%;24,7312
Belo Horizonte;2010;TARIFAxSM;Comprometimento do salário mínimo com a tarifa de transporte;%;22,549
Belo Horizonte;2011;TARIFAxSM;Comprometimento do salário mínimo com a tarifa de transporte;%;22,6852
Belo Horizonte;2012;TARIFAxSM;Comprometimento do salário mínimo com a tarifa de transporte;%;21,3023
Belo Horizonte;2013;TARIFAxSM;Comprometimento do salário mínimo com a tarifa de transporte;%;20,649
Belo Horizonte;2014;TARIFAxSM;Comprometimento do salário mínimo com a tarifa de transporte;%;18,3011
Belo Horizonte;2015;TARIFAxSM;Comprometimento do salário mínimo com a tarifa de transporte;%;19,6701
Belo Horizonte;2016;TARIFAxSM;Comprometimento do salário mínimo com a tarifa de transporte;%;21,0227
Belo Horizonte;2017;TARIFAxSM;Comprometimento do salário mínimo com a tarifa de transporte;%;22
Boa Vista;2005;TARIFAxSM;Comprometimento do salário mínimo com a tarifa de transporte;%;30
Boa Vista;2006;TARIFAxSM;Comprometimento do salário mínimo com a tarifa de transporte;%;25,7143
Boa Vista;2007;TARIFAxSM;Comprometimento do salário mínimo com a tarifa de transporte;%;23,6842
Boa Vista;2008;TARIFAxSM;Comprometimento do salário mínimo com a tarifa de transporte;%;21,6867
Boa Vista;2009;TARIFAxSM;Comprometimento do salário mínimo com a tarifa de transporte;%;19,3548
Boa Vista;2010;TARIFAxSM;Comprometimento do salário mínimo com a tarifa de transporte;%;19,6078
Boa Vista;2011;TARIFAxSM;Comprometimento do salário mínimo com a tarifa de transporte;%;18,5185
Boa Vista;2012;TARIFAxSM;Comprometimento do salário mínimo com a tarifa de transporte;%;16,0772
Boa Vista;2013;TARIFAxSM;Comprometimento do salário mínimo com a tarifa de transporte;%;16,5929
Boa Vista;2014;TARIFAxSM;Comprometimento do salário mínimo com a tarifa de transporte;%;15,5387
Boa Vista;2015;TARIFAxSM;Comprometimento do salário mínimo com a tarifa de transporte;%;16,4975
Boa Vista;2016;TARIFAxSM;Comprometimento do salário mínimo com a tarifa de transporte;%;17,6136
Boa Vista;2017;TARIFAxSM;Comprometimento do salário mínimo com a tarifa de transporte;%;17
Brasília;2005;TARIFAxSM;Comprometimento do salário mínimo com a tarifa de transporte;%;26,6667
Brasília;2006;TARIFAxSM;Comprometimento do salário mínimo com a tarifa de transporte;%;28,5714
Brasília;2007;TARIFAxSM;Comprometimento do salário mínimo com a tarifa de transporte;%;26,3158
Brasília;2008;TARIFAxSM;Comprometimento do salário mínimo com a tarifa de transporte;%;24,0964
Brasília;2009;TARIFAxSM;Comprometimento do salário mínimo com a tarifa de transporte;%;21,5054
Brasília;2010;TARIFAxSM;Comprometimento do salário mínimo com a tarifa de transporte;%;19,6078
Brasília;2011;TARIFAxSM;Comprometimento do salário mínimo com a tarifa de transporte;%;18,5185
Brasília;2012;TARIFAxSM;Comprometimento do salário mínimo com a tarifa de transporte;%;16,0772
Brasília;2013;TARIFAxSM;Comprometimento do salário mínimo com a tarifa de transporte;%;14,7493
Brasília;2014;TARIFAxSM;Comprometimento do salário mínimo com a tarifa de transporte;%;13,8122
Brasília;2015;TARIFAxSM;Comprometimento do salário mínimo com a tarifa de transporte;%;12,6904
Brasília;2016;TARIFAxSM;Comprometimento do salário mínimo com a tarifa de transporte;%;17,0455
Brasília;2017;TARIFAxSM;Comprometimento do salário mínimo com a tarifa de transporte;%;19
Campo Grande;2005;TARIFAxSM;Comprometimento do salário mínimo com a tarifa de transporte;%;30
Campo Grande;2006;TARIFAxSM;Comprometimento do salário mínimo com a tarifa de transporte;%;28,5714
Campo Grande;2007;TARIFAxSM;Comprometimento do salário mínimo com a tarifa de transporte;%;27,6316
Campo Grande;2008;TARIFAxSM;Comprometimento do salário mínimo com a tarifa de transporte;%;25,3012
Campo Grande;2009;TARIFAxSM;Comprometimento do salário mínimo com a tarifa de transporte;%;24,7312
Campo Grande;2010;TARIFAxSM;Comprometimento do salário mínimo com a tarifa de transporte;%;24,5098
Campo Grande;2011;TARIFAxSM;Comprometimento do salário mínimo com a tarifa de transporte;%;23,1481
Campo Grande;2012;TARIFAxSM;Comprometimento do salário mínimo com a tarifa de transporte;%;21,7042
Campo Grande;2013;TARIFAxSM;Comprometimento do salário mínimo com a tarifa de transporte;%;21,0177
Campo Grande;2014;TARIFAxSM;Comprometimento do salário mínimo com a tarifa de transporte;%;18,9917
Campo Grande;2015;TARIFAxSM;Comprometimento do salário mínimo com a tarifa de transporte;%;19,0355
Campo Grande;2016;TARIFAxSM;Comprometimento do salário mínimo com a tarifa de transporte;%;18,4659
Campo Grande;2017;TARIFAxSM;Comprometimento do salário mínimo com a tarifa de transporte;%;19
Cuiabá;2005;TARIFAxSM;Comprometimento do salário mínimo com a tarifa de transporte;%;26,6667
Cuiabá;2006;TARIFAxSM;Comprometimento do salário mínimo com a tarifa de transporte;%;26,4286
Cuiabá;2007;TARIFAxSM;Comprometimento do salário mínimo com a tarifa de transporte;%;24,3421
Cuiabá;2008;TARIFAxSM;Comprometimento do salário mínimo com a tarifa de transporte;%;24,6988
Cuiabá;2009;TARIFAxSM;Comprometimento do salário mínimo com a tarifa de transporte;%;22,043
Cuiabá;2010;TARIFAxSM;Comprometimento do salário mínimo com a tarifa de transporte;%;22,549
Cuiabá;2011;TARIFAxSM;Comprometimento do salário mínimo com a tarifa de transporte;%;23,1481
Cuiabá;2012;TARIFAxSM;Comprometimento do salário mínimo com a tarifa de transporte;%;21,7042
Cuiabá;2013;TARIFAxSM;Comprometimento do salário mínimo com a tarifa de transporte;%;21,7552
Cuiabá;2014;TARIFAxSM;Comprometimento do salário mínimo com a tarifa de transporte;%;19,6823
Cuiabá;2015;TARIFAxSM;Comprometimento do salário mínimo com a tarifa de transporte;%;19,6701
Cuiabá;2016;TARIFAxSM;Comprometimento do salário mínimo com a tarifa de transporte;%;18
Cuiabá;2017;TARIFAxSM;Comprometimento do salário mínimo com a tarifa de transporte;%;19
Curitiba;2005;TARIFAxSM;Comprometimento do salário mínimo com a tarifa de transporte;%;30
Curitiba;2006;TARIFAxSM;Comprometimento do salário mínimo com a tarifa de transporte;%;25,7143
Curitiba;2007;TARIFAxSM;Comprometimento do salário mínimo com a tarifa de transporte;%;23,6842
Curitiba;2008;TARIFAxSM;Comprometimento do salário mínimo com a tarifa de transporte;%;22,8916
Curitiba;2009;TARIFAxSM;Comprometimento do salário mínimo com a tarifa de transporte;%;23,6559
Curitiba;2010;TARIFAxSM;Comprometimento do salário mínimo com a tarifa de transporte;%;21,5686
Curitiba;2011;TARIFAxSM;Comprometimento do salário mínimo com a tarifa de transporte;%;20,3704
Curitiba;2012;TARIFAxSM;Comprometimento do salário mínimo com a tarifa de transporte;%;20,0965
Curitiba;2013;TARIFAxSM;Comprometimento do salário mínimo com a tarifa de transporte;%;19,174
Curitiba;2014;TARIFAxSM;Comprometimento do salário mínimo com a tarifa de transporte;%;18,6464
Curitiba;2015;TARIFAxSM;Comprometimento do salário mínimo com a tarifa de transporte;%;18,0838
Curitiba;2016;TARIFAxSM;Comprometimento do salário mínimo com a tarifa de transporte;%;19
Curitiba;2017;TARIFAxSM;Comprometimento do salário mínimo com a tarifa de transporte;%;20
Florianópolis;2005;TARIFAxSM;Comprometimento do salário mínimo com a tarifa de transporte;%;26,6667
Florianópolis;2006;TARIFAxSM;Comprometimento do salário mínimo com a tarifa de transporte;%;26,4286
Florianópolis;2007;TARIFAxSM;Comprometimento do salário mínimo com a tarifa de transporte;%;24,3421
Florianópolis;2008;TARIFAxSM;Comprometimento do salário mínimo com a tarifa de transporte;%;22,8916
Florianópolis;2009;TARIFAxSM;Comprometimento do salário mínimo com a tarifa de transporte;%;22,5806
Florianópolis;2010;TARIFAxSM;Comprometimento do salário mínimo com a tarifa de transporte;%;21,5686
Florianópolis;2011;TARIFAxSM;Comprometimento do salário mínimo com a tarifa de transporte;%;22,037
Florianópolis;2012;TARIFAxSM;Comprometimento do salário mínimo com a tarifa de transporte;%;20,9003
Florianópolis;2013;TARIFAxSM;Comprometimento do salário mínimo com a tarifa de transporte;%;19,9115
Florianópolis;2014;TARIFAxSM;Comprometimento do salário mínimo com a tarifa de transporte;%;20,0276
Florianópolis;2015;TARIFAxSM;Comprometimento do salário mínimo com a tarifa de transporte;%;20
Florianópolis;2016;TARIFAxSM;Comprometimento do salário mínimo com a tarifa de transporte;%;19,8864
Florianópolis;2017;TARIFAxSM;Comprometimento do salário mínimo com a tarifa de transporte;%;21
Fortaleza;2005;TARIFAxSM;Comprometimento do salário mínimo com a tarifa de transporte;%;26,6667
Fortaleza;2006;TARIFAxSM;Comprometimento do salário mínimo com a tarifa de transporte;%;22,8571
Fortaleza;2007;TARIFAxSM;Comprometimento do salário mínimo com a tarifa de transporte;%;21,0526
Fortaleza;2008;TARIFAxSM;Comprometimento do salário mínimo com a tarifa de transporte;%;19,2771
Fortaleza;2009;TARIFAxSM;Comprometimento do salário mínimo com a tarifa de transporte;%;17,2043
Fortaleza;2010;TARIFAxSM;Comprometimento do salário mínimo com a tarifa de transporte;%;17,6471
Fortaleza;2011;TARIFAxSM;Comprometimento do salário mínimo com a tarifa de transporte;%;16,6667
Fortaleza;2012;TARIFAxSM;Comprometimento do salário mínimo com a tarifa de transporte;%;16,0772
Fortaleza;2013;TARIFAxSM;Comprometimento do salário mínimo com a tarifa de transporte;%;14,7493
Fortaleza;2014;TARIFAxSM;Comprometimento do salário mínimo com a tarifa de transporte;%;15,1934
Fortaleza;2015;TARIFAxSM;Comprometimento do salário mínimo com a tarifa de transporte;%;15
Fortaleza;2016;TARIFAxSM;Comprometimento do salário mínimo com a tarifa de transporte;%;15,625
Fortaleza;2017;TARIFAxSM;Comprometimento do salário mínimo com a tarifa de transporte;%;17
Goiânia;2005;TARIFAxSM;Comprometimento do salário mínimo com a tarifa de transporte;%;25
Goiânia;2006;TARIFAxSM;Comprometimento do salário mínimo com a tarifa de transporte;%;25,7143
Goiânia;2007;TARIFAxSM;Comprometimento do salário mínimo com a tarifa de transporte;%;23,6842
Goiânia;2008;TARIFAxSM;Comprometimento do salário mínimo com a tarifa de transporte;%;21,6867
Goiânia;2009;TARIFAxSM;Comprometimento do salário mínimo com a tarifa de transporte;%;21,5054
Goiânia;2010;TARIFAxSM;Comprometimento do salário mínimo com a tarifa de transporte;%;22,0588
Goiânia;2011;TARIFAxSM;Comprometimento do salário mínimo com a tarifa de transporte;%;20,8333
Goiânia;2012;TARIFAxSM;Comprometimento do salário mínimo com a tarifa de transporte;%;20,0965
Goiânia;2013;TARIFAxSM;Comprometimento do salário mínimo com a tarifa de transporte;%;19,9115
Goiânia;2014;TARIFAxSM;Comprometimento do salário mínimo com a tarifa de transporte;%;18,6464
Goiânia;2015;TARIFAxSM;Comprometimento do salário mínimo com a tarifa de transporte;%;17,7665
Goiânia;2016;TARIFAxSM;Comprometimento do salário mínimo com a tarifa de transporte;%;19
Goiânia;2017;TARIFAxSM;Comprometimento do salário mínimo com a tarifa de transporte;%;20
João Pessoa;2005;TARIFAxSM;Comprometimento do salário mínimo com a tarifa de transporte;%;21,6667
João Pessoa;2006;TARIFAxSM;Comprometimento do salário mínimo com a tarifa de transporte;%;20,7143
João Pessoa;2007;TARIFAxSM;Comprometimento do salário mínimo com a tarifa de transporte;%;21,0526
João Pessoa;2008;TARIFAxSM;Comprometimento do salário mínimo com a tarifa de transporte;%;20,4819
João Pessoa;2009;TARIFAxSM;Comprometimento do salário mínimo com a tarifa de transporte;%;19,3548
João Pessoa;2010;TARIFAxSM;Comprometimento do salário mínimo com a tarifa de transporte;%;18,6275
João Pessoa;2011;TARIFAxSM;Comprometimento do salário mínimo com a tarifa de transporte;%;19,4444
João Pessoa;2012;TARIFAxSM;Comprometimento do salário mínimo com a tarifa de transporte;%;17,6849
João Pessoa;2013;TARIFAxSM;Comprometimento do salário mínimo com a tarifa de transporte;%;16,9617
João Pessoa;2014;TARIFAxSM;Comprometimento do salário mínimo com a tarifa de transporte;%;15,1934
João Pessoa;2015;TARIFAxSM;Comprometimento do salário mínimo com a tarifa de transporte;%;14,9112
João Pessoa;2016;TARIFAxSM;Comprometimento do salário mínimo com a tarifa de transporte;%;17,0455
João Pessoa;2017;TARIFAxSM;Comprometimento do salário mínimo com a tarifa de transporte;%;17
Macapá;2005;TARIFAxSM;Comprometimento do salário mínimo com a tarifa de transporte;%;22,5
Macapá;2006;TARIFAxSM;Comprometimento do salário mínimo com a tarifa de transporte;%;21,4286
Macapá;2007;TARIFAxSM;Comprometimento do salário mínimo com a tarifa de transporte;%;19,7368
Macapá;2008;TARIFAxSM;Comprometimento do salário mínimo com a tarifa de transporte;%;21,0843
Macapá;2009;TARIFAxSM;Comprometimento do salário mínimo com a tarifa de transporte;%;20,9677
Macapá;2010;TARIFAxSM;Comprometimento do salário mínimo com a tarifa de transporte;%;19,1176
Macapá;2011;TARIFAxSM;Comprometimento do salário mínimo com a tarifa de transporte;%;18,0556
Macapá;2012;TARIFAxSM;Comprometimento do salário mínimo com a tarifa de transporte;%;18,4887
Macapá;2013;TARIFAxSM;Comprometimento do salário mínimo com a tarifa de transporte;%;16,9617
Macapá;2014;TARIFAxSM;Comprometimento do salário mínimo com a tarifa de transporte;%;14,5028
Macapá;2015;TARIFAxSM;Comprometimento do salário mínimo com a tarifa de transporte;%;13,3249
Macapá;2016;TARIFAxSM;Comprometimento do salário mínimo com a tarifa de transporte;%;16
Macapá;2017;TARIFAxSM;Comprometimento do salário mínimo com a tarifa de transporte;%;15
Maceió;2005;TARIFAxSM;Comprometimento do salário mínimo com a tarifa de transporte;%;24,1667
Maceió;2006;TARIFAxSM;Comprometimento do salário mínimo com a tarifa de transporte;%;22,8571
Maceió;2007;TARIFAxSM;Comprometimento do salário mínimo com a tarifa de transporte;%;22,3684
Maceió;2008;TARIFAxSM;Comprometimento do salário mínimo com a tarifa de transporte;%;20,4819
Maceió;2009;TARIFAxSM;Comprometimento do salário mínimo com a tarifa de transporte;%;21,5054
Maceió;2010;TARIFAxSM;Comprometimento do salário mínimo com a tarifa de transporte;%;19,6078
Maceió;2011;TARIFAxSM;Comprometimento do salário mínimo com a tarifa de transporte;%;19,4444
Maceió;2012;TARIFAxSM;Comprometimento do salário mínimo com a tarifa de transporte;%;16,881
Maceió;2013;TARIFAxSM;Comprometimento do salário mínimo com a tarifa de transporte;%;16,9617
Maceió;2014;TARIFAxSM;Comprometimento do salário mínimo com a tarifa de transporte;%;15,884
Maceió;2015;TARIFAxSM;Comprometimento do salário mínimo com a tarifa de transporte;%;17,4492
Maceió;2016;TARIFAxSM;Comprometimento do salário mínimo com a tarifa de transporte;%;17,8977
Maceió;2017;TARIFAxSM;Comprometimento do salário mínimo com a tarifa de transporte;%;17
Manaus;2005;TARIFAxSM;Comprometimento do salário mínimo com a tarifa de transporte;%;25
Manaus;2006;TARIFAxSM;Comprometimento do salário mínimo com a tarifa de transporte;%;25,7143
Manaus;2007;TARIFAxSM;Comprometimento do salário mínimo com a tarifa de transporte;%;26,3158
Manaus;2008;TARIFAxSM;Comprometimento do salário mínimo com a tarifa de transporte;%;24,0964
Manaus;2009;TARIFAxSM;Comprometimento do salário mínimo com a tarifa de transporte;%;21,5054
Manaus;2010;TARIFAxSM;Comprometimento do salário mínimo com a tarifa de transporte;%;22,0588
Manaus;2011;TARIFAxSM;Comprometimento do salário mínimo com a tarifa de transporte;%;20,8333
Manaus;2012;TARIFAxSM;Comprometimento do salário mínimo com a tarifa de transporte;%;22,1061
Manaus;2013;TARIFAxSM;Comprometimento do salário mínimo com a tarifa de transporte;%;20,2802
Manaus;2014;TARIFAxSM;Comprometimento do salário mínimo com a tarifa de transporte;%;18,9917
Manaus;2015;TARIFAxSM;Comprometimento do salário mínimo com a tarifa de transporte;%;19,0355
Manaus;2016;TARIFAxSM;Comprometimento do salário mínimo com a tarifa de transporte;%;17
Manaus;2017;TARIFAxSM;Comprometimento do salário mínimo com a tarifa de transporte;%;16
Natal;2005;TARIFAxSM;Comprometimento do salário mínimo com a tarifa de transporte;%;24,1667
Natal;2006;TARIFAxSM;Comprometimento do salário mínimo com a tarifa de transporte;%;22,8571
Natal;2007;TARIFAxSM;Comprometimento do salário mínimo com a tarifa de transporte;%;21,0526
Natal;2008;TARIFAxSM;Comprometimento do salário mínimo com a tarifa de transporte;%;21,0843
Natal;2009;TARIFAxSM;Comprometimento do salário mínimo com a tarifa de transporte;%;19,8925
Natal;2010;TARIFAxSM;Comprometimento do salário mínimo com a tarifa de transporte;%;19,6078
Natal;2011;TARIFAxSM;Comprometimento do salário mínimo com a tarifa de transporte;%;18,5185
Natal;2012;TARIFAxSM;Comprometimento do salário mínimo com a tarifa de transporte;%;17,6849
Natal;2013;TARIFAxSM;Comprometimento do salário mínimo com a tarifa de transporte;%;16,2242
Natal;2014;TARIFAxSM;Comprometimento do salário mínimo com a tarifa de transporte;%;15,1934
Natal;2015;TARIFAxSM;Comprometimento do salário mínimo com a tarifa de transporte;%;14,9112
Natal;2016;TARIFAxSM;Comprometimento do salário mínimo com a tarifa de transporte;%;16,4773
Natal;2017;TARIFAxSM;Comprometimento do salário mínimo com a tarifa de transporte;%;15
Palmas;2005;TARIFAxSM;Comprometimento do salário mínimo com a tarifa de transporte;%;28,3333
Palmas;2006;TARIFAxSM;Comprometimento do salário mínimo com a tarifa de transporte;%;24,2857
Palmas;2007;TARIFAxSM;Comprometimento do salário mínimo com a tarifa de transporte;%;22,3684
Palmas;2008;TARIFAxSM;Comprometimento do salário mínimo com a tarifa de transporte;%;18,0723
Palmas;2009;TARIFAxSM;Comprometimento do salário mínimo com a tarifa de transporte;%;16,129
Palmas;2010;TARIFAxSM;Comprometimento do salário mínimo com a tarifa de transporte;%;19,6078
Palmas;2011;TARIFAxSM;Comprometimento do salário mínimo com a tarifa de transporte;%;20,3704
Palmas;2012;TARIFAxSM;Comprometimento do salário mínimo com a tarifa de transporte;%;17,6849
Palmas;2013;TARIFAxSM;Comprometimento do salário mínimo com a tarifa de transporte;%;18,4366
Palmas;2014;TARIFAxSM;Comprometimento do salário mínimo com a tarifa de transporte;%;17,2652
Palmas;2015;TARIFAxSM;Comprometimento do salário mínimo com a tarifa de transporte;%;15,8629
Palmas;2016;TARIFAxSM;Comprometimento do salário mínimo com a tarifa de transporte;%;17,0455
Palmas;2017;TARIFAxSM;Comprometimento do salário mínimo com a tarifa de transporte;%;16
Porto Alegre;2005;TARIFAxSM;Comprometimento do salário mínimo com a tarifa de transporte;%;29,1667
Porto Alegre;2006;TARIFAxSM;Comprometimento do salário mínimo com a tarifa de transporte;%;26,4286
Porto Alegre;2007;TARIFAxSM;Comprometimento do salário mínimo com a tarifa de transporte;%;26,3158
Porto Alegre;2008;TARIFAxSM;Comprometimento do salário mínimo com a tarifa de transporte;%;24,0964
Porto Alegre;2009;TARIFAxSM;Comprometimento do salário mínimo com a tarifa de transporte;%;24,7312
Porto Alegre;2010;TARIFAxSM;Comprometimento do salário mínimo com a tarifa de transporte;%;22,549
Porto Alegre;2011;TARIFAxSM;Comprometimento do salário mínimo com a tarifa de transporte;%;22,6852
Porto Alegre;2012;TARIFAxSM;Comprometimento do salário mínimo com a tarifa de transporte;%;21,7042
Porto Alegre;2013;TARIFAxSM;Comprometimento do salário mínimo com a tarifa de transporte;%;21,0177
Porto Alegre;2014;TARIFAxSM;Comprometimento do salário mínimo com a tarifa de transporte;%;19,337
Porto Alegre;2015;TARIFAxSM;Comprometimento do salário mínimo com a tarifa de transporte;%;18,7183
Porto Alegre;2016;TARIFAxSM;Comprometimento do salário mínimo com a tarifa de transporte;%;18
Porto Alegre;2017;TARIFAxSM;Comprometimento do salário mínimo com a tarifa de transporte;%;20
Porto Velho;2005;TARIFAxSM;Comprometimento do salário mínimo com a tarifa de transporte;%;30
Porto Velho;2006;TARIFAxSM;Comprometimento do salário mínimo com a tarifa de transporte;%;25,7143
Porto Velho;2007;TARIFAxSM;Comprometimento do salário mínimo com a tarifa de transporte;%;26,3158
Porto Velho;2008;TARIFAxSM;Comprometimento do salário mínimo com a tarifa de transporte;%;24,0964
Porto Velho;2009;TARIFAxSM;Comprometimento do salário mínimo com a tarifa de transporte;%;24,7312
Porto Velho;2010;TARIFAxSM;Comprometimento do salário mínimo com a tarifa de transporte;%;22,549
Porto Velho;2011;TARIFAxSM;Comprometimento do salário mínimo com a tarifa de transporte;%;24,0741
Porto Velho;2012;TARIFAxSM;Comprometimento do salário mínimo com a tarifa de transporte;%;20,9003
Porto Velho;2013;TARIFAxSM;Comprometimento do salário mínimo com a tarifa de transporte;%;19,174
Porto Velho;2014;TARIFAxSM;Comprometimento do salário mínimo com a tarifa de transporte;%;17,9558
Porto Velho;2015;TARIFAxSM;Comprometimento do salário mínimo com a tarifa de transporte;%;16,4975
Porto Velho;2016;TARIFAxSM;Comprometimento do salário mínimo com a tarifa de transporte;%;15
Porto Velho;2017;TARIFAxSM;Comprometimento do salário mínimo com a tarifa de transporte;%;16
Recife;2005;TARIFAxSM;Comprometimento do salário mínimo com a tarifa de transporte;%;25
Recife;2006;TARIFAxSM;Comprometimento do salário mínimo com a tarifa de transporte;%;23,5714
Recife;2007;TARIFAxSM;Comprometimento do salário mínimo com a tarifa de transporte;%;21,0526
Recife;2008;TARIFAxSM;Comprometimento do salário mínimo com a tarifa de transporte;%;19,2771
Recife;2009;TARIFAxSM;Comprometimento do salário mínimo com a tarifa de transporte;%;19,8925
Recife;2010;TARIFAxSM;Comprometimento do salário mínimo com a tarifa de transporte;%;18,1373
Recife;2011;TARIFAxSM;Comprometimento do salário mínimo com a tarifa de transporte;%;18,5185
Recife;2012;TARIFAxSM;Comprometimento do salário mínimo com a tarifa de transporte;%;16,0772
Recife;2013;TARIFAxSM;Comprometimento do salário mínimo com a tarifa de transporte;%;15,8555
Recife;2014;TARIFAxSM;Comprometimento do salário mínimo com a tarifa de transporte;%;14,8481
Recife;2015;TARIFAxSM;Comprometimento do salário mínimo com a tarifa de transporte;%;15,5457
Recife;2016;TARIFAxSM;Comprometimento do salário mínimo com a tarifa de transporte;%;15,9091
Recife;2017;TARIFAxSM;Comprometimento do salário mínimo com a tarifa de transporte;%;17
Rio Branco;2005;TARIFAxSM;Comprometimento do salário mínimo com a tarifa de transporte;%;26,6667
Rio Branco;2006;TARIFAxSM;Comprometimento do salário mínimo com a tarifa de transporte;%;25
Rio Branco;2007;TARIFAxSM;Comprometimento do salário mínimo com a tarifa de transporte;%;23,0263
Rio Branco;2008;TARIFAxSM;Comprometimento do salário mínimo com a tarifa de transporte;%;22,8916
Rio Branco;2009;TARIFAxSM;Comprometimento do salário mínimo com a tarifa de transporte;%;20,4301
Rio Branco;2010;TARIFAxSM;Comprometimento do salário mínimo com a tarifa de transporte;%;18,6275
Rio Branco;2011;TARIFAxSM;Comprometimento do salário mínimo com a tarifa de transporte;%;17,5926
Rio Branco;2012;TARIFAxSM;Comprometimento do salário mínimo com a tarifa de transporte;%;19,2926
Rio Branco;2013;TARIFAxSM;Comprometimento do salário mínimo com a tarifa de transporte;%;17,6991
Rio Branco;2014;TARIFAxSM;Comprometimento do salário mínimo com a tarifa de transporte;%;16,5746
Rio Branco;2015;TARIFAxSM;Comprometimento do salário mínimo com a tarifa de transporte;%;18,401
Rio Branco;2016;TARIFAxSM;Comprometimento do salário mínimo com a tarifa de transporte;%;17,0455
Rio Branco;2017;TARIFAxSM;Comprometimento do salário mínimo com a tarifa de transporte;%;16
Rio de Janeiro;2005;TARIFAxSM;Comprometimento do salário mínimo com a tarifa de transporte;%;30
Rio de Janeiro;2006;TARIFAxSM;Comprometimento do salário mínimo com a tarifa de transporte;%;27,1429
Rio de Janeiro;2007;TARIFAxSM;Comprometimento do salário mínimo com a tarifa de transporte;%;26,3158
Rio de Janeiro;2008;TARIFAxSM;Comprometimento do salário mínimo com a tarifa de transporte;%;25,3012
Rio de Janeiro;2009;TARIFAxSM;Comprometimento do salário mínimo com a tarifa de transporte;%;23,6559
Rio de Janeiro;2010;TARIFAxSM;Comprometimento do salário mínimo com a tarifa de transporte;%;21,5686
Rio de Janeiro;2011;TARIFAxSM;Comprometimento do salário mínimo com a tarifa de transporte;%;22,2222
Rio de Janeiro;2012;TARIFAxSM;Comprometimento do salário mínimo com a tarifa de transporte;%;22,1061
Rio de Janeiro;2013;TARIFAxSM;Comprometimento do salário mínimo com a tarifa de transporte;%;20,2802
Rio de Janeiro;2014;TARIFAxSM;Comprometimento do salário mínimo com a tarifa de transporte;%;18,9917
Rio de Janeiro;2015;TARIFAxSM;Comprometimento do salário mínimo com a tarifa de transporte;%;21,5736
Rio de Janeiro;2016;TARIFAxSM;Comprometimento do salário mínimo com a tarifa de transporte;%;21,5909
Rio de Janeiro;2017;TARIFAxSM;Comprometimento do salário mínimo com a tarifa de transporte;%;20
Salvador;2005;TARIFAxSM;Comprometimento do salário mínimo com a tarifa de transporte;%;25
Salvador;2006;TARIFAxSM;Comprometimento do salário mínimo com a tarifa de transporte;%;24,2857
Salvador;2007;TARIFAxSM;Comprometimento do salário mínimo com a tarifa de transporte;%;26,3158
Salvador;2008;TARIFAxSM;Comprometimento do salário mínimo com a tarifa de transporte;%;24,0964
Salvador;2009;TARIFAxSM;Comprometimento do salário mínimo com a tarifa de transporte;%;23,6559
Salvador;2010;TARIFAxSM;Comprometimento do salário mínimo com a tarifa de transporte;%;22,549
Salvador;2011;TARIFAxSM;Comprometimento do salário mínimo com a tarifa de transporte;%;23,1481
Salvador;2012;TARIFAxSM;Comprometimento do salário mínimo com a tarifa de transporte;%;20,0965
Salvador;2013;TARIFAxSM;Comprometimento do salário mínimo com a tarifa de transporte;%;20,649
Salvador;2014;TARIFAxSM;Comprometimento do salário mínimo com a tarifa de transporte;%;19,337
Salvador;2015;TARIFAxSM;Comprometimento do salário mínimo com a tarifa de transporte;%;19,0355
Salvador;2016;TARIFAxSM;Comprometimento do salário mínimo com a tarifa de transporte;%;18,75
Salvador;2017;TARIFAxSM;Comprometimento do salário mínimo com a tarifa de transporte;%;19
São Luís;2005;TARIFAxSM;Comprometimento do salário mínimo com a tarifa de transporte;%;25
São Luís;2006;TARIFAxSM;Comprometimento do salário mínimo com a tarifa de transporte;%;24,2857
São Luís;2007;TARIFAxSM;Comprometimento do salário mínimo com a tarifa de transporte;%;22,3684
São Luís;2008;TARIFAxSM;Comprometimento do salário mínimo com a tarifa de transporte;%;20,4819
São Luís;2009;TARIFAxSM;Comprometimento do salário mínimo com a tarifa de transporte;%;18,2796
São Luís;2010;TARIFAxSM;Comprometimento do salário mínimo com a tarifa de transporte;%;16,6667
São Luís;2011;TARIFAxSM;Comprometimento do salário mínimo com a tarifa de transporte;%;19,4444
São Luís;2012;TARIFAxSM;Comprometimento do salário mínimo com a tarifa de transporte;%;16,881
São Luís;2013;TARIFAxSM;Comprometimento do salário mínimo com a tarifa de transporte;%;15,4867
São Luís;2014;TARIFAxSM;Comprometimento do salário mínimo com a tarifa de transporte;%;14,5028
São Luís;2015;TARIFAxSM;Comprometimento do salário mínimo com a tarifa de transporte;%;15,2284
São Luís;2016;TARIFAxSM;Comprometimento do salário mínimo com a tarifa de transporte;%;15
São Luís;2017;TARIFAxSM;Comprometimento do salário mínimo com a tarifa de transporte;%;15
São Paulo;2005;TARIFAxSM;Comprometimento do salário mínimo com a tarifa de transporte;%;33,3333
São Paulo;2006;TARIFAxSM;Comprometimento do salário mínimo com a tarifa de transporte;%;28,5714
São Paulo;2007;TARIFAxSM;Comprometimento do salário mínimo com a tarifa de transporte;%;30,2632
São Paulo;2008;TARIFAxSM;Comprometimento do salário mínimo com a tarifa de transporte;%;27,7108
São Paulo;2009;TARIFAxSM;Comprometimento do salário mínimo com a tarifa de transporte;%;24,7312
São Paulo;2010;TARIFAxSM;Comprometimento do salário mínimo com a tarifa de transporte;%;26,4706
São Paulo;2011;TARIFAxSM;Comprometimento do salário mínimo com a tarifa de transporte;%;27,7778
São Paulo;2012;TARIFAxSM;Comprometimento do salário mínimo com a tarifa de transporte;%;24,1158
São Paulo;2013;TARIFAxSM;Comprometimento do salário mínimo com a tarifa de transporte;%;22,1239
São Paulo;2014;TARIFAxSM;Comprometimento do salário mínimo com a tarifa de transporte;%;20,7182
São Paulo;2015;TARIFAxSM;Comprometimento do salário mínimo com a tarifa de transporte;%;19,0355
São Paulo;2016;TARIFAxSM;Comprometimento do salário mínimo com a tarifa de transporte;%;21,5909
São Paulo;2017;TARIFAxSM;Comprometimento do salário mínimo com a tarifa de transporte;%;20
Teresina;2005;TARIFAxSM;Comprometimento do salário mínimo com a tarifa de transporte;%;25
Teresina;2006;TARIFAxSM;Comprometimento do salário mínimo com a tarifa de transporte;%;21,4286
Teresina;2007;TARIFAxSM;Comprometimento do salário mínimo com a tarifa de transporte;%;19,7368
Teresina;2008;TARIFAxSM;Comprometimento do salário mínimo com a tarifa de transporte;%;19,2771
Teresina;2009;TARIFAxSM;Comprometimento do salário mínimo com a tarifa de transporte;%;18,8172
Teresina;2010;TARIFAxSM;Comprometimento do salário mínimo com a tarifa de transporte;%;17,1569
Teresina;2011;TARIFAxSM;Comprometimento do salário mínimo com a tarifa de transporte;%;17,5926
Teresina;2012;TARIFAxSM;Comprometimento do salário mínimo com a tarifa de transporte;%;16,881
Teresina;2013;TARIFAxSM;Comprometimento do salário mínimo com a tarifa de transporte;%;15,4867
Teresina;2014;TARIFAxSM;Comprometimento do salário mínimo com a tarifa de transporte;%;14,5028
Teresina;2015;TARIFAxSM;Comprometimento do salário mínimo com a tarifa de transporte;%;13,3249
Teresina;2016;TARIFAxSM;Comprometimento do salário mínimo com a tarifa de transporte;%;15,625
Teresina;2017;TARIFAxSM;Comprometimento do salário mínimo com a tarifa de transporte;%;18
Vitória;2005;TARIFAxSM;Comprometimento do salário mínimo com a tarifa de transporte;%;25,8333
Vitória;2006;TARIFAxSM;Comprometimento do salário mínimo com a tarifa de transporte;%;22,1429
Vitória;2007;TARIFAxSM;Comprometimento do salário mínimo com a tarifa de transporte;%;22,3684
Vitória;2008;TARIFAxSM;Comprometimento do salário mínimo com a tarifa de transporte;%;20,4819
Vitória;2009;TARIFAxSM;Comprometimento do salário mínimo com a tarifa de transporte;%;18,8172
Vitória;2010;TARIFAxSM;Comprometimento do salário mínimo com a tarifa de transporte;%;19,6078
Vitória;2011;TARIFAxSM;Comprometimento do salário mínimo com a tarifa de transporte;%;20,3704
Vitória;2012;TARIFAxSM;Comprometimento do salário mínimo com a tarifa de transporte;%;18,8907
Vitória;2013;TARIFAxSM;Comprometimento do salário mínimo com a tarifa de transporte;%;17,3304
Vitória;2014;TARIFAxSM;Comprometimento do salário mínimo com a tarifa de transporte;%;16,5746
Vitória;2015;TARIFAxSM;Comprometimento do salário mínimo com a tarifa de transporte;%;15,2284
Vitória;2016;TARIFAxSM;Comprometimento do salário mínimo com a tarifa de transporte;%;15,3409
Vitória;2017;TARIFAxSM;Comprometimento do salário mínimo com a tarifa de transporte;%;17
Aracaju;2010;TEMPO_MED;Tempo médio de viagem casa-trabalho;min;31
Belém;2010;TEMPO_MED;Tempo médio de viagem casa-trabalho;min;33
Belo Horizonte;2010;TEMPO_MED;Tempo médio de viagem casa-trabalho;min;39,4
Boa Vista;2010;TEMPO_MED;Tempo médio de viagem casa-trabalho;min;32,8
Brasília;2010;TEMPO_MED;Tempo médio de viagem casa-trabalho;min;39
Campo Grande;2010;TEMPO_MED;Tempo médio de viagem casa-trabalho;min;29,9
Cuiabá;2010;TEMPO_MED;Tempo médio de viagem casa-trabalho;min;31,2
Curitiba;2010;TEMPO_MED;Tempo médio de viagem casa-trabalho;min;33,9
Florianópolis;2010;TEMPO_MED;Tempo médio de viagem casa-trabalho;min;29,3
Fortaleza;2010;TEMPO_MED;Tempo médio de viagem casa-trabalho;min;35,2
Goiânia;2010;TEMPO_MED;Tempo médio de viagem casa-trabalho;min;30,5
João Pessoa;2010;TEMPO_MED;Tempo médio de viagem casa-trabalho;min;29,8
Macapá;2010;TEMPO_MED;Tempo médio de viagem casa-trabalho;min;24
Maceió;2010;TEMPO_MED;Tempo médio de viagem casa-trabalho;min;35,5
Manaus;2010;TEMPO_MED;Tempo médio de viagem casa-trabalho;min;40,6
Natal;2010;TEMPO_MED;Tempo médio de viagem casa-trabalho;min;31,8
Palmas;2010;TEMPO_MED;Tempo médio de viagem casa-trabalho;min;25,6
Porto Alegre;2010;TEMPO_MED;Tempo médio de viagem casa-trabalho;min;33,6
Porto Velho;2010;TEMPO_MED;Tempo médio de viagem casa-trabalho;min;28,2
Recife;2010;TEMPO_MED;Tempo médio de viagem casa-trabalho;min;34,7
Rio Branco;2010;TEMPO_MED;Tempo médio de viagem casa-trabalho;min;25,8
Rio de Janeiro;2010;TEMPO_MED;Tempo médio de viagem casa-trabalho;min;46,3
Salvador;2010;TEMPO_MED;Tempo médio de viagem casa-trabalho;min;44,2
São Luís;2010;TEMPO_MED;Tempo médio de viagem casa-trabalho;min;37,5
São Paulo;2010;TEMPO_MED;Tempo médio de viagem casa-trabalho;min;50,9
Teresina;2010;TEMPO_MED;Tempo médio de viagem casa-trabalho;min;27,6
Vitória;2010;TEMPO_MED;Tempo médio de viagem casa-trabalho;min;28
Belém;2019;TMA_INFRA_CICLO;Estações de média e alta capacidade próximas de ciclovias (300 m);%;100
Belém;2020;TMA_INFRA_CICLO;Estações de média e alta capacidade próximas de ciclovias (300 m);%;95
Belo Horizonte;2019;TMA_INFRA_CICLO;Estações de média e alta capacidade próximas de ciclovias (300 m);%;27
Belo Horizonte;2020;TMA_INFRA_CICLO;Estações de média e alta capacidade próximas de ciclovias (300 m);%;27
Brasília;2019;TMA_INFRA_CICLO;Estações de média e alta capacidade próximas de ciclovias (300 m);%;65
Brasília;2020;TMA_INFRA_CICLO;Estações de média e alta capacidade próximas de ciclovias (300 m);%;62
Curitiba;2019;TMA_INFRA_CICLO;Estações de média e alta capacidade próximas de ciclovias (300 m);%;47
Curitiba;2020;TMA_INFRA_CICLO;Estações de média e alta capacidade próximas de ciclovias (300 m);%;47
Fortaleza;2019;TMA_INFRA_CICLO;Estações de média e alta capacidade próximas de ciclovias (300 m);%;43
Fortaleza;2020;TMA_INFRA_CICLO;Estações de média e alta capacidade próximas de ciclovias (300 m);%;62
Porto Alegre;2019;TMA_INFRA_CICLO;Estações de média e alta capacidade próximas de ciclovias (300 m);%;10
Porto Alegre;2020;TMA_INFRA_CICLO;Estações de média e alta capacidade próximas de ciclovias (300 m);%;12
Recife;2019;TMA_INFRA_CICLO;Estações de média e alta capacidade próximas de ciclovias (300 m);%;18
Recife;2020;TMA_INFRA_CICLO;Estações de média e alta capacidade próximas de ciclovias (300 m);%;27
Rio de Janeiro;2019;TMA_INFRA_CICLO;Estações de média e alta capacidade próximas de ciclovias (300 m);%;30
Rio de Janeiro;2020;TMA_INFRA_CICLO;Estações de média e alta capacidade próximas de ciclovias (300 m);%;29
Salvador;2019;TMA_INFRA_CICLO;Estações de média e alta capacidade próximas de ciclovias (300 m);%;53
Salvador;2020;TMA_INFRA_CICLO;Estações de média e alta capacidade próximas de ciclovias (300 m);%;58
São Paulo;2019;TMA_INFRA_CICLO;Estações de média e alta capacidade próximas de ciclovias (300 m);%;61
São Paulo;2020;TMA_INFRA_CICLO;Estações de média e alta capacidade próximas de ciclovias (300 m);%;62
Goiânia;2020;TMA_INFRA_CICLO;Estações de média e alta capacidade próximas de ciclovias (300 m);%;4
Aracaju;2008;TX_INTERN_AUTO;Taxa de internações de ocupantes de automóveis;por 100 mil hab.;38,1904
Aracaju;2009;TX_INTERN_AUTO;Taxa de internações de ocupantes de automóveis;por 100 mil hab.;3,3086
Aracaju;2010;TX_INTERN_AUTO;Taxa de internações de ocupantes de automóveis;por 100 mil hab.;0,3502
Aracaju;2011;TX_INTERN_AUTO;Taxa de internações de ocupantes de automóveis;por 100 mil hab.;0,5176
Aracaju;2012;TX_INTERN_AUTO;Taxa de internações de ocupantes de automóveis;por 100 mil hab.;1,3612
Aracaju;2013;TX_INTERN_AUTO;Taxa de internações de ocupantes de automóveis;por 100 mil hab.;1,6271
Aracaju;2014;TX_INTERN_AUTO;Taxa de internações de ocupantes de automóveis;por 100 mil hab.;2,4047
Aracaju;2015;TX_INTERN_AUTO;Taxa de internações de ocupantes de automóveis;por 100 mil hab.;2,6867
Aracaju;2016;TX_INTERN_AUTO;Taxa de internações de ocupantes de automóveis;por 100 mil hab.;5,6116
Aracaju;2017;TX_INTERN_AUTO;Taxa de internações de ocupantes de automóveis;por 100 mil hab.;12,4595
Aracaju;2018;TX_INTERN_AUTO;Taxa de internações de ocupantes de automóveis;por 100 mil hab.;9,7082
Aracaju;2019;TX_INTERN_AUTO;Taxa de internações de ocupantes de automóveis;por 100 mil hab.;6,697
Aracaju;2020;TX_INTERN_AUTO;Taxa de internações de ocupantes de automóveis;por 100 mil hab.;4,8127
Aracaju;2021;TX_INTERN_AUTO;Taxa de internações de ocupantes de automóveis;por 100 mil hab.;6,5416
Aracaju;2022;TX_INTERN_AUTO;Taxa de internações de ocupantes de automóveis;por 100 mil hab.;3,9817
Belém;2008;TX_INTERN_AUTO;Taxa de internações de ocupantes de automóveis;por 100 mil hab.;0
Belém;2009;TX_INTERN_AUTO;Taxa de internações de ocupantes de automóveis;por 100 mil hab.;0,0696
Belém;2010;TX_INTERN_AUTO;Taxa de internações de ocupantes de automóveis;por 100 mil hab.;0
Belém;2011;TX_INTERN_AUTO;Taxa de internações de ocupantes de automóveis;por 100 mil hab.;0
Belém;2012;TX_INTERN_AUTO;Taxa de internações de ocupantes de automóveis;por 100 mil hab.;0
Belém;2013;TX_INTERN_AUTO;Taxa de internações de ocupantes de automóveis;por 100 mil hab.;0
Belém;2014;TX_INTERN_AUTO;Taxa de internações de ocupantes de automóveis;por 100 mil hab.;0
Belém;2015;TX_INTERN_AUTO;Taxa de internações de ocupantes de automóveis;por 100 mil hab.;0
Belém;2016;TX_INTERN_AUTO;Taxa de internações de ocupantes de automóveis;por 100 mil hab.;0
Belém;2017;TX_INTERN_AUTO;Taxa de internações de ocupantes de automóveis;por 100 mil hab.;0
Belém;2018;TX_INTERN_AUTO;Taxa de internações de ocupantes de automóveis;por 100 mil hab.;0
Belém;2019;TX_INTERN_AUTO;Taxa de internações de ocupantes de automóveis;por 100 mil hab.;0,067
Belém;2020;TX_INTERN_AUTO;Taxa de internações de ocupantes de automóveis;por 100 mil hab.;0
Belém;2021;TX_INTERN_AUTO;Taxa de internações de ocupantes de automóveis;por 100 mil hab.;0
Belém;2022;TX_INTERN_AUTO;Taxa de internações de ocupantes de automóveis;por 100 mil hab.;0
Belo Horizonte;2008;TX_INTERN_AUTO;Taxa de internações de ocupantes de automóveis;por 100 mil hab.;8,338
Belo Horizonte;2009;TX_INTERN_AUTO;Taxa de internações de ocupantes de automóveis;por 100 mil hab.;14,8413
Belo Horizonte;2010;TX_INTERN_AUTO;Taxa de internações de ocupantes de automóveis;por 100 mil hab.;28,3771
Belo Horizonte;2011;TX_INTERN_AUTO;Taxa de internações de ocupantes de automóveis;por 100 mil hab.;31,5639
Belo Horizonte;2012;TX_INTERN_AUTO;Taxa de internações de ocupantes de automóveis;por 100 mil hab.;35,7294
Belo Horizonte;2013;TX_INTERN_AUTO;Taxa de internações de ocupantes de automóveis;por 100 mil hab.;39,0857
Belo Horizonte;2014;TX_INTERN_AUTO;Taxa de internações de ocupantes de automóveis;por 100 mil hab.;38,3363
Belo Horizonte;2015;TX_INTERN_AUTO;Taxa de internações de ocupantes de automóveis;por 100 mil hab.;38,6804
Belo Horizonte;2016;TX_INTERN_AUTO;Taxa de internações de ocupantes de automóveis;por 100 mil hab.;34,0568
Belo Horizonte;2017;TX_INTERN_AUTO;Taxa de internações de ocupantes de automóveis;por 100 mil hab.;26,1907
Belo Horizonte;2018;TX_INTERN_AUTO;Taxa de internações de ocupantes de automóveis;por 100 mil hab.;25,2641
Belo Horizonte;2019;TX_INTERN_AUTO;Taxa de internações de ocupantes de automóveis;por 100 mil hab.;23,8051
Belo Horizonte;2020;TX_INTERN_AUTO;Taxa de internações de ocupantes de automóveis;por 100 mil hab.;22,9619
Belo Horizonte;2021;TX_INTERN_AUTO;Taxa de internações de ocupantes de automóveis;por 100 mil hab.;19,0856
Belo Horizonte;2022;TX_INTERN_AUTO;Taxa de internações de ocupantes de automóveis;por 100 mil hab.;22,5
Boa Vista;2008;TX_INTERN_AUTO;Taxa de internações de ocupantes de automóveis;por 100 mil hab.;19,5455
Boa Vista;2009;TX_INTERN_AUTO;Taxa de internações de ocupantes de automóveis;por 100 mil hab.;33,7204
Boa Vista;2010;TX_INTERN_AUTO;Taxa de internações de ocupantes de automóveis;por 100 mil hab.;43,9656
Boa Vista;2011;TX_INTERN_AUTO;Taxa de internações de ocupantes de automóveis;por 100 mil hab.;35,7707
Boa Vista;2012;TX_INTERN_AUTO;Taxa de internações de ocupantes de automóveis;por 100 mil hab.;36,0319
Boa Vista;2013;TX_INTERN_AUTO;Taxa de internações de ocupantes de automóveis;por 100 mil hab.;26,8612
Boa Vista;2014;TX_INTERN_AUTO;Taxa de internações de ocupantes de automóveis;por 100 mil hab.;32,3912
Boa Vista;2015;TX_INTERN_AUTO;Taxa de internações de ocupantes de automóveis;por 100 mil hab.;22,1381
Boa Vista;2016;TX_INTERN_AUTO;Taxa de internações de ocupantes de automóveis;por 100 mil hab.;28,491
Boa Vista;2017;TX_INTERN_AUTO;Taxa de internações de ocupantes de automóveis;por 100 mil hab.;6,3249
Boa Vista;2018;TX_INTERN_AUTO;Taxa de internações de ocupantes de automóveis;por 100 mil hab.;10,1232
Boa Vista;2019;TX_INTERN_AUTO;Taxa de internações de ocupantes de automóveis;por 100 mil hab.;6,5128
Boa Vista;2020;TX_INTERN_AUTO;Taxa de internações de ocupantes de automóveis;por 100 mil hab.;4,051
Boa Vista;2021;TX_INTERN_AUTO;Taxa de internações de ocupantes de automóveis;por 100 mil hab.;2,2905
Boa Vista;2022;TX_INTERN_AUTO;Taxa de internações de ocupantes de automóveis;por 100 mil hab.;8,7065
Brasília;2008;TX_INTERN_AUTO;Taxa de internações de ocupantes de automóveis;por 100 mil hab.;21,1563
Brasília;2009;TX_INTERN_AUTO;Taxa de internações de ocupantes de automóveis;por 100 mil hab.;21,7117
Brasília;2010;TX_INTERN_AUTO;Taxa de internações de ocupantes de automóveis;por 100 mil hab.;20,4267
Brasília;2011;TX_INTERN_AUTO;Taxa de internações de ocupantes de automóveis;por 100 mil hab.;27,3947
Brasília;2012;TX_INTERN_AUTO;Taxa de internações de ocupantes de automóveis;por 100 mil hab.;16,9528
Brasília;2013;TX_INTERN_AUTO;Taxa de internações de ocupantes de automóveis;por 100 mil hab.;8,9972
Brasília;2014;TX_INTERN_AUTO;Taxa de internações de ocupantes de automóveis;por 100 mil hab.;8,414
Brasília;2015;TX_INTERN_AUTO;Taxa de internações de ocupantes de automóveis;por 100 mil hab.;7,6162
Brasília;2016;TX_INTERN_AUTO;Taxa de internações de ocupantes de automóveis;por 100 mil hab.;10,3788
Brasília;2017;TX_INTERN_AUTO;Taxa de internações de ocupantes de automóveis;por 100 mil hab.;8,8832
Brasília;2018;TX_INTERN_AUTO;Taxa de internações de ocupantes de automóveis;por 100 mil hab.;13,1778
Brasília;2019;TX_INTERN_AUTO;Taxa de internações de ocupantes de automóveis;por 100 mil hab.;11,7071
Brasília;2020;TX_INTERN_AUTO;Taxa de internações de ocupantes de automóveis;por 100 mil hab.;14,2055
Brasília;2021;TX_INTERN_AUTO;Taxa de internações de ocupantes de automóveis;por 100 mil hab.;13,5732
Brasília;2022;TX_INTERN_AUTO;Taxa de internações de ocupantes de automóveis;por 100 mil hab.;16,0805
Campo Grande;2008;TX_INTERN_AUTO;Taxa de internações de ocupantes de automóveis;por 100 mil hab.;0,2677
Campo Grande;2009;TX_INTERN_AUTO;Taxa de internações de ocupantes de automóveis;por 100 mil hab.;0,1324
Campo Grande;2010;TX_INTERN_AUTO;Taxa de internações de ocupantes de automóveis;por 100 mil hab.;0,6355
Campo Grande;2011;TX_INTERN_AUTO;Taxa de internações de ocupantes de automóveis;por 100 mil hab.;1,8838
Campo Grande;2012;TX_INTERN_AUTO;Taxa de internações de ocupantes de automóveis;por 100 mil hab.;2,3591
Campo Grande;2013;TX_INTERN_AUTO;Taxa de internações de ocupantes de automóveis;por 100 mil hab.;0,9611
Campo Grande;2014;TX_INTERN_AUTO;Taxa de internações de ocupantes de automóveis;por 100 mil hab.;0,7116
Campo Grande;2015;TX_INTERN_AUTO;Taxa de internações de ocupantes de automóveis;por 100 mil hab.;0,82
Campo Grande;2016;TX_INTERN_AUTO;Taxa de internações de ocupantes de automóveis;por 100 mil hab.;0,3472
Campo Grande;2017;TX_INTERN_AUTO;Taxa de internações de ocupantes de automóveis;por 100 mil hab.;0,4576
Campo Grande;2018;TX_INTERN_AUTO;Taxa de internações de ocupantes de automóveis;por 100 mil hab.;9,9355
Campo Grande;2019;TX_INTERN_AUTO;Taxa de internações de ocupantes de automóveis;por 100 mil hab.;14,6208
Campo Grande;2020;TX_INTERN_AUTO;Taxa de internações de ocupantes de automóveis;por 100 mil hab.;18,8723
Campo Grande;2021;TX_INTERN_AUTO;Taxa de internações de ocupantes de automóveis;por 100 mil hab.;13,7554
Campo Grande;2022;TX_INTERN_AUTO;Taxa de internações de ocupantes de automóveis;por 100 mil hab.;15,0344
Cuiabá;2008;TX_INTERN_AUTO;Taxa de internações de ocupantes de automóveis;por 100 mil hab.;4,7729
Cuiabá;2009;TX_INTERN_AUTO;Taxa de internações de ocupantes de automóveis;por 100 mil hab.;23,4306
Cuiabá;2010;TX_INTERN_AUTO;Taxa de internações de ocupantes de automóveis;por 100 mil hab.;30,1217
Cuiabá;2011;TX_INTERN_AUTO;Taxa de internações de ocupantes de automóveis;por 100 mil hab.;29,8401
Cuiabá;2012;TX_INTERN_AUTO;Taxa de internações de ocupantes de automóveis;por 100 mil hab.;1,0689
Cuiabá;2013;TX_INTERN_AUTO;Taxa de internações de ocupantes de automóveis;por 100 mil hab.;3,5098
Cuiabá;2014;TX_INTERN_AUTO;Taxa de internações de ocupantes de automóveis;por 100 mil hab.;0,5213
Cuiabá;2015;TX_INTERN_AUTO;Taxa de internações de ocupantes de automóveis;por 100 mil hab.;3,1008
Cuiabá;2016;TX_INTERN_AUTO;Taxa de internações de ocupantes de automóveis;por 100 mil hab.;2,2208
Cuiabá;2017;TX_INTERN_AUTO;Taxa de internações de ocupantes de automóveis;por 100 mil hab.;4,4059
Cuiabá;2018;TX_INTERN_AUTO;Taxa de internações de ocupantes de automóveis;por 100 mil hab.;4,7764
Cuiabá;2019;TX_INTERN_AUTO;Taxa de internações de ocupantes de automóveis;por 100 mil hab.;6,8566
Cuiabá;2020;TX_INTERN_AUTO;Taxa de internações de ocupantes de automóveis;por 100 mil hab.;0,9707
Cuiabá;2021;TX_INTERN_AUTO;Taxa de internações de ocupantes de automóveis;por 100 mil hab.;3,0468
Cuiabá;2022;TX_INTERN_AUTO;Taxa de internações de ocupantes de automóveis;por 100 mil hab.;3,9944
Curitiba;2008;TX_INTERN_AUTO;Taxa de internações de ocupantes de automóveis;por 100 mil hab.;4,2667
Curitiba;2009;TX_INTERN_AUTO;Taxa de internações de ocupantes de automóveis;por 100 mil hab.;3,6733
Curitiba;2010;TX_INTERN_AUTO;Taxa de internações de ocupantes de automóveis;por 100 mil hab.;4,3952
Curitiba;2011;TX_INTERN_AUTO;Taxa de internações de ocupantes de automóveis;por 100 mil hab.;4,2504
Curitiba;2012;TX_INTERN_AUTO;Taxa de internações de ocupantes de automóveis;por 100 mil hab.;3,0955
Curitiba;2013;TX_INTERN_AUTO;Taxa de internações de ocupantes de automóveis;por 100 mil hab.;5,4626
Curitiba;2014;TX_INTERN_AUTO;Taxa de internações de ocupantes de automóveis;por 100 mil hab.;12,819
Curitiba;2015;TX_INTERN_AUTO;Taxa de internações de ocupantes de automóveis;por 100 mil hab.;8,1411
Curitiba;2016;TX_INTERN_AUTO;Taxa de internações de ocupantes de automóveis;por 100 mil hab.;5,3326
Curitiba;2017;TX_INTERN_AUTO;Taxa de internações de ocupantes de automóveis;por 100 mil hab.;11,2662
Curitiba;2018;TX_INTERN_AUTO;Taxa de internações de ocupantes de automóveis;por 100 mil hab.;7,7718
Curitiba;2019;TX_INTERN_AUTO;Taxa de internações de ocupantes de automóveis;por 100 mil hab.;8,4838
Curitiba;2020;TX_INTERN_AUTO;Taxa de internações de ocupantes de automóveis;por 100 mil hab.;11,5466
Curitiba;2021;TX_INTERN_AUTO;Taxa de internações de ocupantes de automóveis;por 100 mil hab.;8,657
Curitiba;2022;TX_INTERN_AUTO;Taxa de internações de ocupantes de automóveis;por 100 mil hab.;8,8514
Florianópolis;2008;TX_INTERN_AUTO;Taxa de internações de ocupantes de automóveis;por 100 mil hab.;9,9417
Florianópolis;2009;TX_INTERN_AUTO;Taxa de internações de ocupantes de automóveis;por 100 mil hab.;5,88
Florianópolis;2010;TX_INTERN_AUTO;Taxa de internações de ocupantes de automóveis;por 100 mil hab.;6,8844
Florianópolis;2011;TX_INTERN_AUTO;Taxa de internações de ocupantes de automóveis;por 100 mil hab.;3,9785
Florianópolis;2012;TX_INTERN_AUTO;Taxa de internações de ocupantes de automóveis;por 100 mil hab.;3,2321
Florianópolis;2013;TX_INTERN_AUTO;Taxa de internações de ocupantes de automóveis;por 100 mil hab.;4,4122
Florianópolis;2014;TX_INTERN_AUTO;Taxa de internações de ocupantes de automóveis;por 100 mil hab.;3,6834
Florianópolis;2015;TX_INTERN_AUTO;Taxa de internações de ocupantes de automóveis;por 100 mil hab.;0,2129
Florianópolis;2016;TX_INTERN_AUTO;Taxa de internações de ocupantes de automóveis;por 100 mil hab.;1,4651
Florianópolis;2017;TX_INTERN_AUTO;Taxa de internações de ocupantes de automóveis;por 100 mil hab.;0
Florianópolis;2018;TX_INTERN_AUTO;Taxa de internações de ocupantes de automóveis;por 100 mil hab.;0,4057
Florianópolis;2019;TX_INTERN_AUTO;Taxa de internações de ocupantes de automóveis;por 100 mil hab.;0
Florianópolis;2020;TX_INTERN_AUTO;Taxa de internações de ocupantes de automóveis;por 100 mil hab.;0,1965
Florianópolis;2021;TX_INTERN_AUTO;Taxa de internações de ocupantes de automóveis;por 100 mil hab.;0
Florianópolis;2022;TX_INTERN_AUTO;Taxa de internações de ocupantes de automóveis;por 100 mil hab.;0
Fortaleza;2008;TX_INTERN_AUTO;Taxa de internações de ocupantes de automóveis;por 100 mil hab.;8,0853
Fortaleza;2009;TX_INTERN_AUTO;Taxa de internações de ocupantes de automóveis;por 100 mil hab.;10,6164
Fortaleza;2010;TX_INTERN_AUTO;Taxa de internações de ocupantes de automóveis;por 100 mil hab.;8,156
Fortaleza;2011;TX_INTERN_AUTO;Taxa de internações de ocupantes de automóveis;por 100 mil hab.;12,1134
Fortaleza;2012;TX_INTERN_AUTO;Taxa de internações de ocupantes de automóveis;por 100 mil hab.;9,9592
Fortaleza;2013;TX_INTERN_AUTO;Taxa de internações de ocupantes de automóveis;por 100 mil hab.;11,0902
Fortaleza;2014;TX_INTERN_AUTO;Taxa de internações de ocupantes de automóveis;por 100 mil hab.;8,7095
Fortaleza;2015;TX_INTERN_AUTO;Taxa de internações de ocupantes de automóveis;por 100 mil hab.;3,6663
Fortaleza;2016;TX_INTERN_AUTO;Taxa de internações de ocupantes de automóveis;por 100 mil hab.;4,215
Fortaleza;2017;TX_INTERN_AUTO;Taxa de internações de ocupantes de automóveis;por 100 mil hab.;2,1313
Fortaleza;2018;TX_INTERN_AUTO;Taxa de internações de ocupantes de automóveis;por 100 mil hab.;3,1401
Fortaleza;2019;TX_INTERN_AUTO;Taxa de internações de ocupantes de automóveis;por 100 mil hab.;4,2707
Fortaleza;2020;TX_INTERN_AUTO;Taxa de internações de ocupantes de automóveis;por 100 mil hab.;4,4294
Fortaleza;2021;TX_INTERN_AUTO;Taxa de internações de ocupantes de automóveis;por 100 mil hab.;6,5843
Fortaleza;2022;TX_INTERN_AUTO;Taxa de internações de ocupantes de automóveis;por 100 mil hab.;7,082
Goiânia;2008;TX_INTERN_AUTO;Taxa de internações de ocupantes de automóveis;por 100 mil hab.;10,1945
Goiânia;2009;TX_INTERN_AUTO;Taxa de internações de ocupantes de automóveis;por 100 mil hab.;21,1393
Goiânia;2010;TX_INTERN_AUTO;Taxa de internações de ocupantes de automóveis;por 100 mil hab.;19,3548
Goiânia;2011;TX_INTERN_AUTO;Taxa de internações de ocupantes de automóveis;por 100 mil hab.;28,6007
Goiânia;2012;TX_INTERN_AUTO;Taxa de internações de ocupantes de automóveis;por 100 mil hab.;35,0886
Goiânia;2013;TX_INTERN_AUTO;Taxa de internações de ocupantes de automóveis;por 100 mil hab.;31,6452
Goiânia;2014;TX_INTERN_AUTO;Taxa de internações de ocupantes de automóveis;por 100 mil hab.;38,9418
Goiânia;2015;TX_INTERN_AUTO;Taxa de internações de ocupantes de automóveis;por 100 mil hab.;32,1522
Goiânia;2016;TX_INTERN_AUTO;Taxa de internações de ocupantes de automóveis;por 100 mil hab.;34,7222
Goiânia;2017;TX_INTERN_AUTO;Taxa de internações de ocupantes de automóveis;por 100 mil hab.;36,9687
Goiânia;2018;TX_INTERN_AUTO;Taxa de internações de ocupantes de automóveis;por 100 mil hab.;28,3478
Goiânia;2019;TX_INTERN_AUTO;Taxa de internações de ocupantes de automóveis;por 100 mil hab.;32,8472
Goiânia;2020;TX_INTERN_AUTO;Taxa de internações de ocupantes de automóveis;por 100 mil hab.;13,2153
Goiânia;2021;TX_INTERN_AUTO;Taxa de internações de ocupantes de automóveis;por 100 mil hab.;5,0783
Goiânia;2022;TX_INTERN_AUTO;Taxa de internações de ocupantes de automóveis;por 100 mil hab.;6,6795
João Pessoa;2008;TX_INTERN_AUTO;Taxa de internações de ocupantes de automóveis;por 100 mil hab.;25,6825
João Pessoa;2009;TX_INTERN_AUTO;Taxa de internações de ocupantes de automóveis;por 100 mil hab.;25,7748
João Pessoa;2010;TX_INTERN_AUTO;Taxa de internações de ocupantes de automóveis;por 100 mil hab.;21,285
João Pessoa;2011;TX_INTERN_AUTO;Taxa de internações de ocupantes de automóveis;por 100 mil hab.;36,0088
João Pessoa;2012;TX_INTERN_AUTO;Taxa de internações de ocupantes de automóveis;por 100 mil hab.;31,112
João Pessoa;2013;TX_INTERN_AUTO;Taxa de internações de ocupantes de automóveis;por 100 mil hab.;28,586
João Pessoa;2014;TX_INTERN_AUTO;Taxa de internações de ocupantes de automóveis;por 100 mil hab.;25,2325
João Pessoa;2015;TX_INTERN_AUTO;Taxa de internações de ocupantes de automóveis;por 100 mil hab.;23,2488
João Pessoa;2016;TX_INTERN_AUTO;Taxa de internações de ocupantes de automóveis;por 100 mil hab.;24,5722
João Pessoa;2017;TX_INTERN_AUTO;Taxa de internações de ocupantes de automóveis;por 100 mil hab.;16,3874
João Pessoa;2018;TX_INTERN_AUTO;Taxa de internações de ocupantes de automóveis;por 100 mil hab.;14,9939
João Pessoa;2019;TX_INTERN_AUTO;Taxa de internações de ocupantes de automóveis;por 100 mil hab.;15,9453
João Pessoa;2020;TX_INTERN_AUTO;Taxa de internações de ocupantes de automóveis;por 100 mil hab.;5,9938
João Pessoa;2021;TX_INTERN_AUTO;Taxa de internações de ocupantes de automóveis;por 100 mil hab.;8,7189
João Pessoa;2022;TX_INTERN_AUTO;Taxa de internações de ocupantes de automóveis;por 100 mil hab.;6,4753
Macapá;2008;TX_INTERN_AUTO;Taxa de internações de ocupantes de automóveis;por 100 mil hab.;4,4566
Macapá;2009;TX_INTERN_AUTO;Taxa de internações de ocupantes de automóveis;por 100 mil hab.;24,2848
Macapá;2010;TX_INTERN_AUTO;Taxa de internações de ocupantes de automóveis;por 100 mil hab.;18,5834
Macapá;2011;TX_INTERN_AUTO;Taxa de internações de ocupantes de automóveis;por 100 mil hab.;13,5128
Macapá;2012;TX_INTERN_AUTO;Taxa de internações de ocupantes de automóveis;por 100 mil hab.;13,2353
Macapá;2013;TX_INTERN_AUTO;Taxa de internações de ocupantes de automóveis;por 100 mil hab.;13,7219
Macapá;2014;TX_INTERN_AUTO;Taxa de internações de ocupantes de automóveis;por 100 mil hab.;3,8052
Macapá;2015;TX_INTERN_AUTO;Taxa de internações de ocupantes de automóveis;por 100 mil hab.;4,8228
Macapá;2016;TX_INTERN_AUTO;Taxa de internações de ocupantes de automóveis;por 100 mil hab.;4,7262
Macapá;2017;TX_INTERN_AUTO;Taxa de internações de ocupantes de automóveis;por 100 mil hab.;0,8426
Macapá;2018;TX_INTERN_AUTO;Taxa de internações de ocupantes de automóveis;por 100 mil hab.;2,431
Macapá;2019;TX_INTERN_AUTO;Taxa de internações de ocupantes de automóveis;por 100 mil hab.;2,3841
Macapá;2020;TX_INTERN_AUTO;Taxa de internações de ocupantes de automóveis;por 100 mil hab.;1,9497
Macapá;2021;TX_INTERN_AUTO;Taxa de internações de ocupantes de automóveis;por 100 mil hab.;1,5315
Macapá;2022;TX_INTERN_AUTO;Taxa de internações de ocupantes de automóveis;por 100 mil hab.;4,0638
Maceió;2008;TX_INTERN_AUTO;Taxa de internações de ocupantes de automóveis;por 100 mil hab.;0
Maceió;2009;TX_INTERN_AUTO;Taxa de internações de ocupantes de automóveis;por 100 mil hab.;0
Maceió;2010;TX_INTERN_AUTO;Taxa de internações de ocupantes de automóveis;por 100 mil hab.;0
Maceió;2011;TX_INTERN_AUTO;Taxa de internações de ocupantes de automóveis;por 100 mil hab.;0
Maceió;2012;TX_INTERN_AUTO;Taxa de internações de ocupantes de automóveis;por 100 mil hab.;0,4196
Maceió;2013;TX_INTERN_AUTO;Taxa de internações de ocupantes de automóveis;por 100 mil hab.;0,4013
Maceió;2014;TX_INTERN_AUTO;Taxa de internações de ocupantes de automóveis;por 100 mil hab.;0,3979
Maceió;2015;TX_INTERN_AUTO;Taxa de internações de ocupantes de automóveis;por 100 mil hab.;0,4932
Maceió;2016;TX_INTERN_AUTO;Taxa de internações de ocupantes de automóveis;por 100 mil hab.;0,0979
Maceió;2017;TX_INTERN_AUTO;Taxa de internações de ocupantes de automóveis;por 100 mil hab.;0
Maceió;2018;TX_INTERN_AUTO;Taxa de internações de ocupantes de automóveis;por 100 mil hab.;0
Maceió;2019;TX_INTERN_AUTO;Taxa de internações de ocupantes de automóveis;por 100 mil hab.;0
Maceió;2020;TX_INTERN_AUTO;Taxa de internações de ocupantes de automóveis;por 100 mil hab.;0
Maceió;2021;TX_INTERN_AUTO;Taxa de internações de ocupantes de automóveis;por 100 mil hab.;0
Maceió;2022;TX_INTERN_AUTO;Taxa de internações de ocupantes de automóveis;por 100 mil hab.;0
Manaus;2008;TX_INTERN_AUTO;Taxa de internações de ocupantes de automóveis;por 100 mil hab.;0
Manaus;2009;TX_INTERN_AUTO;Taxa de internações de ocupantes de automóveis;por 100 mil hab.;0,0575
Manaus;2010;TX_INTERN_AUTO;Taxa de internações de ocupantes de automóveis;por 100 mil hab.;0
Manaus;2011;TX_INTERN_AUTO;Taxa de internações de ocupantes de automóveis;por 100 mil hab.;0,5457
Manaus;2012;TX_INTERN_AUTO;Taxa de internações de ocupantes de automóveis;por 100 mil hab.;0
Manaus;2013;TX_INTERN_AUTO;Taxa de internações de ocupantes de automóveis;por 100 mil hab.;0
Manaus;2014;TX_INTERN_AUTO;Taxa de internações de ocupantes de automóveis;por 100 mil hab.;0,0495
Manaus;2015;TX_INTERN_AUTO;Taxa de internações de ocupantes de automóveis;por 100 mil hab.;0,0972
Manaus;2016;TX_INTERN_AUTO;Taxa de internações de ocupantes de automóveis;por 100 mil hab.;0,1432
Manaus;2017;TX_INTERN_AUTO;Taxa de internações de ocupantes de automóveis;por 100 mil hab.;0
Manaus;2018;TX_INTERN_AUTO;Taxa de internações de ocupantes de automóveis;por 100 mil hab.;0
Manaus;2019;TX_INTERN_AUTO;Taxa de internações de ocupantes de automóveis;por 100 mil hab.;0,4123
Manaus;2020;TX_INTERN_AUTO;Taxa de internações de ocupantes de automóveis;por 100 mil hab.;0,4505
Manaus;2021;TX_INTERN_AUTO;Taxa de internações de ocupantes de automóveis;por 100 mil hab.;0,4433
Manaus;2022;TX_INTERN_AUTO;Taxa de internações de ocupantes de automóveis;por 100 mil hab.;0,9692
Natal;2008;TX_INTERN_AUTO;Taxa de internações de ocupantes de automóveis;por 100 mil hab.;1,6289
Natal;2009;TX_INTERN_AUTO;Taxa de internações de ocupantes de automóveis;por 100 mil hab.;1,1163
Natal;2010;TX_INTERN_AUTO;Taxa de internações de ocupantes de automóveis;por 100 mil hab.;1,1198
Natal;2011;TX_INTERN_AUTO;Taxa de internações de ocupantes de automóveis;por 100 mil hab.;11,1004
Natal;2012;TX_INTERN_AUTO;Taxa de internações de ocupantes de automóveis;por 100 mil hab.;19,692
Natal;2013;TX_INTERN_AUTO;Taxa de internações de ocupantes de automóveis;por 100 mil hab.;6,5579
Natal;2014;TX_INTERN_AUTO;Taxa de internações de ocupantes de automóveis;por 100 mil hab.;7,4242
Natal;2015;TX_INTERN_AUTO;Taxa de internações de ocupantes de automóveis;por 100 mil hab.;10,3454
Natal;2016;TX_INTERN_AUTO;Taxa de internações de ocupantes de automóveis;por 100 mil hab.;13,7866
Natal;2017;TX_INTERN_AUTO;Taxa de internações de ocupantes de automóveis;por 100 mil hab.;20,5608
Natal;2018;TX_INTERN_AUTO;Taxa de internações de ocupantes de automóveis;por 100 mil hab.;18,4586
Natal;2019;TX_INTERN_AUTO;Taxa de internações de ocupantes de automóveis;por 100 mil hab.;24,0917
Natal;2020;TX_INTERN_AUTO;Taxa de internações de ocupantes de automóveis;por 100 mil hab.;24,3689
Natal;2021;TX_INTERN_AUTO;Taxa de internações de ocupantes de automóveis;por 100 mil hab.;33,5672
Natal;2022;TX_INTERN_AUTO;Taxa de internações de ocupantes de automóveis;por 100 mil hab.;39,3984
Palmas;2008;TX_INTERN_AUTO;Taxa de internações de ocupantes de automóveis;por 100 mil hab.;0
Palmas;2009;TX_INTERN_AUTO;Taxa de internações de ocupantes de automóveis;por 100 mil hab.;0
Palmas;2010;TX_INTERN_AUTO;Taxa de internações de ocupantes de automóveis;por 100 mil hab.;0
Palmas;2011;TX_INTERN_AUTO;Taxa de internações de ocupantes de automóveis;por 100 mil hab.;0
Palmas;2012;TX_INTERN_AUTO;Taxa de internações de ocupantes de automóveis;por 100 mil hab.;0
Palmas;2013;TX_INTERN_AUTO;Taxa de internações de ocupantes de automóveis;por 100 mil hab.;0
Palmas;2014;TX_INTERN_AUTO;Taxa de internações de ocupantes de automóveis;por 100 mil hab.;18,4621
Palmas;2015;TX_INTERN_AUTO;Taxa de internações de ocupantes de automóveis;por 100 mil hab.;1,8333
Palmas;2016;TX_INTERN_AUTO;Taxa de internações de ocupantes de automóveis;por 100 mil hab.;3,5733
Palmas;2017;TX_INTERN_AUTO;Taxa de internações de ocupantes de automóveis;por 100 mil hab.;2,4408
Palmas;2018;TX_INTERN_AUTO;Taxa de internações de ocupantes de automóveis;por 100 mil hab.;2,3985
Palmas;2019;TX_INTERN_AUTO;Taxa de internações de ocupantes de automóveis;por 100 mil hab.;7,689
Palmas;2020;TX_INTERN_AUTO;Taxa de internações de ocupantes de automóveis;por 100 mil hab.;7,1826
Palmas;2021;TX_INTERN_AUTO;Taxa de internações de ocupantes de automóveis;por 100 mil hab.;8,9357
Palmas;2022;TX_INTERN_AUTO;Taxa de internações de ocupantes de automóveis;por 100 mil hab.;4,6252
Porto Alegre;2008;TX_INTERN_AUTO;Taxa de internações de ocupantes de automóveis;por 100 mil hab.;63,8357
Porto Alegre;2009;TX_INTERN_AUTO;Taxa de internações de ocupantes de automóveis;por 100 mil hab.;111,4807
Porto Alegre;2010;TX_INTERN_AUTO;Taxa de internações de ocupantes de automóveis;por 100 mil hab.;96,995
Porto Alegre;2011;TX_INTERN_AUTO;Taxa de internações de ocupantes de automóveis;por 100 mil hab.;74,0927
Porto Alegre;2012;TX_INTERN_AUTO;Taxa de internações de ocupantes de automóveis;por 100 mil hab.;63,1038
Porto Alegre;2013;TX_INTERN_AUTO;Taxa de internações de ocupantes de automóveis;por 100 mil hab.;50,415
Porto Alegre;2014;TX_INTERN_AUTO;Taxa de internações de ocupantes de automóveis;por 100 mil hab.;38,3027
Porto Alegre;2015;TX_INTERN_AUTO;Taxa de internações de ocupantes de automóveis;por 100 mil hab.;28,6417
Porto Alegre;2016;TX_INTERN_AUTO;Taxa de internações de ocupantes de automóveis;por 100 mil hab.;23,8349
Porto Alegre;2017;TX_INTERN_AUTO;Taxa de internações de ocupantes de automóveis;por 100 mil hab.;32,1225
Porto Alegre;2018;TX_INTERN_AUTO;Taxa de internações de ocupantes de automóveis;por 100 mil hab.;22,1756
Porto Alegre;2019;TX_INTERN_AUTO;Taxa de internações de ocupantes de automóveis;por 100 mil hab.;16,7142
Porto Alegre;2020;TX_INTERN_AUTO;Taxa de internações de ocupantes de automóveis;por 100 mil hab.;19,0828
Porto Alegre;2021;TX_INTERN_AUTO;Taxa de internações de ocupantes de automóveis;por 100 mil hab.;19,2961
Porto Alegre;2022;TX_INTERN_AUTO;Taxa de internações de ocupantes de automóveis;por 100 mil hab.;19,211
Porto Velho;2008;TX_INTERN_AUTO;Taxa de internações de ocupantes de automóveis;por 100 mil hab.;0,5274
Porto Velho;2009;TX_INTERN_AUTO;Taxa de internações de ocupantes de automóveis;por 100 mil hab.;5,4855
Porto Velho;2010;TX_INTERN_AUTO;Taxa de internações de ocupantes de automóveis;por 100 mil hab.;12,6013
Porto Velho;2011;TX_INTERN_AUTO;Taxa de internações de ocupantes de automóveis;por 100 mil hab.;5,967
Porto Velho;2012;TX_INTERN_AUTO;Taxa de internações de ocupantes de automóveis;por 100 mil hab.;2,4847
Porto Velho;2013;TX_INTERN_AUTO;Taxa de internações de ocupantes de automóveis;por 100 mil hab.;7,4228
Porto Velho;2014;TX_INTERN_AUTO;Taxa de internações de ocupantes de automóveis;por 100 mil hab.;6,68
Porto Velho;2015;TX_INTERN_AUTO;Taxa de internações de ocupantes de automóveis;por 100 mil hab.;5,7683
Porto Velho;2016;TX_INTERN_AUTO;Taxa de internações de ocupantes de automóveis;por 100 mil hab.;10,9542
Porto Velho;2017;TX_INTERN_AUTO;Taxa de internações de ocupantes de automóveis;por 100 mil hab.;9,6258
Porto Velho;2018;TX_INTERN_AUTO;Taxa de internações de ocupantes de automóveis;por 100 mil hab.;11,1639
Porto Velho;2019;TX_INTERN_AUTO;Taxa de internações de ocupantes de automóveis;por 100 mil hab.;4,3434
Porto Velho;2020;TX_INTERN_AUTO;Taxa de internações de ocupantes de automóveis;por 100 mil hab.;10,012
Porto Velho;2021;TX_INTERN_AUTO;Taxa de internações de ocupantes de automóveis;por 100 mil hab.;17,4879
Porto Velho;2022;TX_INTERN_AUTO;Taxa de internações de ocupantes de automóveis;por 100 mil hab.;11,2942
Recife;2008;TX_INTERN_AUTO;Taxa de internações de ocupantes de automóveis;por 100 mil hab.;0,3226
Recife;2009;TX_INTERN_AUTO;Taxa de internações de ocupantes de automóveis;por 100 mil hab.;0,2561
Recife;2010;TX_INTERN_AUTO;Taxa de internações de ocupantes de automóveis;por 100 mil hab.;0,4552
Recife;2011;TX_INTERN_AUTO;Taxa de internações de ocupantes de automóveis;por 100 mil hab.;0,0647
Recife;2012;TX_INTERN_AUTO;Taxa de internações de ocupantes de automóveis;por 100 mil hab.;0,0643
Recife;2013;TX_INTERN_AUTO;Taxa de internações de ocupantes de automóveis;por 100 mil hab.;0,2501
Recife;2014;TX_INTERN_AUTO;Taxa de internações de ocupantes de automóveis;por 100 mil hab.;0,4974
Recife;2015;TX_INTERN_AUTO;Taxa de internações de ocupantes de automóveis;por 100 mil hab.;0,2473
Recife;2016;TX_INTERN_AUTO;Taxa de internações de ocupantes de automóveis;por 100 mil hab.;0,0615
Recife;2017;TX_INTERN_AUTO;Taxa de internações de ocupantes de automóveis;por 100 mil hab.;0,1836
Recife;2018;TX_INTERN_AUTO;Taxa de internações de ocupantes de automóveis;por 100 mil hab.;0,1221
Recife;2019;TX_INTERN_AUTO;Taxa de internações de ocupantes de automóveis;por 100 mil hab.;0,1215
Recife;2020;TX_INTERN_AUTO;Taxa de internações de ocupantes de automóveis;por 100 mil hab.;0
Recife;2021;TX_INTERN_AUTO;Taxa de internações de ocupantes de automóveis;por 100 mil hab.;0
Recife;2022;TX_INTERN_AUTO;Taxa de internações de ocupantes de automóveis;por 100 mil hab.;0,1343
Rio Branco;2008;TX_INTERN_AUTO;Taxa de internações de ocupantes de automóveis;por 100 mil hab.;1,3271
Rio Branco;2009;TX_INTERN_AUTO;Taxa de internações de ocupantes de automóveis;por 100 mil hab.;2,2879
Rio Branco;2010;TX_INTERN_AUTO;Taxa de internações de ocupantes de automóveis;por 100 mil hab.;3,2734
Rio Branco;2011;TX_INTERN_AUTO;Taxa de internações de ocupantes de automóveis;por 100 mil hab.;11,3935
Rio Branco;2012;TX_INTERN_AUTO;Taxa de internações de ocupantes de automóveis;por 100 mil hab.;8,6119
Rio Branco;2013;TX_INTERN_AUTO;Taxa de internações de ocupantes de automóveis;por 100 mil hab.;9,5186
Rio Branco;2014;TX_INTERN_AUTO;Taxa de internações de ocupantes de automóveis;por 100 mil hab.;5,2208
Rio Branco;2015;TX_INTERN_AUTO;Taxa de internações de ocupantes de automóveis;por 100 mil hab.;5,9371
Rio Branco;2016;TX_INTERN_AUTO;Taxa de internações de ocupantes de automóveis;por 100 mil hab.;4,2434
Rio Branco;2017;TX_INTERN_AUTO;Taxa de internações de ocupantes de automóveis;por 100 mil hab.;7,3023
Rio Branco;2018;TX_INTERN_AUTO;Taxa de internações de ocupantes de automóveis;por 100 mil hab.;6,232
Rio Branco;2019;TX_INTERN_AUTO;Taxa de internações de ocupantes de automóveis;por 100 mil hab.;5,1557
Rio Branco;2020;TX_INTERN_AUTO;Taxa de internações de ocupantes de automóveis;por 100 mil hab.;6,289
Rio Branco;2021;TX_INTERN_AUTO;Taxa de internações de ocupantes de automóveis;por 100 mil hab.;7,8674
Rio Branco;2022;TX_INTERN_AUTO;Taxa de internações de ocupantes de automóveis;por 100 mil hab.;4,6607
Rio de Janeiro;2008;TX_INTERN_AUTO;Taxa de internações de ocupantes de automóveis;por 100 mil hab.;3,0514
Rio de Janeiro;2009;TX_INTERN_AUTO;Taxa de internações de ocupantes de automóveis;por 100 mil hab.;3,459
Rio de Janeiro;2010;TX_INTERN_AUTO;Taxa de internações de ocupantes de automóveis;por 100 mil hab.;3,9238
Rio de Janeiro;2011;TX_INTERN_AUTO;Taxa de internações de ocupantes de automóveis;por 100 mil hab.;3,8547
Rio de Janeiro;2012;TX_INTERN_AUTO;Taxa de internações de ocupantes de automóveis;por 100 mil hab.;5,1015
Rio de Janeiro;2013;TX_INTERN_AUTO;Taxa de internações de ocupantes de automóveis;por 100 mil hab.;5,2256
Rio de Janeiro;2014;TX_INTERN_AUTO;Taxa de internações de ocupantes de automóveis;por 100 mil hab.;4,9429
Rio de Janeiro;2015;TX_INTERN_AUTO;Taxa de internações de ocupantes de automóveis;por 100 mil hab.;4,7247
Rio de Janeiro;2016;TX_INTERN_AUTO;Taxa de internações de ocupantes de automóveis;por 100 mil hab.;3,5391
Rio de Janeiro;2017;TX_INTERN_AUTO;Taxa de internações de ocupantes de automóveis;por 100 mil hab.;3,8342
Rio de Janeiro;2018;TX_INTERN_AUTO;Taxa de internações de ocupantes de automóveis;por 100 mil hab.;2,6013
Rio de Janeiro;2019;TX_INTERN_AUTO;Taxa de internações de ocupantes de automóveis;por 100 mil hab.;2,3516
Rio de Janeiro;2020;TX_INTERN_AUTO;Taxa de internações de ocupantes de automóveis;por 100 mil hab.;2,5342
Rio de Janeiro;2021;TX_INTERN_AUTO;Taxa de internações de ocupantes de automóveis;por 100 mil hab.;3,365
Rio de Janeiro;2022;TX_INTERN_AUTO;Taxa de internações de ocupantes de automóveis;por 100 mil hab.;3,5902
Salvador;2008;TX_INTERN_AUTO;Taxa de internações de ocupantes de automóveis;por 100 mil hab.;13,0226
Salvador;2009;TX_INTERN_AUTO;Taxa de internações de ocupantes de automóveis;por 100 mil hab.;17,2112
Salvador;2010;TX_INTERN_AUTO;Taxa de internações de ocupantes de automóveis;por 100 mil hab.;17,8274
Salvador;2011;TX_INTERN_AUTO;Taxa de internações de ocupantes de automóveis;por 100 mil hab.;16,1494
Salvador;2012;TX_INTERN_AUTO;Taxa de internações de ocupantes de automóveis;por 100 mil hab.;15,2713
Salvador;2013;TX_INTERN_AUTO;Taxa de internações de ocupantes de automóveis;por 100 mil hab.;11,9985
Salvador;2014;TX_INTERN_AUTO;Taxa de internações de ocupantes de automóveis;por 100 mil hab.;10,9889
Salvador;2015;TX_INTERN_AUTO;Taxa de internações de ocupantes de automóveis;por 100 mil hab.;9,5855
Salvador;2016;TX_INTERN_AUTO;Taxa de internações de ocupantes de automóveis;por 100 mil hab.;6,6029
Salvador;2017;TX_INTERN_AUTO;Taxa de internações de ocupantes de automóveis;por 100 mil hab.;9,5126
Salvador;2018;TX_INTERN_AUTO;Taxa de internações de ocupantes de automóveis;por 100 mil hab.;8,9244
Salvador;2019;TX_INTERN_AUTO;Taxa de internações de ocupantes de automóveis;por 100 mil hab.;6,8933
Salvador;2020;TX_INTERN_AUTO;Taxa de internações de ocupantes de automóveis;por 100 mil hab.;5,6119
Salvador;2021;TX_INTERN_AUTO;Taxa de internações de ocupantes de automóveis;por 100 mil hab.;6,62
Salvador;2022;TX_INTERN_AUTO;Taxa de internações de ocupantes de automóveis;por 100 mil hab.;11,8279
São Luís;2008;TX_INTERN_AUTO;Taxa de internações de ocupantes de automóveis;por 100 mil hab.;0
São Luís;2009;TX_INTERN_AUTO;Taxa de internações de ocupantes de automóveis;por 100 mil hab.;0
São Luís;2010;TX_INTERN_AUTO;Taxa de internações de ocupantes de automóveis;por 100 mil hab.;0
São Luís;2011;TX_INTERN_AUTO;Taxa de internações de ocupantes de automóveis;por 100 mil hab.;0,0973
São Luís;2012;TX_INTERN_AUTO;Taxa de internações de ocupantes de automóveis;por 100 mil hab.;0
São Luís;2013;TX_INTERN_AUTO;Taxa de internações de ocupantes de automóveis;por 100 mil hab.;0
São Luís;2014;TX_INTERN_AUTO;Taxa de internações de ocupantes de automóveis;por 100 mil hab.;0
São Luís;2015;TX_INTERN_AUTO;Taxa de internações de ocupantes de automóveis;por 100 mil hab.;0,6518
São Luís;2016;TX_INTERN_AUTO;Taxa de internações de ocupantes de automóveis;por 100 mil hab.;0,1847
São Luís;2017;TX_INTERN_AUTO;Taxa de internações de ocupantes de automóveis;por 100 mil hab.;0,7327
São Luís;2018;TX_INTERN_AUTO;Taxa de internações de ocupantes de automóveis;por 100 mil hab.;1,9184
São Luís;2019;TX_INTERN_AUTO;Taxa de internações de ocupantes de automóveis;por 100 mil hab.;0
São Luís;2020;TX_INTERN_AUTO;Taxa de internações de ocupantes de automóveis;por 100 mil hab.;0
São Luís;2021;TX_INTERN_AUTO;Taxa de internações de ocupantes de automóveis;por 100 mil hab.;0
São Luís;2022;TX_INTERN_AUTO;Taxa de internações de ocupantes de automóveis;por 100 mil hab.;0
São Paulo;2008;TX_INTERN_AUTO;Taxa de internações de ocupantes de automóveis;por 100 mil hab.;6,2965
São Paulo;2009;TX_INTERN_AUTO;Taxa de internações de ocupantes de automóveis;por 100 mil hab.;7,1392
São Paulo;2010;TX_INTERN_AUTO;Taxa de internações de ocupantes de automóveis;por 100 mil hab.;6,9401
São Paulo;2011;TX_INTERN_AUTO;Taxa de internações de ocupantes de automóveis;por 100 mil hab.;7,2286
São Paulo;2012;TX_INTERN_AUTO;Taxa de internações de ocupantes de automóveis;por 100 mil hab.;5,898
São Paulo;2013;TX_INTERN_AUTO;Taxa de internações de ocupantes de automóveis;por 100 mil hab.;5,3545
São Paulo;2014;TX_INTERN_AUTO;Taxa de internações de ocupantes de automóveis;por 100 mil hab.;6,1954
São Paulo;2015;TX_INTERN_AUTO;Taxa de internações de ocupantes de automóveis;por 100 mil hab.;5,2558
São Paulo;2016;TX_INTERN_AUTO;Taxa de internações de ocupantes de automóveis;por 100 mil hab.;4,9343
São Paulo;2017;TX_INTERN_AUTO;Taxa de internações de ocupantes de automóveis;por 100 mil hab.;4,039
São Paulo;2018;TX_INTERN_AUTO;Taxa de internações de ocupantes de automóveis;por 100 mil hab.;4,7878
São Paulo;2019;TX_INTERN_AUTO;Taxa de internações de ocupantes de automóveis;por 100 mil hab.;4,8971
São Paulo;2020;TX_INTERN_AUTO;Taxa de internações de ocupantes de automóveis;por 100 mil hab.;4,4624
São Paulo;2021;TX_INTERN_AUTO;Taxa de internações de ocupantes de automóveis;por 100 mil hab.;4,227
São Paulo;2022;TX_INTERN_AUTO;Taxa de internações de ocupantes de automóveis;por 100 mil hab.;4,899
Teresina;2008;TX_INTERN_AUTO;Taxa de internações de ocupantes de automóveis;por 100 mil hab.;1,8877
Teresina;2009;TX_INTERN_AUTO;Taxa de internações de ocupantes de automóveis;por 100 mil hab.;0,4984
Teresina;2010;TX_INTERN_AUTO;Taxa de internações de ocupantes de automóveis;por 100 mil hab.;0,1228
Teresina;2011;TX_INTERN_AUTO;Taxa de internações de ocupantes de automóveis;por 100 mil hab.;0,9728
Teresina;2012;TX_INTERN_AUTO;Taxa de internações de ocupantes de automóveis;por 100 mil hab.;1,084
Teresina;2013;TX_INTERN_AUTO;Taxa de internações de ocupantes de automóveis;por 100 mil hab.;1,315
Teresina;2014;TX_INTERN_AUTO;Taxa de internações de ocupantes de automóveis;por 100 mil hab.;0,2379
Teresina;2015;TX_INTERN_AUTO;Taxa de internações de ocupantes de automóveis;por 100 mil hab.;12,674
Teresina;2016;TX_INTERN_AUTO;Taxa de internações de ocupantes de automóveis;por 100 mil hab.;27,3769
Teresina;2017;TX_INTERN_AUTO;Taxa de internações de ocupantes de automóveis;por 100 mil hab.;19,7601
Teresina;2018;TX_INTERN_AUTO;Taxa de internações de ocupantes de automóveis;por 100 mil hab.;19,1539
Teresina;2019;TX_INTERN_AUTO;Taxa de internações de ocupantes de automóveis;por 100 mil hab.;11,5628
Teresina;2020;TX_INTERN_AUTO;Taxa de internações de ocupantes de automóveis;por 100 mil hab.;7,9486
Teresina;2021;TX_INTERN_AUTO;Taxa de internações de ocupantes de automóveis;por 100 mil hab.;14,6936
Teresina;2022;TX_INTERN_AUTO;Taxa de internações de ocupantes de automóveis;por 100 mil hab.;10,5044
Vitória;2008;TX_INTERN_AUTO;Taxa de internações de ocupantes de automóveis;por 100 mil hab.;26,7451
Vitória;2009;TX_INTERN_AUTO;Taxa de internações de ocupantes de automóveis;por 100 mil hab.;21,2396
Vitória;2010;TX_INTERN_AUTO;Taxa de internações de ocupantes de automóveis;por 100 mil hab.;13,1177
Vitória;2011;TX_INTERN_AUTO;Taxa de internações de ocupantes de automóveis;por 100 mil hab.;23,9013
Vitória;2012;TX_INTERN_AUTO;Taxa de internações de ocupantes de automóveis;por 100 mil hab.;17,7091
Vitória;2013;TX_INTERN_AUTO;Taxa de internações de ocupantes de automóveis;por 100 mil hab.;30,1492
Vitória;2014;TX_INTERN_AUTO;Taxa de internações de ocupantes de automóveis;por 100 mil hab.;35,5009
Vitória;2015;TX_INTERN_AUTO;Taxa de internações de ocupantes de automóveis;por 100 mil hab.;35,1247
Vitória;2016;TX_INTERN_AUTO;Taxa de internações de ocupantes de automóveis;por 100 mil hab.;42,2745
Vitória;2017;TX_INTERN_AUTO;Taxa de internações de ocupantes de automóveis;por 100 mil hab.;18,1748
Vitória;2018;TX_INTERN_AUTO;Taxa de internações de ocupantes de automóveis;por 100 mil hab.;10,0484
Vitória;2019;TX_INTERN_AUTO;Taxa de internações de ocupantes de automóveis;por 100 mil hab.;12,9799
Vitória;2020;TX_INTERN_AUTO;Taxa de internações de ocupantes de automóveis;por 100 mil hab.;12,0266
Vitória;2021;TX_INTERN_AUTO;Taxa de internações de ocupantes de automóveis;por 100 mil hab.;29,226
Vitória;2022;TX_INTERN_AUTO;Taxa de internações de ocupantes de automóveis;por 100 mil hab.;7,4334
Aracaju;2008;TX_INTERN_CIC;Taxa de internações de ciclistas;por 100 mil hab.;4,2848
Aracaju;2009;TX_INTERN_CIC;Taxa de internações de ciclistas;por 100 mil hab.;0,9191
Aracaju;2010;TX_INTERN_CIC;Taxa de internações de ciclistas;por 100 mil hab.;0,7003
Aracaju;2011;TX_INTERN_CIC;Taxa de internações de ciclistas;por 100 mil hab.;1,0353
Aracaju;2012;TX_INTERN_CIC;Taxa de internações de ciclistas;por 100 mil hab.;1,8717
Aracaju;2013;TX_INTERN_CIC;Taxa de internações de ciclistas;por 100 mil hab.;2,278
Aracaju;2014;TX_INTERN_CIC;Taxa de internações de ciclistas;por 100 mil hab.;2,2444
Aracaju;2015;TX_INTERN_CIC;Taxa de internações de ciclistas;por 100 mil hab.;3,3189
Aracaju;2016;TX_INTERN_CIC;Taxa de internações de ciclistas;por 100 mil hab.;4,6764
Aracaju;2017;TX_INTERN_CIC;Taxa de internações de ciclistas;por 100 mil hab.;6,6143
Aracaju;2018;TX_INTERN_CIC;Taxa de internações de ciclistas;por 100 mil hab.;8,1672
Aracaju;2019;TX_INTERN_CIC;Taxa de internações de ciclistas;por 100 mil hab.;6,0882
Aracaju;2020;TX_INTERN_CIC;Taxa de internações de ciclistas;por 100 mil hab.;6,9182
Aracaju;2021;TX_INTERN_CIC;Taxa de internações de ciclistas;por 100 mil hab.;9,8125
Aracaju;2022;TX_INTERN_CIC;Taxa de internações de ciclistas;por 100 mil hab.;10,6179
Belém;2008;TX_INTERN_CIC;Taxa de internações de ciclistas;por 100 mil hab.;0,0702
Belém;2009;TX_INTERN_CIC;Taxa de internações de ciclistas;por 100 mil hab.;0
Belém;2010;TX_INTERN_CIC;Taxa de internações de ciclistas;por 100 mil hab.;0
Belém;2011;TX_INTERN_CIC;Taxa de internações de ciclistas;por 100 mil hab.;0
Belém;2012;TX_INTERN_CIC;Taxa de internações de ciclistas;por 100 mil hab.;0
Belém;2013;TX_INTERN_CIC;Taxa de internações de ciclistas;por 100 mil hab.;0
Belém;2014;TX_INTERN_CIC;Taxa de internações de ciclistas;por 100 mil hab.;0,2094
Belém;2015;TX_INTERN_CIC;Taxa de internações de ciclistas;por 100 mil hab.;0
Belém;2016;TX_INTERN_CIC;Taxa de internações de ciclistas;por 100 mil hab.;0
Belém;2017;TX_INTERN_CIC;Taxa de internações de ciclistas;por 100 mil hab.;0,0689
Belém;2018;TX_INTERN_CIC;Taxa de internações de ciclistas;por 100 mil hab.;0
Belém;2019;TX_INTERN_CIC;Taxa de internações de ciclistas;por 100 mil hab.;0,067
Belém;2020;TX_INTERN_CIC;Taxa de internações de ciclistas;por 100 mil hab.;0,1334
Belém;2021;TX_INTERN_CIC;Taxa de internações de ciclistas;por 100 mil hab.;0,0664
Belém;2022;TX_INTERN_CIC;Taxa de internações de ciclistas;por 100 mil hab.;0,2302
Belo Horizonte;2008;TX_INTERN_CIC;Taxa de internações de ciclistas;por 100 mil hab.;14,992
Belo Horizonte;2009;TX_INTERN_CIC;Taxa de internações de ciclistas;por 100 mil hab.;12,2726
Belo Horizonte;2010;TX_INTERN_CIC;Taxa de internações de ciclistas;por 100 mil hab.;12,3361
Belo Horizonte;2011;TX_INTERN_CIC;Taxa de internações de ciclistas;por 100 mil hab.;13,4136
Belo Horizonte;2012;TX_INTERN_CIC;Taxa de internações de ciclistas;por 100 mil hab.;17,0299
Belo Horizonte;2013;TX_INTERN_CIC;Taxa de internações de ciclistas;por 100 mil hab.;18,1513
Belo Horizonte;2014;TX_INTERN_CIC;Taxa de internações de ciclistas;por 100 mil hab.;17,2212
Belo Horizonte;2015;TX_INTERN_CIC;Taxa de internações de ciclistas;por 100 mil hab.;18,0615
Belo Horizonte;2016;TX_INTERN_CIC;Taxa de internações de ciclistas;por 100 mil hab.;18,7392
Belo Horizonte;2017;TX_INTERN_CIC;Taxa de internações de ciclistas;por 100 mil hab.;17,1567
Belo Horizonte;2018;TX_INTERN_CIC;Taxa de internações de ciclistas;por 100 mil hab.;16,9093
Belo Horizonte;2019;TX_INTERN_CIC;Taxa de internações de ciclistas;por 100 mil hab.;19,3864
Belo Horizonte;2020;TX_INTERN_CIC;Taxa de internações de ciclistas;por 100 mil hab.;20,8997
Belo Horizonte;2021;TX_INTERN_CIC;Taxa de internações de ciclistas;por 100 mil hab.;27,0281
Belo Horizonte;2022;TX_INTERN_CIC;Taxa de internações de ciclistas;por 100 mil hab.;23,9251
Boa Vista;2008;TX_INTERN_CIC;Taxa de internações de ciclistas;por 100 mil hab.;10,7308
Boa Vista;2009;TX_INTERN_CIC;Taxa de internações de ciclistas;por 100 mil hab.;20,2322
Boa Vista;2010;TX_INTERN_CIC;Taxa de internações de ciclistas;por 100 mil hab.;16,5311
Boa Vista;2011;TX_INTERN_CIC;Taxa de internações de ciclistas;por 100 mil hab.;18,2293
Boa Vista;2012;TX_INTERN_CIC;Taxa de internações de ciclistas;por 100 mil hab.;24,2458
Boa Vista;2013;TX_INTERN_CIC;Taxa de internações de ciclistas;por 100 mil hab.;17,1523
Boa Vista;2014;TX_INTERN_CIC;Taxa de internações de ciclistas;por 100 mil hab.;14,2903
Boa Vista;2015;TX_INTERN_CIC;Taxa de internações de ciclistas;por 100 mil hab.;19,9555
Boa Vista;2016;TX_INTERN_CIC;Taxa de internações de ciclistas;por 100 mil hab.;24,8147
Boa Vista;2017;TX_INTERN_CIC;Taxa de internações de ciclistas;por 100 mil hab.;4,819
Boa Vista;2018;TX_INTERN_CIC;Taxa de internações de ciclistas;por 100 mil hab.;11,7216
Boa Vista;2019;TX_INTERN_CIC;Taxa de internações de ciclistas;por 100 mil hab.;10,0197
Boa Vista;2020;TX_INTERN_CIC;Taxa de internações de ciclistas;por 100 mil hab.;5,0041
Boa Vista;2021;TX_INTERN_CIC;Taxa de internações de ciclistas;por 100 mil hab.;4,3519
Boa Vista;2022;TX_INTERN_CIC;Taxa de internações de ciclistas;por 100 mil hab.;6,288
Brasília;2008;TX_INTERN_CIC;Taxa de internações de ciclistas;por 100 mil hab.;4,9664
Brasília;2009;TX_INTERN_CIC;Taxa de internações de ciclistas;por 100 mil hab.;4,8717
Brasília;2010;TX_INTERN_CIC;Taxa de internações de ciclistas;por 100 mil hab.;4,7079
Brasília;2011;TX_INTERN_CIC;Taxa de internações de ciclistas;por 100 mil hab.;4,6743
Brasília;2012;TX_INTERN_CIC;Taxa de internações de ciclistas;por 100 mil hab.;2,1899
Brasília;2013;TX_INTERN_CIC;Taxa de internações de ciclistas;por 100 mil hab.;1,3621
Brasília;2014;TX_INTERN_CIC;Taxa de internações de ciclistas;por 100 mil hab.;1,2972
Brasília;2015;TX_INTERN_CIC;Taxa de internações de ciclistas;por 100 mil hab.;2,5387
Brasília;2016;TX_INTERN_CIC;Taxa de internações de ciclistas;por 100 mil hab.;4,7024
Brasília;2017;TX_INTERN_CIC;Taxa de internações de ciclistas;por 100 mil hab.;3,7178
Brasília;2018;TX_INTERN_CIC;Taxa de internações de ciclistas;por 100 mil hab.;8,6731
Brasília;2019;TX_INTERN_CIC;Taxa de internações de ciclistas;por 100 mil hab.;10,2478
Brasília;2020;TX_INTERN_CIC;Taxa de internações de ciclistas;por 100 mil hab.;14,5983
Brasília;2021;TX_INTERN_CIC;Taxa de internações de ciclistas;por 100 mil hab.;11,1818
Brasília;2022;TX_INTERN_CIC;Taxa de internações de ciclistas;por 100 mil hab.;13,0987
Campo Grande;2008;TX_INTERN_CIC;Taxa de internações de ciclistas;por 100 mil hab.;0,1338
Campo Grande;2009;TX_INTERN_CIC;Taxa de internações de ciclistas;por 100 mil hab.;0,2649
Campo Grande;2010;TX_INTERN_CIC;Taxa de internações de ciclistas;por 100 mil hab.;0,5084
Campo Grande;2011;TX_INTERN_CIC;Taxa de internações de ciclistas;por 100 mil hab.;2,135
Campo Grande;2012;TX_INTERN_CIC;Taxa de internações de ciclistas;por 100 mil hab.;1,7383
Campo Grande;2013;TX_INTERN_CIC;Taxa de internações de ciclistas;por 100 mil hab.;1,8021
Campo Grande;2014;TX_INTERN_CIC;Taxa de internações de ciclistas;por 100 mil hab.;0,8303
Campo Grande;2015;TX_INTERN_CIC;Taxa de internações de ciclistas;por 100 mil hab.;1,1715
Campo Grande;2016;TX_INTERN_CIC;Taxa de internações de ciclistas;por 100 mil hab.;0,2315
Campo Grande;2017;TX_INTERN_CIC;Taxa de internações de ciclistas;por 100 mil hab.;0,3432
Campo Grande;2018;TX_INTERN_CIC;Taxa de internações de ciclistas;por 100 mil hab.;17,7259
Campo Grande;2019;TX_INTERN_CIC;Taxa de internações de ciclistas;por 100 mil hab.;39,5097
Campo Grande;2020;TX_INTERN_CIC;Taxa de internações de ciclistas;por 100 mil hab.;32,0056
Campo Grande;2021;TX_INTERN_CIC;Taxa de internações de ciclistas;por 100 mil hab.;33,0786
Campo Grande;2022;TX_INTERN_CIC;Taxa de internações de ciclistas;por 100 mil hab.;34,969
Cuiabá;2008;TX_INTERN_CIC;Taxa de internações de ciclistas;por 100 mil hab.;28,0868
Cuiabá;2009;TX_INTERN_CIC;Taxa de internações de ciclistas;por 100 mil hab.;7,4469
Cuiabá;2010;TX_INTERN_CIC;Taxa de internações de ciclistas;por 100 mil hab.;5,2622
Cuiabá;2011;TX_INTERN_CIC;Taxa de internações de ciclistas;por 100 mil hab.;8,8082
Cuiabá;2012;TX_INTERN_CIC;Taxa de internações de ciclistas;por 100 mil hab.;9,0856
Cuiabá;2013;TX_INTERN_CIC;Taxa de internações de ciclistas;por 100 mil hab.;8,95
Cuiabá;2014;TX_INTERN_CIC;Taxa de internações de ciclistas;por 100 mil hab.;9,9048
Cuiabá;2015;TX_INTERN_CIC;Taxa de internações de ciclistas;por 100 mil hab.;10,8529
Cuiabá;2016;TX_INTERN_CIC;Taxa de internações de ciclistas;por 100 mil hab.;19,3041
Cuiabá;2017;TX_INTERN_CIC;Taxa de internações de ciclistas;por 100 mil hab.;20,1655
Cuiabá;2018;TX_INTERN_CIC;Taxa de internações de ciclistas;por 100 mil hab.;21,5761
Cuiabá;2019;TX_INTERN_CIC;Taxa de internações de ciclistas;por 100 mil hab.;14,5295
Cuiabá;2020;TX_INTERN_CIC;Taxa de internações de ciclistas;por 100 mil hab.;2,1031
Cuiabá;2021;TX_INTERN_CIC;Taxa de internações de ciclistas;por 100 mil hab.;2,5657
Cuiabá;2022;TX_INTERN_CIC;Taxa de internações de ciclistas;por 100 mil hab.;3,0726
Curitiba;2008;TX_INTERN_CIC;Taxa de internações de ciclistas;por 100 mil hab.;7,0018
Curitiba;2009;TX_INTERN_CIC;Taxa de internações de ciclistas;por 100 mil hab.;3,5112
Curitiba;2010;TX_INTERN_CIC;Taxa de internações de ciclistas;por 100 mil hab.;4,6806
Curitiba;2011;TX_INTERN_CIC;Taxa de internações de ciclistas;por 100 mil hab.;4,2504
Curitiba;2012;TX_INTERN_CIC;Taxa de internações de ciclistas;por 100 mil hab.;3,4332
Curitiba;2013;TX_INTERN_CIC;Taxa de internações de ciclistas;por 100 mil hab.;7,1392
Curitiba;2014;TX_INTERN_CIC;Taxa de internações de ciclistas;por 100 mil hab.;5,0418
Curitiba;2015;TX_INTERN_CIC;Taxa de internações de ciclistas;por 100 mil hab.;3,8311
Curitiba;2016;TX_INTERN_CIC;Taxa de internações de ciclistas;por 100 mil hab.;3,4319
Curitiba;2017;TX_INTERN_CIC;Taxa de internações de ciclistas;por 100 mil hab.;8,6462
Curitiba;2018;TX_INTERN_CIC;Taxa de internações de ciclistas;por 100 mil hab.;7,5632
Curitiba;2019;TX_INTERN_CIC;Taxa de internações de ciclistas;por 100 mil hab.;7,6043
Curitiba;2020;TX_INTERN_CIC;Taxa de internações de ciclistas;por 100 mil hab.;11,9571
Curitiba;2021;TX_INTERN_CIC;Taxa de internações de ciclistas;por 100 mil hab.;8,3005
Curitiba;2022;TX_INTERN_CIC;Taxa de internações de ciclistas;por 100 mil hab.;6,0889
Florianópolis;2008;TX_INTERN_CIC;Taxa de internações de ciclistas;por 100 mil hab.;2,4854
Florianópolis;2009;TX_INTERN_CIC;Taxa de internações de ciclistas;por 100 mil hab.;0,735
Florianópolis;2010;TX_INTERN_CIC;Taxa de internações de ciclistas;por 100 mil hab.;1,6618
Florianópolis;2011;TX_INTERN_CIC;Taxa de internações de ciclistas;por 100 mil hab.;1,8722
Florianópolis;2012;TX_INTERN_CIC;Taxa de internações de ciclistas;por 100 mil hab.;1,3852
Florianópolis;2013;TX_INTERN_CIC;Taxa de internações de ciclistas;por 100 mil hab.;2,2061
Florianópolis;2014;TX_INTERN_CIC;Taxa de internações de ciclistas;por 100 mil hab.;1,3
Florianópolis;2015;TX_INTERN_CIC;Taxa de internações de ciclistas;por 100 mil hab.;0,6387
Florianópolis;2016;TX_INTERN_CIC;Taxa de internações de ciclistas;por 100 mil hab.;1,2558
Florianópolis;2017;TX_INTERN_CIC;Taxa de internações de ciclistas;por 100 mil hab.;0
Florianópolis;2018;TX_INTERN_CIC;Taxa de internações de ciclistas;por 100 mil hab.;0,2028
Florianópolis;2019;TX_INTERN_CIC;Taxa de internações de ciclistas;por 100 mil hab.;0,3992
Florianópolis;2020;TX_INTERN_CIC;Taxa de internações de ciclistas;por 100 mil hab.;0,3931
Florianópolis;2021;TX_INTERN_CIC;Taxa de internações de ciclistas;por 100 mil hab.;0
Florianópolis;2022;TX_INTERN_CIC;Taxa de internações de ciclistas;por 100 mil hab.;0,3723
Fortaleza;2008;TX_INTERN_CIC;Taxa de internações de ciclistas;por 100 mil hab.;7,9236
Fortaleza;2009;TX_INTERN_CIC;Taxa de internações de ciclistas;por 100 mil hab.;12,2528
Fortaleza;2010;TX_INTERN_CIC;Taxa de internações de ciclistas;por 100 mil hab.;12,601
Fortaleza;2011;TX_INTERN_CIC;Taxa de internações de ciclistas;por 100 mil hab.;10,6598
Fortaleza;2012;TX_INTERN_CIC;Taxa de internações de ciclistas;por 100 mil hab.;6,3595
Fortaleza;2013;TX_INTERN_CIC;Taxa de internações de ciclistas;por 100 mil hab.;10,1105
Fortaleza;2014;TX_INTERN_CIC;Taxa de internações de ciclistas;por 100 mil hab.;4,277
Fortaleza;2015;TX_INTERN_CIC;Taxa de internações de ciclistas;por 100 mil hab.;5,5959
Fortaleza;2016;TX_INTERN_CIC;Taxa de internações de ciclistas;por 100 mil hab.;6,3225
Fortaleza;2017;TX_INTERN_CIC;Taxa de internações de ciclistas;por 100 mil hab.;5,4805
Fortaleza;2018;TX_INTERN_CIC;Taxa de internações de ciclistas;por 100 mil hab.;8,2474
Fortaleza;2019;TX_INTERN_CIC;Taxa de internações de ciclistas;por 100 mil hab.;12,1378
Fortaleza;2020;TX_INTERN_CIC;Taxa de internações de ciclistas;por 100 mil hab.;14,2187
Fortaleza;2021;TX_INTERN_CIC;Taxa de internações de ciclistas;por 100 mil hab.;19,531
Fortaleza;2022;TX_INTERN_CIC;Taxa de internações de ciclistas;por 100 mil hab.;17,3757
Goiânia;2008;TX_INTERN_CIC;Taxa de internações de ciclistas;por 100 mil hab.;6,4012
Goiânia;2009;TX_INTERN_CIC;Taxa de internações de ciclistas;por 100 mil hab.;7,8785
Goiânia;2010;TX_INTERN_CIC;Taxa de internações de ciclistas;por 100 mil hab.;7,9109
Goiânia;2011;TX_INTERN_CIC;Taxa de internações de ciclistas;por 100 mil hab.;11,4555
Goiânia;2012;TX_INTERN_CIC;Taxa de internações de ciclistas;por 100 mil hab.;10,4216
Goiânia;2013;TX_INTERN_CIC;Taxa de internações de ciclistas;por 100 mil hab.;9,9026
Goiânia;2014;TX_INTERN_CIC;Taxa de internações de ciclistas;por 100 mil hab.;12,4614
Goiânia;2015;TX_INTERN_CIC;Taxa de internações de ciclistas;por 100 mil hab.;13,8394
Goiânia;2016;TX_INTERN_CIC;Taxa de internações de ciclistas;por 100 mil hab.;18,9833
Goiânia;2017;TX_INTERN_CIC;Taxa de internações de ciclistas;por 100 mil hab.;18,2797
Goiânia;2018;TX_INTERN_CIC;Taxa de internações de ciclistas;por 100 mil hab.;18,2523
Goiânia;2019;TX_INTERN_CIC;Taxa de internações de ciclistas;por 100 mil hab.;27,5705
Goiânia;2020;TX_INTERN_CIC;Taxa de internações de ciclistas;por 100 mil hab.;27,2769
Goiânia;2021;TX_INTERN_CIC;Taxa de internações de ciclistas;por 100 mil hab.;34,327
Goiânia;2022;TX_INTERN_CIC;Taxa de internações de ciclistas;por 100 mil hab.;46,9651
João Pessoa;2008;TX_INTERN_CIC;Taxa de internações de ciclistas;por 100 mil hab.;21,2097
João Pessoa;2009;TX_INTERN_CIC;Taxa de internações de ciclistas;por 100 mil hab.;57,673
João Pessoa;2010;TX_INTERN_CIC;Taxa de internações de ciclistas;por 100 mil hab.;34,83
João Pessoa;2011;TX_INTERN_CIC;Taxa de internações de ciclistas;por 100 mil hab.;18,0044
João Pessoa;2012;TX_INTERN_CIC;Taxa de internações de ciclistas;por 100 mil hab.;11,7175
João Pessoa;2013;TX_INTERN_CIC;Taxa de internações de ciclistas;por 100 mil hab.;10,5249
João Pessoa;2014;TX_INTERN_CIC;Taxa de internações de ciclistas;por 100 mil hab.;11,1433
João Pessoa;2015;TX_INTERN_CIC;Taxa de internações de ciclistas;por 100 mil hab.;8,3393
João Pessoa;2016;TX_INTERN_CIC;Taxa de internações de ciclistas;por 100 mil hab.;4,8646
João Pessoa;2017;TX_INTERN_CIC;Taxa de internações de ciclistas;por 100 mil hab.;5,791
João Pessoa;2018;TX_INTERN_CIC;Taxa de internações de ciclistas;por 100 mil hab.;8,4966
João Pessoa;2019;TX_INTERN_CIC;Taxa de internações de ciclistas;por 100 mil hab.;10,6302
João Pessoa;2020;TX_INTERN_CIC;Taxa de internações de ciclistas;por 100 mil hab.;12,5992
João Pessoa;2021;TX_INTERN_CIC;Taxa de internações de ciclistas;por 100 mil hab.;19,4963
João Pessoa;2022;TX_INTERN_CIC;Taxa de internações de ciclistas;por 100 mil hab.;17,0278
Macapá;2008;TX_INTERN_CIC;Taxa de internações de ciclistas;por 100 mil hab.;3,6209
Macapá;2009;TX_INTERN_CIC;Taxa de internações de ciclistas;por 100 mil hab.;11,1874
Macapá;2010;TX_INTERN_CIC;Taxa de internações de ciclistas;por 100 mil hab.;6,2782
Macapá;2011;TX_INTERN_CIC;Taxa de internações de ciclistas;por 100 mil hab.;23,0945
Macapá;2012;TX_INTERN_CIC;Taxa de internações de ciclistas;por 100 mil hab.;50,2943
Macapá;2013;TX_INTERN_CIC;Taxa de internações de ciclistas;por 100 mil hab.;27,9013
Macapá;2014;TX_INTERN_CIC;Taxa de internações de ciclistas;por 100 mil hab.;21,9359
Macapá;2015;TX_INTERN_CIC;Taxa de internações de ciclistas;por 100 mil hab.;63,7919
Macapá;2016;TX_INTERN_CIC;Taxa de internações de ciclistas;por 100 mil hab.;59,0769
Macapá;2017;TX_INTERN_CIC;Taxa de internações de ciclistas;por 100 mil hab.;35,8116
Macapá;2018;TX_INTERN_CIC;Taxa de internações de ciclistas;por 100 mil hab.;15,8012
Macapá;2019;TX_INTERN_CIC;Taxa de internações de ciclistas;por 100 mil hab.;17,881
Macapá;2020;TX_INTERN_CIC;Taxa de internações de ciclistas;por 100 mil hab.;8,7736
Macapá;2021;TX_INTERN_CIC;Taxa de internações de ciclistas;por 100 mil hab.;3,2545
Macapá;2022;TX_INTERN_CIC;Taxa de internações de ciclistas;por 100 mil hab.;6,3215
Maceió;2008;TX_INTERN_CIC;Taxa de internações de ciclistas;por 100 mil hab.;0,1082
Maceió;2009;TX_INTERN_CIC;Taxa de internações de ciclistas;por 100 mil hab.;0
Maceió;2010;TX_INTERN_CIC;Taxa de internações de ciclistas;por 100 mil hab.;7,0759
Maceió;2011;TX_INTERN_CIC;Taxa de internações de ciclistas;por 100 mil hab.;0,5302
Maceió;2012;TX_INTERN_CIC;Taxa de internações de ciclistas;por 100 mil hab.;0,7342
Maceió;2013;TX_INTERN_CIC;Taxa de internações de ciclistas;por 100 mil hab.;2,4079
Maceió;2014;TX_INTERN_CIC;Taxa de internações de ciclistas;por 100 mil hab.;2,0889
Maceió;2015;TX_INTERN_CIC;Taxa de internações de ciclistas;por 100 mil hab.;0,5918
Maceió;2016;TX_INTERN_CIC;Taxa de internações de ciclistas;por 100 mil hab.;0,0979
Maceió;2017;TX_INTERN_CIC;Taxa de internações de ciclistas;por 100 mil hab.;0,2915
Maceió;2018;TX_INTERN_CIC;Taxa de internações de ciclistas;por 100 mil hab.;0,0988
Maceió;2019;TX_INTERN_CIC;Taxa de internações de ciclistas;por 100 mil hab.;0
Maceió;2020;TX_INTERN_CIC;Taxa de internações de ciclistas;por 100 mil hab.;0
Maceió;2021;TX_INTERN_CIC;Taxa de internações de ciclistas;por 100 mil hab.;0
Maceió;2022;TX_INTERN_CIC;Taxa de internações de ciclistas;por 100 mil hab.;0,1044
Manaus;2008;TX_INTERN_CIC;Taxa de internações de ciclistas;por 100 mil hab.;0
Manaus;2009;TX_INTERN_CIC;Taxa de internações de ciclistas;por 100 mil hab.;0,3451
Manaus;2010;TX_INTERN_CIC;Taxa de internações de ciclistas;por 100 mil hab.;0,0555
Manaus;2011;TX_INTERN_CIC;Taxa de internações de ciclistas;por 100 mil hab.;0,2183
Manaus;2012;TX_INTERN_CIC;Taxa de internações de ciclistas;por 100 mil hab.;0,0537
Manaus;2013;TX_INTERN_CIC;Taxa de internações de ciclistas;por 100 mil hab.;0,0505
Manaus;2014;TX_INTERN_CIC;Taxa de internações de ciclistas;por 100 mil hab.;0,0495
Manaus;2015;TX_INTERN_CIC;Taxa de internações de ciclistas;por 100 mil hab.;0,0972
Manaus;2016;TX_INTERN_CIC;Taxa de internações de ciclistas;por 100 mil hab.;0,0955
Manaus;2017;TX_INTERN_CIC;Taxa de internações de ciclistas;por 100 mil hab.;0,1408
Manaus;2018;TX_INTERN_CIC;Taxa de internações de ciclistas;por 100 mil hab.;0,0932
Manaus;2019;TX_INTERN_CIC;Taxa de internações de ciclistas;por 100 mil hab.;0,1374
Manaus;2020;TX_INTERN_CIC;Taxa de internações de ciclistas;por 100 mil hab.;0
Manaus;2021;TX_INTERN_CIC;Taxa de internações de ciclistas;por 100 mil hab.;0,133
Manaus;2022;TX_INTERN_CIC;Taxa de internações de ciclistas;por 100 mil hab.;0,0485
Natal;2008;TX_INTERN_CIC;Taxa de internações de ciclistas;por 100 mil hab.;9,8989
Natal;2009;TX_INTERN_CIC;Taxa de internações de ciclistas;por 100 mil hab.;6,3259
Natal;2010;TX_INTERN_CIC;Taxa de internações de ciclistas;por 100 mil hab.;9,7046
Natal;2011;TX_INTERN_CIC;Taxa de internações de ciclistas;por 100 mil hab.;6,2902
Natal;2012;TX_INTERN_CIC;Taxa de internações de ciclistas;por 100 mil hab.;5,504
Natal;2013;TX_INTERN_CIC;Taxa de internações de ciclistas;por 100 mil hab.;2,9276
Natal;2014;TX_INTERN_CIC;Taxa de internações de ciclistas;por 100 mil hab.;3,8281
Natal;2015;TX_INTERN_CIC;Taxa de internações de ciclistas;por 100 mil hab.;3,3335
Natal;2016;TX_INTERN_CIC;Taxa de internações de ciclistas;por 100 mil hab.;4,1018
Natal;2017;TX_INTERN_CIC;Taxa de internações de ciclistas;por 100 mil hab.;7,0042
Natal;2018;TX_INTERN_CIC;Taxa de internações de ciclistas;por 100 mil hab.;7,5202
Natal;2019;TX_INTERN_CIC;Taxa de internações de ciclistas;por 100 mil hab.;21,9427
Natal;2020;TX_INTERN_CIC;Taxa de internações de ciclistas;por 100 mil hab.;26,6149
Natal;2021;TX_INTERN_CIC;Taxa de internações de ciclistas;por 100 mil hab.;28,4374
Natal;2022;TX_INTERN_CIC;Taxa de internações de ciclistas;por 100 mil hab.;36,4701
Palmas;2008;TX_INTERN_CIC;Taxa de internações de ciclistas;por 100 mil hab.;0
Palmas;2009;TX_INTERN_CIC;Taxa de internações de ciclistas;por 100 mil hab.;0
Palmas;2010;TX_INTERN_CIC;Taxa de internações de ciclistas;por 100 mil hab.;0,438
Palmas;2011;TX_INTERN_CIC;Taxa de internações de ciclistas;por 100 mil hab.;0
Palmas;2012;TX_INTERN_CIC;Taxa de internações de ciclistas;por 100 mil hab.;0
Palmas;2013;TX_INTERN_CIC;Taxa de internações de ciclistas;por 100 mil hab.;0
Palmas;2014;TX_INTERN_CIC;Taxa de internações de ciclistas;por 100 mil hab.;15,4479
Palmas;2015;TX_INTERN_CIC;Taxa de internações de ciclistas;por 100 mil hab.;13,9334
Palmas;2016;TX_INTERN_CIC;Taxa de internações de ciclistas;por 100 mil hab.;22,5116
Palmas;2017;TX_INTERN_CIC;Taxa de internações de ciclistas;por 100 mil hab.;17,0859
Palmas;2018;TX_INTERN_CIC;Taxa de internações de ciclistas;por 100 mil hab.;11,307
Palmas;2019;TX_INTERN_CIC;Taxa de internações de ciclistas;por 100 mil hab.;29,7532
Palmas;2020;TX_INTERN_CIC;Taxa de internações de ciclistas;por 100 mil hab.;22,8537
Palmas;2021;TX_INTERN_CIC;Taxa de internações de ciclistas;por 100 mil hab.;29,0411
Palmas;2022;TX_INTERN_CIC;Taxa de internações de ciclistas;por 100 mil hab.;16,1881
Porto Alegre;2008;TX_INTERN_CIC;Taxa de internações de ciclistas;por 100 mil hab.;2,9366
Porto Alegre;2009;TX_INTERN_CIC;Taxa de internações de ciclistas;por 100 mil hab.;2,7156
Porto Alegre;2010;TX_INTERN_CIC;Taxa de internações de ciclistas;por 100 mil hab.;4,9668
Porto Alegre;2011;TX_INTERN_CIC;Taxa de internações de ciclistas;por 100 mil hab.;3,7506
Porto Alegre;2012;TX_INTERN_CIC;Taxa de internações de ciclistas;por 100 mil hab.;2,8234
Porto Alegre;2013;TX_INTERN_CIC;Taxa de internações de ciclistas;por 100 mil hab.;3,7471
Porto Alegre;2014;TX_INTERN_CIC;Taxa de internações de ciclistas;por 100 mil hab.;2,7165
Porto Alegre;2015;TX_INTERN_CIC;Taxa de internações de ciclistas;por 100 mil hab.;4,8752
Porto Alegre;2016;TX_INTERN_CIC;Taxa de internações de ciclistas;por 100 mil hab.;4,5914
Porto Alegre;2017;TX_INTERN_CIC;Taxa de internações de ciclistas;por 100 mil hab.;4,8487
Porto Alegre;2018;TX_INTERN_CIC;Taxa de internações de ciclistas;por 100 mil hab.;5,4763
Porto Alegre;2019;TX_INTERN_CIC;Taxa de internações de ciclistas;por 100 mil hab.;3,909
Porto Alegre;2020;TX_INTERN_CIC;Taxa de internações de ciclistas;por 100 mil hab.;4,166
Porto Alegre;2021;TX_INTERN_CIC;Taxa de internações de ciclistas;por 100 mil hab.;6,834
Porto Alegre;2022;TX_INTERN_CIC;Taxa de internações de ciclistas;por 100 mil hab.;9,4554
Porto Velho;2008;TX_INTERN_CIC;Taxa de internações de ciclistas;por 100 mil hab.;1,3186
Porto Velho;2009;TX_INTERN_CIC;Taxa de internações de ciclistas;por 100 mil hab.;7,8364
Porto Velho;2010;TX_INTERN_CIC;Taxa de internações de ciclistas;por 100 mil hab.;12,6013
Porto Velho;2011;TX_INTERN_CIC;Taxa de internações de ciclistas;por 100 mil hab.;11,4749
Porto Velho;2012;TX_INTERN_CIC;Taxa de internações de ciclistas;por 100 mil hab.;2,4847
Porto Velho;2013;TX_INTERN_CIC;Taxa de internações de ciclistas;por 100 mil hab.;5,7733
Porto Velho;2014;TX_INTERN_CIC;Taxa de internações de ciclistas;por 100 mil hab.;1,6194
Porto Velho;2015;TX_INTERN_CIC;Taxa de internações de ciclistas;por 100 mil hab.;1,3923
Porto Velho;2016;TX_INTERN_CIC;Taxa de internações de ciclistas;por 100 mil hab.;2,3473
Porto Velho;2017;TX_INTERN_CIC;Taxa de internações de ciclistas;por 100 mil hab.;5,1979
Porto Velho;2018;TX_INTERN_CIC;Taxa de internações de ciclistas;por 100 mil hab.;11,5489
Porto Velho;2019;TX_INTERN_CIC;Taxa de internações de ciclistas;por 100 mil hab.;7,176
Porto Velho;2020;TX_INTERN_CIC;Taxa de internações de ciclistas;por 100 mil hab.;14,0909
Porto Velho;2021;TX_INTERN_CIC;Taxa de internações de ciclistas;por 100 mil hab.;21,8598
Porto Velho;2022;TX_INTERN_CIC;Taxa de internações de ciclistas;por 100 mil hab.;22,8056
Recife;2008;TX_INTERN_CIC;Taxa de internações de ciclistas;por 100 mil hab.;0,0645
Recife;2009;TX_INTERN_CIC;Taxa de internações de ciclistas;por 100 mil hab.;0,1921
Recife;2010;TX_INTERN_CIC;Taxa de internações de ciclistas;por 100 mil hab.;0,1301
Recife;2011;TX_INTERN_CIC;Taxa de internações de ciclistas;por 100 mil hab.;0,1293
Recife;2012;TX_INTERN_CIC;Taxa de internações de ciclistas;por 100 mil hab.;0,3858
Recife;2013;TX_INTERN_CIC;Taxa de internações de ciclistas;por 100 mil hab.;1,0628
Recife;2014;TX_INTERN_CIC;Taxa de internações de ciclistas;por 100 mil hab.;2,0516
Recife;2015;TX_INTERN_CIC;Taxa de internações de ciclistas;por 100 mil hab.;21,8281
Recife;2016;TX_INTERN_CIC;Taxa de internações de ciclistas;por 100 mil hab.;4,7368
Recife;2017;TX_INTERN_CIC;Taxa de internações de ciclistas;por 100 mil hab.;0,5509
Recife;2018;TX_INTERN_CIC;Taxa de internações de ciclistas;por 100 mil hab.;0,9769
Recife;2019;TX_INTERN_CIC;Taxa de internações de ciclistas;por 100 mil hab.;2,066
Recife;2020;TX_INTERN_CIC;Taxa de internações de ciclistas;por 100 mil hab.;0,4234
Recife;2021;TX_INTERN_CIC;Taxa de internações de ciclistas;por 100 mil hab.;0,3612
Recife;2022;TX_INTERN_CIC;Taxa de internações de ciclistas;por 100 mil hab.;1,0074
Rio Branco;2008;TX_INTERN_CIC;Taxa de internações de ciclistas;por 100 mil hab.;13,6032
Rio Branco;2009;TX_INTERN_CIC;Taxa de internações de ciclistas;por 100 mil hab.;28,4356
Rio Branco;2010;TX_INTERN_CIC;Taxa de internações de ciclistas;por 100 mil hab.;24,6996
Rio Branco;2011;TX_INTERN_CIC;Taxa de internações de ciclistas;por 100 mil hab.;23,0792
Rio Branco;2012;TX_INTERN_CIC;Taxa de internações de ciclistas;por 100 mil hab.;15,7885
Rio Branco;2013;TX_INTERN_CIC;Taxa de internações de ciclistas;por 100 mil hab.;15,6778
Rio Branco;2014;TX_INTERN_CIC;Taxa de internações de ciclistas;por 100 mil hab.;15,6624
Rio Branco;2015;TX_INTERN_CIC;Taxa de internações de ciclistas;por 100 mil hab.;16,462
Rio Branco;2016;TX_INTERN_CIC;Taxa de internações de ciclistas;por 100 mil hab.;19,3605
Rio Branco;2017;TX_INTERN_CIC;Taxa de internações de ciclistas;por 100 mil hab.;23,9931
Rio Branco;2018;TX_INTERN_CIC;Taxa de internações de ciclistas;por 100 mil hab.;14,4583
Rio Branco;2019;TX_INTERN_CIC;Taxa de internações de ciclistas;por 100 mil hab.;15,7125
Rio Branco;2020;TX_INTERN_CIC;Taxa de internações de ciclistas;por 100 mil hab.;14,0294
Rio Branco;2021;TX_INTERN_CIC;Taxa de internações de ciclistas;por 100 mil hab.;8,3442
Rio Branco;2022;TX_INTERN_CIC;Taxa de internações de ciclistas;por 100 mil hab.;9,5955
Rio de Janeiro;2008;TX_INTERN_CIC;Taxa de internações de ciclistas;por 100 mil hab.;1,9802
Rio de Janeiro;2009;TX_INTERN_CIC;Taxa de internações de ciclistas;por 100 mil hab.;2,2629
Rio de Janeiro;2010;TX_INTERN_CIC;Taxa de internações de ciclistas;por 100 mil hab.;2,8637
Rio de Janeiro;2011;TX_INTERN_CIC;Taxa de internações de ciclistas;por 100 mil hab.;2,6117
Rio de Janeiro;2012;TX_INTERN_CIC;Taxa de internações de ciclistas;por 100 mil hab.;2,1908
Rio de Janeiro;2013;TX_INTERN_CIC;Taxa de internações de ciclistas;por 100 mil hab.;3,0016
Rio de Janeiro;2014;TX_INTERN_CIC;Taxa de internações de ciclistas;por 100 mil hab.;2,6342
Rio de Janeiro;2015;TX_INTERN_CIC;Taxa de internações de ciclistas;por 100 mil hab.;2,5322
Rio de Janeiro;2016;TX_INTERN_CIC;Taxa de internações de ciclistas;por 100 mil hab.;2,0773
Rio de Janeiro;2017;TX_INTERN_CIC;Taxa de internações de ciclistas;por 100 mil hab.;2,3925
Rio de Janeiro;2018;TX_INTERN_CIC;Taxa de internações de ciclistas;por 100 mil hab.;1,6894
Rio de Janeiro;2019;TX_INTERN_CIC;Taxa de internações de ciclistas;por 100 mil hab.;1,9795
Rio de Janeiro;2020;TX_INTERN_CIC;Taxa de internações de ciclistas;por 100 mil hab.;1,808
Rio de Janeiro;2021;TX_INTERN_CIC;Taxa de internações de ciclistas;por 100 mil hab.;1,8891
Rio de Janeiro;2022;TX_INTERN_CIC;Taxa de internações de ciclistas;por 100 mil hab.;1,6421
Salvador;2008;TX_INTERN_CIC;Taxa de internações de ciclistas;por 100 mil hab.;0,3391
Salvador;2009;TX_INTERN_CIC;Taxa de internações de ciclistas;por 100 mil hab.;0,1001
Salvador;2010;TX_INTERN_CIC;Taxa de internações de ciclistas;por 100 mil hab.;0,1121
Salvador;2011;TX_INTERN_CIC;Taxa de internações de ciclistas;por 100 mil hab.;0,7796
Salvador;2012;TX_INTERN_CIC;Taxa de internações de ciclistas;por 100 mil hab.;0,664
Salvador;2013;TX_INTERN_CIC;Taxa de internações de ciclistas;por 100 mil hab.;0,7282
Salvador;2014;TX_INTERN_CIC;Taxa de internações de ciclistas;por 100 mil hab.;0,4823
Salvador;2015;TX_INTERN_CIC;Taxa de internações de ciclistas;por 100 mil hab.;0,8558
Salvador;2016;TX_INTERN_CIC;Taxa de internações de ciclistas;por 100 mil hab.;0,5446
Salvador;2017;TX_INTERN_CIC;Taxa de internações de ciclistas;por 100 mil hab.;1,7265
Salvador;2018;TX_INTERN_CIC;Taxa de internações de ciclistas;por 100 mil hab.;2,6948
Salvador;2019;TX_INTERN_CIC;Taxa de internações de ciclistas;por 100 mil hab.;4,1081
Salvador;2020;TX_INTERN_CIC;Taxa de internações de ciclistas;por 100 mil hab.;1,2817
Salvador;2021;TX_INTERN_CIC;Taxa de internações de ciclistas;por 100 mil hab.;0,9654
Salvador;2022;TX_INTERN_CIC;Taxa de internações de ciclistas;por 100 mil hab.;1,158
São Luís;2008;TX_INTERN_CIC;Taxa de internações de ciclistas;por 100 mil hab.;0
São Luís;2009;TX_INTERN_CIC;Taxa de internações de ciclistas;por 100 mil hab.;0
São Luís;2010;TX_INTERN_CIC;Taxa de internações de ciclistas;por 100 mil hab.;0
São Luís;2011;TX_INTERN_CIC;Taxa de internações de ciclistas;por 100 mil hab.;0
São Luís;2012;TX_INTERN_CIC;Taxa de internações de ciclistas;por 100 mil hab.;0,1924
São Luís;2013;TX_INTERN_CIC;Taxa de internações de ciclistas;por 100 mil hab.;0,0949
São Luís;2014;TX_INTERN_CIC;Taxa de internações de ciclistas;por 100 mil hab.;0
São Luís;2015;TX_INTERN_CIC;Taxa de internações de ciclistas;por 100 mil hab.;2,7936
São Luís;2016;TX_INTERN_CIC;Taxa de internações de ciclistas;por 100 mil hab.;0,9234
São Luís;2017;TX_INTERN_CIC;Taxa de internações de ciclistas;por 100 mil hab.;1,7401
São Luís;2018;TX_INTERN_CIC;Taxa de internações de ciclistas;por 100 mil hab.;3,7454
São Luís;2019;TX_INTERN_CIC;Taxa de internações de ciclistas;por 100 mil hab.;0,4538
São Luís;2020;TX_INTERN_CIC;Taxa de internações de ciclistas;por 100 mil hab.;0
São Luís;2021;TX_INTERN_CIC;Taxa de internações de ciclistas;por 100 mil hab.;0
São Luís;2022;TX_INTERN_CIC;Taxa de internações de ciclistas;por 100 mil hab.;0
São Paulo;2008;TX_INTERN_CIC;Taxa de internações de ciclistas;por 100 mil hab.;5,6323
São Paulo;2009;TX_INTERN_CIC;Taxa de internações de ciclistas;por 100 mil hab.;5,4178
São Paulo;2010;TX_INTERN_CIC;Taxa de internações de ciclistas;por 100 mil hab.;4,9318
São Paulo;2011;TX_INTERN_CIC;Taxa de internações de ciclistas;por 100 mil hab.;4,9133
São Paulo;2012;TX_INTERN_CIC;Taxa de internações de ciclistas;por 100 mil hab.;4,9136
São Paulo;2013;TX_INTERN_CIC;Taxa de internações de ciclistas;por 100 mil hab.;3,9757
São Paulo;2014;TX_INTERN_CIC;Taxa de internações de ciclistas;por 100 mil hab.;3,8585
São Paulo;2015;TX_INTERN_CIC;Taxa de internações de ciclistas;por 100 mil hab.;3,3172
São Paulo;2016;TX_INTERN_CIC;Taxa de internações de ciclistas;por 100 mil hab.;3,4391
São Paulo;2017;TX_INTERN_CIC;Taxa de internações de ciclistas;por 100 mil hab.;3,9647
São Paulo;2018;TX_INTERN_CIC;Taxa de internações de ciclistas;por 100 mil hab.;4,024
São Paulo;2019;TX_INTERN_CIC;Taxa de internações de ciclistas;por 100 mil hab.;5,0441
São Paulo;2020;TX_INTERN_CIC;Taxa de internações de ciclistas;por 100 mil hab.;6,1662
São Paulo;2021;TX_INTERN_CIC;Taxa de internações de ciclistas;por 100 mil hab.;5,3725
São Paulo;2022;TX_INTERN_CIC;Taxa de internações de ciclistas;por 100 mil hab.;5,3793
Teresina;2008;TX_INTERN_CIC;Taxa de internações de ciclistas;por 100 mil hab.;16,612
Teresina;2009;TX_INTERN_CIC;Taxa de internações de ciclistas;por 100 mil hab.;4,4858
Teresina;2010;TX_INTERN_CIC;Taxa de internações de ciclistas;por 100 mil hab.;2,5791
Teresina;2011;TX_INTERN_CIC;Taxa de internações de ciclistas;por 100 mil hab.;2,1888
Teresina;2012;TX_INTERN_CIC;Taxa de internações de ciclistas;por 100 mil hab.;0,2409
Teresina;2013;TX_INTERN_CIC;Taxa de internações de ciclistas;por 100 mil hab.;1,315
Teresina;2014;TX_INTERN_CIC;Taxa de internações de ciclistas;por 100 mil hab.;0,8327
Teresina;2015;TX_INTERN_CIC;Taxa de internações de ciclistas;por 100 mil hab.;11,8449
Teresina;2016;TX_INTERN_CIC;Taxa de internações de ciclistas;por 100 mil hab.;31,271
Teresina;2017;TX_INTERN_CIC;Taxa de internações de ciclistas;por 100 mil hab.;24,7001
Teresina;2018;TX_INTERN_CIC;Taxa de internações de ciclistas;por 100 mil hab.;24,6099
Teresina;2019;TX_INTERN_CIC;Taxa de internações de ciclistas;por 100 mil hab.;20,1192
Teresina;2020;TX_INTERN_CIC;Taxa de internações de ciclistas;por 100 mil hab.;13,4781
Teresina;2021;TX_INTERN_CIC;Taxa de internações de ciclistas;por 100 mil hab.;17,6783
Teresina;2022;TX_INTERN_CIC;Taxa de internações de ciclistas;por 100 mil hab.;20,5472
Vitória;2008;TX_INTERN_CIC;Taxa de internações de ciclistas;por 100 mil hab.;56,6367
Vitória;2009;TX_INTERN_CIC;Taxa de internações de ciclistas;por 100 mil hab.;70,5906
Vitória;2010;TX_INTERN_CIC;Taxa de internações de ciclistas;por 100 mil hab.;51,8607
Vitória;2011;TX_INTERN_CIC;Taxa de internações de ciclistas;por 100 mil hab.;51,1306
Vitória;2012;TX_INTERN_CIC;Taxa de internações de ciclistas;por 100 mil hab.;48,9251
Vitória;2013;TX_INTERN_CIC;Taxa de internações de ciclistas;por 100 mil hab.;58,8627
Vitória;2014;TX_INTERN_CIC;Taxa de internações de ciclistas;por 100 mil hab.;43,4531
Vitória;2015;TX_INTERN_CIC;Taxa de internações de ciclistas;por 100 mil hab.;50,8606
Vitória;2016;TX_INTERN_CIC;Taxa de internações de ciclistas;por 100 mil hab.;55,6243
Vitória;2017;TX_INTERN_CIC;Taxa de internações de ciclistas;por 100 mil hab.;46,2631
Vitória;2018;TX_INTERN_CIC;Taxa de internações de ciclistas;por 100 mil hab.;47,7298
Vitória;2019;TX_INTERN_CIC;Taxa de internações de ciclistas;por 100 mil hab.;39,4922
Vitória;2020;TX_INTERN_CIC;Taxa de internações de ciclistas;por 100 mil hab.;45,6465
Vitória;2021;TX_INTERN_CIC;Taxa de internações de ciclistas;por 100 mil hab.;63,0524
Vitória;2022;TX_INTERN_CIC;Taxa de internações de ciclistas;por 100 mil hab.;58,2279
Aracaju;2008;TX_INTERN_MOTO;Taxa de internações de motociclistas;por 100 mil hab.;43,2204
Aracaju;2009;TX_INTERN_MOTO;Taxa de internações de motociclistas;por 100 mil hab.;46,3202
Aracaju;2010;TX_INTERN_MOTO;Taxa de internações de motociclistas;por 100 mil hab.;37,6434
Aracaju;2011;TX_INTERN_MOTO;Taxa de internações de motociclistas;por 100 mil hab.;45,0339
Aracaju;2012;TX_INTERN_MOTO;Taxa de internações de motociclistas;por 100 mil hab.;60,4049
Aracaju;2013;TX_INTERN_MOTO;Taxa de internações de motociclistas;por 100 mil hab.;64,2718
Aracaju;2014;TX_INTERN_MOTO;Taxa de internações de motociclistas;por 100 mil hab.;55,4695
Aracaju;2015;TX_INTERN_MOTO;Taxa de internações de motociclistas;por 100 mil hab.;166,5761
Aracaju;2016;TX_INTERN_MOTO;Taxa de internações de motociclistas;por 100 mil hab.;208,8779
Aracaju;2017;TX_INTERN_MOTO;Taxa de internações de motociclistas;por 100 mil hab.;221,3485
Aracaju;2018;TX_INTERN_MOTO;Taxa de internações de motociclistas;por 100 mil hab.;231,3006
Aracaju;2019;TX_INTERN_MOTO;Taxa de internações de motociclistas;por 100 mil hab.;277,4679
Aracaju;2020;TX_INTERN_MOTO;Taxa de internações de motociclistas;por 100 mil hab.;197,0197
Aracaju;2021;TX_INTERN_MOTO;Taxa de internações de motociclistas;por 100 mil hab.;208,8865
Aracaju;2022;TX_INTERN_MOTO;Taxa de internações de motociclistas;por 100 mil hab.;354,7035
Belém;2008;TX_INTERN_MOTO;Taxa de internações de motociclistas;por 100 mil hab.;0,2107
Belém;2009;TX_INTERN_MOTO;Taxa de internações de motociclistas;por 100 mil hab.;0,4174
Belém;2010;TX_INTERN_MOTO;Taxa de internações de motociclistas;por 100 mil hab.;0,2871
Belém;2011;TX_INTERN_MOTO;Taxa de internações de motociclistas;por 100 mil hab.;0,3566
Belém;2012;TX_INTERN_MOTO;Taxa de internações de motociclistas;por 100 mil hab.;0,1418
Belém;2013;TX_INTERN_MOTO;Taxa de internações de motociclistas;por 100 mil hab.;0,0701
Belém;2014;TX_INTERN_MOTO;Taxa de internações de motociclistas;por 100 mil hab.;0,2792
Belém;2015;TX_INTERN_MOTO;Taxa de internações de motociclistas;por 100 mil hab.;0,2084
Belém;2016;TX_INTERN_MOTO;Taxa de internações de motociclistas;por 100 mil hab.;0,0692
Belém;2017;TX_INTERN_MOTO;Taxa de internações de motociclistas;por 100 mil hab.;0,0689
Belém;2018;TX_INTERN_MOTO;Taxa de internações de motociclistas;por 100 mil hab.;0,5385
Belém;2019;TX_INTERN_MOTO;Taxa de internações de motociclistas;por 100 mil hab.;0
Belém;2020;TX_INTERN_MOTO;Taxa de internações de motociclistas;por 100 mil hab.;0,2667
Belém;2021;TX_INTERN_MOTO;Taxa de internações de motociclistas;por 100 mil hab.;0,3319
Belém;2022;TX_INTERN_MOTO;Taxa de internações de motociclistas;por 100 mil hab.;0,6138
Belo Horizonte;2008;TX_INTERN_MOTO;Taxa de internações de motociclistas;por 100 mil hab.;62,9664
Belo Horizonte;2009;TX_INTERN_MOTO;Taxa de internações de motociclistas;por 100 mil hab.;67,0712
Belo Horizonte;2010;TX_INTERN_MOTO;Taxa de internações de motociclistas;por 100 mil hab.;88,8786
Belo Horizonte;2011;TX_INTERN_MOTO;Taxa de internações de motociclistas;por 100 mil hab.;117,4947
Belo Horizonte;2012;TX_INTERN_MOTO;Taxa de internações de motociclistas;por 100 mil hab.;127,5574
Belo Horizonte;2013;TX_INTERN_MOTO;Taxa de internações de motociclistas;por 100 mil hab.;149,4858
Belo Horizonte;2014;TX_INTERN_MOTO;Taxa de internações de motociclistas;por 100 mil hab.;163,1803
Belo Horizonte;2015;TX_INTERN_MOTO;Taxa de internações de motociclistas;por 100 mil hab.;170,2259
Belo Horizonte;2016;TX_INTERN_MOTO;Taxa de internações de motociclistas;por 100 mil hab.;165,4697
Belo Horizonte;2017;TX_INTERN_MOTO;Taxa de internações de motociclistas;por 100 mil hab.;150,8047
Belo Horizonte;2018;TX_INTERN_MOTO;Taxa de internações de motociclistas;por 100 mil hab.;141,3909
Belo Horizonte;2019;TX_INTERN_MOTO;Taxa de internações de motociclistas;por 100 mil hab.;149,3191
Belo Horizonte;2020;TX_INTERN_MOTO;Taxa de internações de motociclistas;por 100 mil hab.;145,6636
Belo Horizonte;2021;TX_INTERN_MOTO;Taxa de internações de motociclistas;por 100 mil hab.;182,9533
Belo Horizonte;2022;TX_INTERN_MOTO;Taxa de internações de motociclistas;por 100 mil hab.;211,2232
Boa Vista;2008;TX_INTERN_MOTO;Taxa de internações de motociclistas;por 100 mil hab.;113,0571
Boa Vista;2009;TX_INTERN_MOTO;Taxa de internações de motociclistas;por 100 mil hab.;159,9844
Boa Vista;2010;TX_INTERN_MOTO;Taxa de internações de motociclistas;por 100 mil hab.;223,6971
Boa Vista;2011;TX_INTERN_MOTO;Taxa de internações de motociclistas;por 100 mil hab.;160,968
Boa Vista;2012;TX_INTERN_MOTO;Taxa de internações de motociclistas;por 100 mil hab.;207,7728
Boa Vista;2013;TX_INTERN_MOTO;Taxa de internações de motociclistas;por 100 mil hab.;135,6005
Boa Vista;2014;TX_INTERN_MOTO;Taxa de internações de motociclistas;por 100 mil hab.;183,5503
Boa Vista;2015;TX_INTERN_MOTO;Taxa de internações de motociclistas;por 100 mil hab.;308,0626
Boa Vista;2016;TX_INTERN_MOTO;Taxa de internações de motociclistas;por 100 mil hab.;436,2491
Boa Vista;2017;TX_INTERN_MOTO;Taxa de internações de motociclistas;por 100 mil hab.;86,1394
Boa Vista;2018;TX_INTERN_MOTO;Taxa de internações de motociclistas;por 100 mil hab.;164,9022
Boa Vista;2019;TX_INTERN_MOTO;Taxa de internações de motociclistas;por 100 mil hab.;98,4437
Boa Vista;2020;TX_INTERN_MOTO;Taxa de internações de motociclistas;por 100 mil hab.;105,3254
Boa Vista;2021;TX_INTERN_MOTO;Taxa de internações de motociclistas;por 100 mil hab.;65,5075
Boa Vista;2022;TX_INTERN_MOTO;Taxa de internações de motociclistas;por 100 mil hab.;74,7305
Brasília;2008;TX_INTERN_MOTO;Taxa de internações de motociclistas;por 100 mil hab.;19,9831
Brasília;2009;TX_INTERN_MOTO;Taxa de internações de motociclistas;por 100 mil hab.;19,5636
Brasília;2010;TX_INTERN_MOTO;Taxa de internações de motociclistas;por 100 mil hab.;20,4267
Brasília;2011;TX_INTERN_MOTO;Taxa de internações de motociclistas;por 100 mil hab.;21,8774
Brasília;2012;TX_INTERN_MOTO;Taxa de internações de motociclistas;por 100 mil hab.;12,3087
Brasília;2013;TX_INTERN_MOTO;Taxa de internações de motociclistas;por 100 mil hab.;11,2554
Brasília;2014;TX_INTERN_MOTO;Taxa de internações de motociclistas;por 100 mil hab.;8,8348
Brasília;2015;TX_INTERN_MOTO;Taxa de internações de motociclistas;por 100 mil hab.;9,7776
Brasília;2016;TX_INTERN_MOTO;Taxa de internações de motociclistas;por 100 mil hab.;18,1713
Brasília;2017;TX_INTERN_MOTO;Taxa de internações de motociclistas;por 100 mil hab.;17,3716
Brasília;2018;TX_INTERN_MOTO;Taxa de internações de motociclistas;por 100 mil hab.;42,8278
Brasília;2019;TX_INTERN_MOTO;Taxa de internações de motociclistas;por 100 mil hab.;39,2005
Brasília;2020;TX_INTERN_MOTO;Taxa de internações de motociclistas;por 100 mil hab.;54,3345
Brasília;2021;TX_INTERN_MOTO;Taxa de internações de motociclistas;por 100 mil hab.;54,7131
Brasília;2022;TX_INTERN_MOTO;Taxa de internações de motociclistas;por 100 mil hab.;65,5291
Campo Grande;2008;TX_INTERN_MOTO;Taxa de internações de motociclistas;por 100 mil hab.;1,0707
Campo Grande;2009;TX_INTERN_MOTO;Taxa de internações de motociclistas;por 100 mil hab.;2,2513
Campo Grande;2010;TX_INTERN_MOTO;Taxa de internações de motociclistas;por 100 mil hab.;2,1607
Campo Grande;2011;TX_INTERN_MOTO;Taxa de internações de motociclistas;por 100 mil hab.;16,8288
Campo Grande;2012;TX_INTERN_MOTO;Taxa de internações de motociclistas;por 100 mil hab.;16,2653
Campo Grande;2013;TX_INTERN_MOTO;Taxa de internações de motociclistas;por 100 mil hab.;11,4134
Campo Grande;2014;TX_INTERN_MOTO;Taxa de internações de motociclistas;por 100 mil hab.;9,4886
Campo Grande;2015;TX_INTERN_MOTO;Taxa de internações de motociclistas;por 100 mil hab.;6,7946
Campo Grande;2016;TX_INTERN_MOTO;Taxa de internações de motociclistas;por 100 mil hab.;2,7778
Campo Grande;2017;TX_INTERN_MOTO;Taxa de internações de motociclistas;por 100 mil hab.;3,5461
Campo Grande;2018;TX_INTERN_MOTO;Taxa de internações de motociclistas;por 100 mil hab.;155,0167
Campo Grande;2019;TX_INTERN_MOTO;Taxa de internações de motociclistas;por 100 mil hab.;278,8002
Campo Grande;2020;TX_INTERN_MOTO;Taxa de internações de motociclistas;por 100 mil hab.;272,4889
Campo Grande;2021;TX_INTERN_MOTO;Taxa de internações de motociclistas;por 100 mil hab.;267,7945
Campo Grande;2022;TX_INTERN_MOTO;Taxa de internações de motociclistas;por 100 mil hab.;276,6338
Cuiabá;2008;TX_INTERN_MOTO;Taxa de internações de motociclistas;por 100 mil hab.;39,2848
Cuiabá;2009;TX_INTERN_MOTO;Taxa de internações de motociclistas;por 100 mil hab.;74,1061
Cuiabá;2010;TX_INTERN_MOTO;Taxa de internações de motociclistas;por 100 mil hab.;82,1995
Cuiabá;2011;TX_INTERN_MOTO;Taxa de internações de motociclistas;por 100 mil hab.;137,1565
Cuiabá;2012;TX_INTERN_MOTO;Taxa de internações de motociclistas;por 100 mil hab.;155,7019
Cuiabá;2013;TX_INTERN_MOTO;Taxa de internações de motociclistas;por 100 mil hab.;234,9824
Cuiabá;2014;TX_INTERN_MOTO;Taxa de internações de motociclistas;por 100 mil hab.;247,0981
Cuiabá;2015;TX_INTERN_MOTO;Taxa de internações de motociclistas;por 100 mil hab.;205,1718
Cuiabá;2016;TX_INTERN_MOTO;Taxa de internações de motociclistas;por 100 mil hab.;347,3035
Cuiabá;2017;TX_INTERN_MOTO;Taxa de internações de motociclistas;por 100 mil hab.;336,3734
Cuiabá;2018;TX_INTERN_MOTO;Taxa de internações de motociclistas;por 100 mil hab.;330,5592
Cuiabá;2019;TX_INTERN_MOTO;Taxa de internações de motociclistas;por 100 mil hab.;297,1201
Cuiabá;2020;TX_INTERN_MOTO;Taxa de internações de motociclistas;por 100 mil hab.;72,9627
Cuiabá;2021;TX_INTERN_MOTO;Taxa de internações de motociclistas;por 100 mil hab.;49,2292
Cuiabá;2022;TX_INTERN_MOTO;Taxa de internações de motociclistas;por 100 mil hab.;91,4102
Curitiba;2008;TX_INTERN_MOTO;Taxa de internações de motociclistas;por 100 mil hab.;12,2532
Curitiba;2009;TX_INTERN_MOTO;Taxa de internações de motociclistas;por 100 mil hab.;12,6403
Curitiba;2010;TX_INTERN_MOTO;Taxa de internações de motociclistas;por 100 mil hab.;17,8092
Curitiba;2011;TX_INTERN_MOTO;Taxa de internações de motociclistas;por 100 mil hab.;26,7492
Curitiba;2012;TX_INTERN_MOTO;Taxa de internações de motociclistas;por 100 mil hab.;25,327
Curitiba;2013;TX_INTERN_MOTO;Taxa de internações de motociclistas;por 100 mil hab.;28,3946
Curitiba;2014;TX_INTERN_MOTO;Taxa de internações de motociclistas;por 100 mil hab.;28,3199
Curitiba;2015;TX_INTERN_MOTO;Taxa de internações de motociclistas;por 100 mil hab.;23,1462
Curitiba;2016;TX_INTERN_MOTO;Taxa de internações de motociclistas;por 100 mil hab.;22,6505
Curitiba;2017;TX_INTERN_MOTO;Taxa de internações de motociclistas;por 100 mil hab.;27,1437
Curitiba;2018;TX_INTERN_MOTO;Taxa de internações de motociclistas;por 100 mil hab.;28,6357
Curitiba;2019;TX_INTERN_MOTO;Taxa de internações de motociclistas;por 100 mil hab.;31,9176
Curitiba;2020;TX_INTERN_MOTO;Taxa de internações de motociclistas;por 100 mil hab.;42,2862
Curitiba;2021;TX_INTERN_MOTO;Taxa de internações de motociclistas;por 100 mil hab.;28,2117
Curitiba;2022;TX_INTERN_MOTO;Taxa de internações de motociclistas;por 100 mil hab.;24,6937
Florianópolis;2008;TX_INTERN_MOTO;Taxa de internações de motociclistas;por 100 mil hab.;109,1106
Florianópolis;2009;TX_INTERN_MOTO;Taxa de internações de motociclistas;por 100 mil hab.;38,7102
Florianópolis;2010;TX_INTERN_MOTO;Taxa de internações de motociclistas;por 100 mil hab.;12,1071
Florianópolis;2011;TX_INTERN_MOTO;Taxa de internações de motociclistas;por 100 mil hab.;4,2125
Florianópolis;2012;TX_INTERN_MOTO;Taxa de internações de motociclistas;por 100 mil hab.;6,4642
Florianópolis;2013;TX_INTERN_MOTO;Taxa de internações de motociclistas;por 100 mil hab.;13,4573
Florianópolis;2014;TX_INTERN_MOTO;Taxa de internações de motociclistas;por 100 mil hab.;10,617
Florianópolis;2015;TX_INTERN_MOTO;Taxa de internações de motociclistas;por 100 mil hab.;18,3099
Florianópolis;2016;TX_INTERN_MOTO;Taxa de internações de motociclistas;por 100 mil hab.;14,232
Florianópolis;2017;TX_INTERN_MOTO;Taxa de internações de motociclistas;por 100 mil hab.;10,7032
Florianópolis;2018;TX_INTERN_MOTO;Taxa de internações de motociclistas;por 100 mil hab.;13,1852
Florianópolis;2019;TX_INTERN_MOTO;Taxa de internações de motociclistas;por 100 mil hab.;41,3196
Florianópolis;2020;TX_INTERN_MOTO;Taxa de internações de motociclistas;por 100 mil hab.;0,7861
Florianópolis;2021;TX_INTERN_MOTO;Taxa de internações de motociclistas;por 100 mil hab.;0
Florianópolis;2022;TX_INTERN_MOTO;Taxa de internações de motociclistas;por 100 mil hab.;0,3723
Fortaleza;2008;TX_INTERN_MOTO;Taxa de internações de motociclistas;por 100 mil hab.;60,7209
Fortaleza;2009;TX_INTERN_MOTO;Taxa de internações de motociclistas;por 100 mil hab.;83,774
Fortaleza;2010;TX_INTERN_MOTO;Taxa de internações de motociclistas;por 100 mil hab.;122,87
Fortaleza;2011;TX_INTERN_MOTO;Taxa de internações de motociclistas;por 100 mil hab.;137,8105
Fortaleza;2012;TX_INTERN_MOTO;Taxa de internações de motociclistas;por 100 mil hab.;126,5502
Fortaleza;2013;TX_INTERN_MOTO;Taxa de internações de motociclistas;por 100 mil hab.;151,0303
Fortaleza;2014;TX_INTERN_MOTO;Taxa de internações de motociclistas;por 100 mil hab.;147,4787
Fortaleza;2015;TX_INTERN_MOTO;Taxa de internações de motociclistas;por 100 mil hab.;132,2173
Fortaleza;2016;TX_INTERN_MOTO;Taxa de internações de motociclistas;por 100 mil hab.;176,6093
Fortaleza;2017;TX_INTERN_MOTO;Taxa de internações de motociclistas;por 100 mil hab.;132,5984
Fortaleza;2018;TX_INTERN_MOTO;Taxa de internações de motociclistas;por 100 mil hab.;155,5284
Fortaleza;2019;TX_INTERN_MOTO;Taxa de internações de motociclistas;por 100 mil hab.;173,9755
Fortaleza;2020;TX_INTERN_MOTO;Taxa de internações de motociclistas;por 100 mil hab.;183,9119
Fortaleza;2021;TX_INTERN_MOTO;Taxa de internações de motociclistas;por 100 mil hab.;208,3309
Fortaleza;2022;TX_INTERN_MOTO;Taxa de internações de motociclistas;por 100 mil hab.;194,3032
Goiânia;2008;TX_INTERN_MOTO;Taxa de internações de motociclistas;por 100 mil hab.;136,4796
Goiânia;2009;TX_INTERN_MOTO;Taxa de internações de motociclistas;por 100 mil hab.;305,9342
Goiânia;2010;TX_INTERN_MOTO;Taxa de internações de motociclistas;por 100 mil hab.;309,8308
Goiânia;2011;TX_INTERN_MOTO;Taxa de internações de motociclistas;por 100 mil hab.;240,5646
Goiânia;2012;TX_INTERN_MOTO;Taxa de internações de motociclistas;por 100 mil hab.;325,5441
Goiânia;2013;TX_INTERN_MOTO;Taxa de internações de motociclistas;por 100 mil hab.;255,8169
Goiânia;2014;TX_INTERN_MOTO;Taxa de internações de motociclistas;por 100 mil hab.;289,8686
Goiânia;2015;TX_INTERN_MOTO;Taxa de internações de motociclistas;por 100 mil hab.;277,7667
Goiânia;2016;TX_INTERN_MOTO;Taxa de internações de motociclistas;por 100 mil hab.;249,5446
Goiânia;2017;TX_INTERN_MOTO;Taxa de internações de motociclistas;por 100 mil hab.;245,6168
Goiânia;2018;TX_INTERN_MOTO;Taxa de internações de motociclistas;por 100 mil hab.;207,8618
Goiânia;2019;TX_INTERN_MOTO;Taxa de internações de motociclistas;por 100 mil hab.;263,8326
Goiânia;2020;TX_INTERN_MOTO;Taxa de internações de motociclistas;por 100 mil hab.;150,967
Goiânia;2021;TX_INTERN_MOTO;Taxa de internações de motociclistas;por 100 mil hab.;76,4965
Goiânia;2022;TX_INTERN_MOTO;Taxa de internações de motociclistas;por 100 mil hab.;99,7052
João Pessoa;2008;TX_INTERN_MOTO;Taxa de internações de motociclistas;por 100 mil hab.;90,4657
João Pessoa;2009;TX_INTERN_MOTO;Taxa de internações de motociclistas;por 100 mil hab.;172,0222
João Pessoa;2010;TX_INTERN_MOTO;Taxa de internações de motociclistas;por 100 mil hab.;229,5737
João Pessoa;2011;TX_INTERN_MOTO;Taxa de internações de motociclistas;por 100 mil hab.;240,7404
João Pessoa;2012;TX_INTERN_MOTO;Taxa de internações de motociclistas;por 100 mil hab.;228,559
João Pessoa;2013;TX_INTERN_MOTO;Taxa de internações de motociclistas;por 100 mil hab.;238,9531
João Pessoa;2014;TX_INTERN_MOTO;Taxa de internações de motociclistas;por 100 mil hab.;252,3254
João Pessoa;2015;TX_INTERN_MOTO;Taxa de internações de motociclistas;por 100 mil hab.;284,9244
João Pessoa;2016;TX_INTERN_MOTO;Taxa de internações de motociclistas;por 100 mil hab.;205,3091
João Pessoa;2017;TX_INTERN_MOTO;Taxa de internações de motociclistas;por 100 mil hab.;197,0187
João Pessoa;2018;TX_INTERN_MOTO;Taxa de internações de motociclistas;por 100 mil hab.;226,7834
João Pessoa;2019;TX_INTERN_MOTO;Taxa de internações de motociclistas;por 100 mil hab.;274,2842
João Pessoa;2020;TX_INTERN_MOTO;Taxa de internações de motociclistas;por 100 mil hab.;256,2657
João Pessoa;2021;TX_INTERN_MOTO;Taxa de internações de motociclistas;por 100 mil hab.;326,3518
João Pessoa;2022;TX_INTERN_MOTO;Taxa de internações de motociclistas;por 100 mil hab.;315,8531
Macapá;2008;TX_INTERN_MOTO;Taxa de internações de motociclistas;por 100 mil hab.;27,2964
Macapá;2009;TX_INTERN_MOTO;Taxa de internações de motociclistas;por 100 mil hab.;40,3838
Macapá;2010;TX_INTERN_MOTO;Taxa de internações de motociclistas;por 100 mil hab.;52,9879
Macapá;2011;TX_INTERN_MOTO;Taxa de internações de motociclistas;por 100 mil hab.;33,4133
Macapá;2012;TX_INTERN_MOTO;Taxa de internações de motociclistas;por 100 mil hab.;58,2355
Macapá;2013;TX_INTERN_MOTO;Taxa de internações de motociclistas;por 100 mil hab.;29,5022
Macapá;2014;TX_INTERN_MOTO;Taxa de internações de motociclistas;por 100 mil hab.;28,8748
Macapá;2015;TX_INTERN_MOTO;Taxa de internações de motociclistas;por 100 mil hab.;26,5251
Macapá;2016;TX_INTERN_MOTO;Taxa de internações de motociclistas;por 100 mil hab.;27,7124
Macapá;2017;TX_INTERN_MOTO;Taxa de internações de motociclistas;por 100 mil hab.;54,9814
Macapá;2018;TX_INTERN_MOTO;Taxa de internações de motociclistas;por 100 mil hab.;50,6448
Macapá;2019;TX_INTERN_MOTO;Taxa de internações de motociclistas;por 100 mil hab.;40,5303
Macapá;2020;TX_INTERN_MOTO;Taxa de internações de motociclistas;por 100 mil hab.;48,1573
Macapá;2021;TX_INTERN_MOTO;Taxa de internações de motociclistas;por 100 mil hab.;43,2654
Macapá;2022;TX_INTERN_MOTO;Taxa de internações de motociclistas;por 100 mil hab.;75,4064
Maceió;2008;TX_INTERN_MOTO;Taxa de internações de motociclistas;por 100 mil hab.;0
Maceió;2009;TX_INTERN_MOTO;Taxa de internações de motociclistas;por 100 mil hab.;0
Maceió;2010;TX_INTERN_MOTO;Taxa de internações de motociclistas;por 100 mil hab.;0,1072
Maceió;2011;TX_INTERN_MOTO;Taxa de internações de motociclistas;por 100 mil hab.;0,106
Maceió;2012;TX_INTERN_MOTO;Taxa de internações de motociclistas;por 100 mil hab.;1,9929
Maceió;2013;TX_INTERN_MOTO;Taxa de internações de motociclistas;por 100 mil hab.;6,2203
Maceió;2014;TX_INTERN_MOTO;Taxa de internações de motociclistas;por 100 mil hab.;6,8635
Maceió;2015;TX_INTERN_MOTO;Taxa de internações de motociclistas;por 100 mil hab.;5,228
Maceió;2016;TX_INTERN_MOTO;Taxa de internações de motociclistas;por 100 mil hab.;7,5364
Maceió;2017;TX_INTERN_MOTO;Taxa de internações de motociclistas;por 100 mil hab.;1,8462
Maceió;2018;TX_INTERN_MOTO;Taxa de internações de motociclistas;por 100 mil hab.;0,1976
Maceió;2019;TX_INTERN_MOTO;Taxa de internações de motociclistas;por 100 mil hab.;0,0981
Maceió;2020;TX_INTERN_MOTO;Taxa de internações de motociclistas;por 100 mil hab.;0
Maceió;2021;TX_INTERN_MOTO;Taxa de internações de motociclistas;por 100 mil hab.;0
Maceió;2022;TX_INTERN_MOTO;Taxa de internações de motociclistas;por 100 mil hab.;0
Manaus;2008;TX_INTERN_MOTO;Taxa de internações de motociclistas;por 100 mil hab.;0
Manaus;2009;TX_INTERN_MOTO;Taxa de internações de motociclistas;por 100 mil hab.;0
Manaus;2010;TX_INTERN_MOTO;Taxa de internações de motociclistas;por 100 mil hab.;3,1631
Manaus;2011;TX_INTERN_MOTO;Taxa de internações de motociclistas;por 100 mil hab.;6,3304
Manaus;2012;TX_INTERN_MOTO;Taxa de internações de motociclistas;por 100 mil hab.;0,4834
Manaus;2013;TX_INTERN_MOTO;Taxa de internações de motociclistas;por 100 mil hab.;0,0505
Manaus;2014;TX_INTERN_MOTO;Taxa de internações de motociclistas;por 100 mil hab.;0,0495
Manaus;2015;TX_INTERN_MOTO;Taxa de internações de motociclistas;por 100 mil hab.;14,7737
Manaus;2016;TX_INTERN_MOTO;Taxa de internações de motociclistas;por 100 mil hab.;18,3824
Manaus;2017;TX_INTERN_MOTO;Taxa de internações de motociclistas;por 100 mil hab.;21,9222
Manaus;2018;TX_INTERN_MOTO;Taxa de internações de motociclistas;por 100 mil hab.;22,4662
Manaus;2019;TX_INTERN_MOTO;Taxa de internações de motociclistas;por 100 mil hab.;22,9984
Manaus;2020;TX_INTERN_MOTO;Taxa de internações de motociclistas;por 100 mil hab.;20,3642
Manaus;2021;TX_INTERN_MOTO;Taxa de internações de motociclistas;por 100 mil hab.;26,2866
Manaus;2022;TX_INTERN_MOTO;Taxa de internações de motociclistas;por 100 mil hab.;37,6052
Natal;2008;TX_INTERN_MOTO;Taxa de internações de motociclistas;por 100 mil hab.;72,174
Natal;2009;TX_INTERN_MOTO;Taxa de internações de motociclistas;por 100 mil hab.;110,146
Natal;2010;TX_INTERN_MOTO;Taxa de internações de motociclistas;por 100 mil hab.;183,2684
Natal;2011;TX_INTERN_MOTO;Taxa de internações de motociclistas;por 100 mil hab.;179,7035
Natal;2012;TX_INTERN_MOTO;Taxa de internações de motociclistas;por 100 mil hab.;175,3935
Natal;2013;TX_INTERN_MOTO;Taxa de internações de motociclistas;por 100 mil hab.;114,7638
Natal;2014;TX_INTERN_MOTO;Taxa de internações de motociclistas;por 100 mil hab.;107,0711
Natal;2015;TX_INTERN_MOTO;Taxa de internações de motociclistas;por 100 mil hab.;114,144
Natal;2016;TX_INTERN_MOTO;Taxa de internações de motociclistas;por 100 mil hab.;123,7378
Natal;2017;TX_INTERN_MOTO;Taxa de internações de motociclistas;por 100 mil hab.;174,7667
Natal;2018;TX_INTERN_MOTO;Taxa de internações de motociclistas;por 100 mil hab.;181,6234
Natal;2019;TX_INTERN_MOTO;Taxa de internações de motociclistas;por 100 mil hab.;264,4431
Natal;2020;TX_INTERN_MOTO;Taxa de internações de motociclistas;por 100 mil hab.;278,7261
Natal;2021;TX_INTERN_MOTO;Taxa de internações de motociclistas;por 100 mil hab.;253,3712
Natal;2022;TX_INTERN_MOTO;Taxa de internações de motociclistas;por 100 mil hab.;349,2613
Palmas;2008;TX_INTERN_MOTO;Taxa de internações de motociclistas;por 100 mil hab.;0
Palmas;2009;TX_INTERN_MOTO;Taxa de internações de motociclistas;por 100 mil hab.;0
Palmas;2010;TX_INTERN_MOTO;Taxa de internações de motociclistas;por 100 mil hab.;0
Palmas;2011;TX_INTERN_MOTO;Taxa de internações de motociclistas;por 100 mil hab.;0,425
Palmas;2012;TX_INTERN_MOTO;Taxa de internações de motociclistas;por 100 mil hab.;0,4131
Palmas;2013;TX_INTERN_MOTO;Taxa de internações de motociclistas;por 100 mil hab.;0
Palmas;2014;TX_INTERN_MOTO;Taxa de internações de motociclistas;por 100 mil hab.;251,3102
Palmas;2015;TX_INTERN_MOTO;Taxa de internações de motociclistas;por 100 mil hab.;257,0345
Palmas;2016;TX_INTERN_MOTO;Taxa de internações de motociclistas;por 100 mil hab.;357,684
Palmas;2017;TX_INTERN_MOTO;Taxa de internações de motociclistas;por 100 mil hab.;301,2689
Palmas;2018;TX_INTERN_MOTO;Taxa de internações de motociclistas;por 100 mil hab.;275,8219
Palmas;2019;TX_INTERN_MOTO;Taxa de internações de motociclistas;por 100 mil hab.;447,3016
Palmas;2020;TX_INTERN_MOTO;Taxa de internações de motociclistas;por 100 mil hab.;451,524
Palmas;2021;TX_INTERN_MOTO;Taxa de internações de motociclistas;por 100 mil hab.;463,3811
Palmas;2022;TX_INTERN_MOTO;Taxa de internações de motociclistas;por 100 mil hab.;348,8695
Porto Alegre;2008;TX_INTERN_MOTO;Taxa de internações de motociclistas;por 100 mil hab.;26,2894
Porto Alegre;2009;TX_INTERN_MOTO;Taxa de internações de motociclistas;por 100 mil hab.;21,5859
Porto Alegre;2010;TX_INTERN_MOTO;Taxa de internações de motociclistas;por 100 mil hab.;57,4023
Porto Alegre;2011;TX_INTERN_MOTO;Taxa de internações de motociclistas;por 100 mil hab.;50,7397
Porto Alegre;2012;TX_INTERN_MOTO;Taxa de internações de motociclistas;por 100 mil hab.;35,0812
Porto Alegre;2013;TX_INTERN_MOTO;Taxa de internações de motociclistas;por 100 mil hab.;47,758
Porto Alegre;2014;TX_INTERN_MOTO;Taxa de internações de motociclistas;por 100 mil hab.;50,3911
Porto Alegre;2015;TX_INTERN_MOTO;Taxa de internações de motociclistas;por 100 mil hab.;62,7003
Porto Alegre;2016;TX_INTERN_MOTO;Taxa de internações de motociclistas;por 100 mil hab.;58,3382
Porto Alegre;2017;TX_INTERN_MOTO;Taxa de internações de motociclistas;por 100 mil hab.;65,5918
Porto Alegre;2018;TX_INTERN_MOTO;Taxa de internações de motociclistas;por 100 mil hab.;57,1293
Porto Alegre;2019;TX_INTERN_MOTO;Taxa de internações de motociclistas;por 100 mil hab.;59,6453
Porto Alegre;2020;TX_INTERN_MOTO;Taxa de internações de motociclistas;por 100 mil hab.;66,6554
Porto Alegre;2021;TX_INTERN_MOTO;Taxa de internações de motociclistas;por 100 mil hab.;68,6753
Porto Alegre;2022;TX_INTERN_MOTO;Taxa de internações de motociclistas;por 100 mil hab.;71,4409
Porto Velho;2008;TX_INTERN_MOTO;Taxa de internações de motociclistas;por 100 mil hab.;26,3724
Porto Velho;2009;TX_INTERN_MOTO;Taxa de internações de motociclistas;por 100 mil hab.;94,8204
Porto Velho;2010;TX_INTERN_MOTO;Taxa de internações de motociclistas;por 100 mil hab.;117,8456
Porto Velho;2011;TX_INTERN_MOTO;Taxa de internações de motociclistas;por 100 mil hab.;94,0945
Porto Velho;2012;TX_INTERN_MOTO;Taxa de internações de motociclistas;por 100 mil hab.;109,5548
Porto Velho;2013;TX_INTERN_MOTO;Taxa de internações de motociclistas;por 100 mil hab.;155,0541
Porto Velho;2014;TX_INTERN_MOTO;Taxa de internações de motociclistas;por 100 mil hab.;106,4749
Porto Velho;2015;TX_INTERN_MOTO;Taxa de internações de motociclistas;por 100 mil hab.;58,6775
Porto Velho;2016;TX_INTERN_MOTO;Taxa de internações de motociclistas;por 100 mil hab.;108,9553
Porto Velho;2017;TX_INTERN_MOTO;Taxa de internações de motociclistas;por 100 mil hab.;134,9541
Porto Velho;2018;TX_INTERN_MOTO;Taxa de internações de motociclistas;por 100 mil hab.;171,8858
Porto Velho;2019;TX_INTERN_MOTO;Taxa de internações de motociclistas;por 100 mil hab.;120,8587
Porto Velho;2020;TX_INTERN_MOTO;Taxa de internações de motociclistas;por 100 mil hab.;161,3041
Porto Velho;2021;TX_INTERN_MOTO;Taxa de internações de motociclistas;por 100 mil hab.;250,8416
Porto Velho;2022;TX_INTERN_MOTO;Taxa de internações de motociclistas;por 100 mil hab.;249,9929
Recife;2008;TX_INTERN_MOTO;Taxa de internações de motociclistas;por 100 mil hab.;1,0968
Recife;2009;TX_INTERN_MOTO;Taxa de internações de motociclistas;por 100 mil hab.;1,857
Recife;2010;TX_INTERN_MOTO;Taxa de internações de motociclistas;por 100 mil hab.;0,8454
Recife;2011;TX_INTERN_MOTO;Taxa de internações de motociclistas;por 100 mil hab.;2,0692
Recife;2012;TX_INTERN_MOTO;Taxa de internações de motociclistas;por 100 mil hab.;4,6301
Recife;2013;TX_INTERN_MOTO;Taxa de internações de motociclistas;por 100 mil hab.;21,319
Recife;2014;TX_INTERN_MOTO;Taxa de internações de motociclistas;por 100 mil hab.;37,6751
Recife;2015;TX_INTERN_MOTO;Taxa de internações de motociclistas;por 100 mil hab.;27,3933
Recife;2016;TX_INTERN_MOTO;Taxa de internações de motociclistas;por 100 mil hab.;24,6681
Recife;2017;TX_INTERN_MOTO;Taxa de internações de motociclistas;por 100 mil hab.;28,463
Recife;2018;TX_INTERN_MOTO;Taxa de internações de motociclistas;por 100 mil hab.;27,0479
Recife;2019;TX_INTERN_MOTO;Taxa de internações de motociclistas;por 100 mil hab.;32,3869
Recife;2020;TX_INTERN_MOTO;Taxa de internações de motociclistas;por 100 mil hab.;21,5911
Recife;2021;TX_INTERN_MOTO;Taxa de internações de motociclistas;por 100 mil hab.;19,9878
Recife;2022;TX_INTERN_MOTO;Taxa de internações de motociclistas;por 100 mil hab.;30,4247
Rio Branco;2008;TX_INTERN_MOTO;Taxa de internações de motociclistas;por 100 mil hab.;66,689
Rio Branco;2009;TX_INTERN_MOTO;Taxa de internações de motociclistas;por 100 mil hab.;118,6453
Rio Branco;2010;TX_INTERN_MOTO;Taxa de internações de motociclistas;por 100 mil hab.;148,1975
Rio Branco;2011;TX_INTERN_MOTO;Taxa de internações de motociclistas;por 100 mil hab.;148,9925
Rio Branco;2012;TX_INTERN_MOTO;Taxa de internações de motociclistas;por 100 mil hab.;132,0496
Rio Branco;2013;TX_INTERN_MOTO;Taxa de internações de motociclistas;por 100 mil hab.;119,2629
Rio Branco;2014;TX_INTERN_MOTO;Taxa de internações de motociclistas;por 100 mil hab.;124,75
Rio Branco;2015;TX_INTERN_MOTO;Taxa de internações de motociclistas;por 100 mil hab.;133,8551
Rio Branco;2016;TX_INTERN_MOTO;Taxa de internações de motociclistas;por 100 mil hab.;144,8057
Rio Branco;2017;TX_INTERN_MOTO;Taxa de internações de motociclistas;por 100 mil hab.;186,7292
Rio Branco;2018;TX_INTERN_MOTO;Taxa de internações de motociclistas;por 100 mil hab.;202,6648
Rio Branco;2019;TX_INTERN_MOTO;Taxa de internações de motociclistas;por 100 mil hab.;120,2988
Rio Branco;2020;TX_INTERN_MOTO;Taxa de internações de motociclistas;por 100 mil hab.;123,1199
Rio Branco;2021;TX_INTERN_MOTO;Taxa de internações de motociclistas;por 100 mil hab.;90,5944
Rio Branco;2022;TX_INTERN_MOTO;Taxa de internações de motociclistas;por 100 mil hab.;86,9074
Rio de Janeiro;2008;TX_INTERN_MOTO;Taxa de internações de motociclistas;por 100 mil hab.;12,0109
Rio de Janeiro;2009;TX_INTERN_MOTO;Taxa de internações de motociclistas;por 100 mil hab.;16,5839
Rio de Janeiro;2010;TX_INTERN_MOTO;Taxa de internações de motociclistas;por 100 mil hab.;16,4862
Rio de Janeiro;2011;TX_INTERN_MOTO;Taxa de internações de motociclistas;por 100 mil hab.;19,2103
Rio de Janeiro;2012;TX_INTERN_MOTO;Taxa de internações de motociclistas;por 100 mil hab.;20,4686
Rio de Janeiro;2013;TX_INTERN_MOTO;Taxa de internações de motociclistas;por 100 mil hab.;22,9085
Rio de Janeiro;2014;TX_INTERN_MOTO;Taxa de internações de motociclistas;por 100 mil hab.;25,5978
Rio de Janeiro;2015;TX_INTERN_MOTO;Taxa de internações de motociclistas;por 100 mil hab.;24,7814
Rio de Janeiro;2016;TX_INTERN_MOTO;Taxa de internações de motociclistas;por 100 mil hab.;20,9422
Rio de Janeiro;2017;TX_INTERN_MOTO;Taxa de internações de motociclistas;por 100 mil hab.;21,0267
Rio de Janeiro;2018;TX_INTERN_MOTO;Taxa de internações de motociclistas;por 100 mil hab.;18,7773
Rio de Janeiro;2019;TX_INTERN_MOTO;Taxa de internações de motociclistas;por 100 mil hab.;19,3335
Rio de Janeiro;2020;TX_INTERN_MOTO;Taxa de internações de motociclistas;por 100 mil hab.;21,7107
Rio de Janeiro;2021;TX_INTERN_MOTO;Taxa de internações de motociclistas;por 100 mil hab.;24,1013
Rio de Janeiro;2022;TX_INTERN_MOTO;Taxa de internações de motociclistas;por 100 mil hab.;28,7374
Salvador;2008;TX_INTERN_MOTO;Taxa de internações de motociclistas;por 100 mil hab.;33,0312
Salvador;2009;TX_INTERN_MOTO;Taxa de internações de motociclistas;por 100 mil hab.;42,1273
Salvador;2010;TX_INTERN_MOTO;Taxa de internações de motociclistas;por 100 mil hab.;50,3054
Salvador;2011;TX_INTERN_MOTO;Taxa de internações de motociclistas;por 100 mil hab.;54,3881
Salvador;2012;TX_INTERN_MOTO;Taxa de internações de motociclistas;por 100 mil hab.;60,495
Salvador;2013;TX_INTERN_MOTO;Taxa de internações de motociclistas;por 100 mil hab.;50,9071
Salvador;2014;TX_INTERN_MOTO;Taxa de internações de motociclistas;por 100 mil hab.;59,7328
Salvador;2015;TX_INTERN_MOTO;Taxa de internações de motociclistas;por 100 mil hab.;59,9434
Salvador;2016;TX_INTERN_MOTO;Taxa de internações de motociclistas;por 100 mil hab.;60,073
Salvador;2017;TX_INTERN_MOTO;Taxa de internações de motociclistas;por 100 mil hab.;69,4316
Salvador;2018;TX_INTERN_MOTO;Taxa de internações de motociclistas;por 100 mil hab.;73,1452
Salvador;2019;TX_INTERN_MOTO;Taxa de internações de motociclistas;por 100 mil hab.;83,5554
Salvador;2020;TX_INTERN_MOTO;Taxa de internações de motociclistas;por 100 mil hab.;95,2992
Salvador;2021;TX_INTERN_MOTO;Taxa de internações de motociclistas;por 100 mil hab.;102,368
Salvador;2022;TX_INTERN_MOTO;Taxa de internações de motociclistas;por 100 mil hab.;112,324
São Luís;2008;TX_INTERN_MOTO;Taxa de internações de motociclistas;por 100 mil hab.;0,1013
São Luís;2009;TX_INTERN_MOTO;Taxa de internações de motociclistas;por 100 mil hab.;0
São Luís;2010;TX_INTERN_MOTO;Taxa de internações de motociclistas;por 100 mil hab.;0
São Luís;2011;TX_INTERN_MOTO;Taxa de internações de motociclistas;por 100 mil hab.;0,1947
São Luís;2012;TX_INTERN_MOTO;Taxa de internações de motociclistas;por 100 mil hab.;0,1924
São Luís;2013;TX_INTERN_MOTO;Taxa de internações de motociclistas;por 100 mil hab.;0
São Luís;2014;TX_INTERN_MOTO;Taxa de internações de motociclistas;por 100 mil hab.;0,3759
São Luís;2015;TX_INTERN_MOTO;Taxa de internações de motociclistas;por 100 mil hab.;12,9436
São Luís;2016;TX_INTERN_MOTO;Taxa de internações de motociclistas;por 100 mil hab.;30,4727
São Luís;2017;TX_INTERN_MOTO;Taxa de internações de motociclistas;por 100 mil hab.;34,8943
São Luís;2018;TX_INTERN_MOTO;Taxa de internações de motociclistas;por 100 mil hab.;35,6273
São Luís;2019;TX_INTERN_MOTO;Taxa de internações de motociclistas;por 100 mil hab.;23,0514
São Luís;2020;TX_INTERN_MOTO;Taxa de internações de motociclistas;por 100 mil hab.;19,6578
São Luís;2021;TX_INTERN_MOTO;Taxa de internações de motociclistas;por 100 mil hab.;0,8065
São Luís;2022;TX_INTERN_MOTO;Taxa de internações de motociclistas;por 100 mil hab.;0
São Paulo;2008;TX_INTERN_MOTO;Taxa de internações de motociclistas;por 100 mil hab.;39,8535
São Paulo;2009;TX_INTERN_MOTO;Taxa de internações de motociclistas;por 100 mil hab.;44,8196
São Paulo;2010;TX_INTERN_MOTO;Taxa de internações de motociclistas;por 100 mil hab.;49,2202
São Paulo;2011;TX_INTERN_MOTO;Taxa de internações de motociclistas;por 100 mil hab.;53,7198
São Paulo;2012;TX_INTERN_MOTO;Taxa de internações de motociclistas;por 100 mil hab.;48,74
São Paulo;2013;TX_INTERN_MOTO;Taxa de internações de motociclistas;por 100 mil hab.;46,9976
São Paulo;2014;TX_INTERN_MOTO;Taxa de internações de motociclistas;por 100 mil hab.;42,4937
São Paulo;2015;TX_INTERN_MOTO;Taxa de internações de motociclistas;por 100 mil hab.;33,8073
São Paulo;2016;TX_INTERN_MOTO;Taxa de internações de motociclistas;por 100 mil hab.;33,4353
São Paulo;2017;TX_INTERN_MOTO;Taxa de internações de motociclistas;por 100 mil hab.;37,2266
São Paulo;2018;TX_INTERN_MOTO;Taxa de internações de motociclistas;por 100 mil hab.;40,889
São Paulo;2019;TX_INTERN_MOTO;Taxa de internações de motociclistas;por 100 mil hab.;42,9235
São Paulo;2020;TX_INTERN_MOTO;Taxa de internações de motociclistas;por 100 mil hab.;46,0275
São Paulo;2021;TX_INTERN_MOTO;Taxa de internações de motociclistas;por 100 mil hab.;54,161
São Paulo;2022;TX_INTERN_MOTO;Taxa de internações de motociclistas;por 100 mil hab.;61,609
Teresina;2008;TX_INTERN_MOTO;Taxa de internações de motociclistas;por 100 mil hab.;253,4593
Teresina;2009;TX_INTERN_MOTO;Taxa de internações de motociclistas;por 100 mil hab.;114,6365
Teresina;2010;TX_INTERN_MOTO;Taxa de internações de motociclistas;por 100 mil hab.;289,1075
Teresina;2011;TX_INTERN_MOTO;Taxa de internações de motociclistas;por 100 mil hab.;267,035
Teresina;2012;TX_INTERN_MOTO;Taxa de internações de motociclistas;por 100 mil hab.;234,513
Teresina;2013;TX_INTERN_MOTO;Taxa de internações de motociclistas;por 100 mil hab.;483,3378
Teresina;2014;TX_INTERN_MOTO;Taxa de internações de motociclistas;por 100 mil hab.;501,4276
Teresina;2015;TX_INTERN_MOTO;Taxa de internações de motociclistas;por 100 mil hab.;588,9286
Teresina;2016;TX_INTERN_MOTO;Taxa de internações de motociclistas;por 100 mil hab.;666,3677
Teresina;2017;TX_INTERN_MOTO;Taxa de internações de motociclistas;por 100 mil hab.;520,5846
Teresina;2018;TX_INTERN_MOTO;Taxa de internações de motociclistas;por 100 mil hab.;521,6834
Teresina;2019;TX_INTERN_MOTO;Taxa de internações de motociclistas;por 100 mil hab.;529,3434
Teresina;2020;TX_INTERN_MOTO;Taxa de internações de motociclistas;por 100 mil hab.;432,4511
Teresina;2021;TX_INTERN_MOTO;Taxa de internações de motociclistas;por 100 mil hab.;549,5187
Teresina;2022;TX_INTERN_MOTO;Taxa de internações de motociclistas;por 100 mil hab.;446,4966
Vitória;2008;TX_INTERN_MOTO;Taxa de internações de motociclistas;por 100 mil hab.;90,3041
Vitória;2009;TX_INTERN_MOTO;Taxa de internações de motociclistas;por 100 mil hab.;101,513
Vitória;2010;TX_INTERN_MOTO;Taxa de internações de motociclistas;por 100 mil hab.;38,1329
Vitória;2011;TX_INTERN_MOTO;Taxa de internações de motociclistas;por 100 mil hab.;64,4427
Vitória;2012;TX_INTERN_MOTO;Taxa de internações de motociclistas;por 100 mil hab.;95,1489
Vitória;2013;TX_INTERN_MOTO;Taxa de internações de motociclistas;por 100 mil hab.;147,0132
Vitória;2014;TX_INTERN_MOTO;Taxa de internações de motociclistas;por 100 mil hab.;152,5118
Vitória;2015;TX_INTERN_MOTO;Taxa de internações de motociclistas;por 100 mil hab.;211,0292
Vitória;2016;TX_INTERN_MOTO;Taxa de internações de motociclistas;por 100 mil hab.;216,6567
Vitória;2017;TX_INTERN_MOTO;Taxa de internações de motociclistas;por 100 mil hab.;159,718
Vitória;2018;TX_INTERN_MOTO;Taxa de internações de motociclistas;por 100 mil hab.;109,4156
Vitória;2019;TX_INTERN_MOTO;Taxa de internações de motociclistas;por 100 mil hab.;86,4409
Vitória;2020;TX_INTERN_MOTO;Taxa de internações de motociclistas;por 100 mil hab.;125,7329
Vitória;2021;TX_INTERN_MOTO;Taxa de internações de motociclistas;por 100 mil hab.;303,8963
Vitória;2022;TX_INTERN_MOTO;Taxa de internações de motociclistas;por 100 mil hab.;223,6201
Aracaju;2008;TX_INTERN_PED;Taxa de internações de pedestres;por 100 mil hab.;9,501
Aracaju;2009;TX_INTERN_PED;Taxa de internações de pedestres;por 100 mil hab.;16,9106
Aracaju;2010;TX_INTERN_PED;Taxa de internações de pedestres;por 100 mil hab.;8,7543
Aracaju;2011;TX_INTERN_PED;Taxa de internações de pedestres;por 100 mil hab.;7,7645
Aracaju;2012;TX_INTERN_PED;Taxa de internações de pedestres;por 100 mil hab.;4,9345
Aracaju;2013;TX_INTERN_PED;Taxa de internações de pedestres;por 100 mil hab.;7,8102
Aracaju;2014;TX_INTERN_PED;Taxa de internações de pedestres;por 100 mil hab.;9,2984
Aracaju;2015;TX_INTERN_PED;Taxa de internações de pedestres;por 100 mil hab.;22,758
Aracaju;2016;TX_INTERN_PED;Taxa de internações de pedestres;por 100 mil hab.;17,4585
Aracaju;2017;TX_INTERN_PED;Taxa de internações de pedestres;por 100 mil hab.;14,1515
Aracaju;2018;TX_INTERN_PED;Taxa de internações de pedestres;por 100 mil hab.;17,8753
Aracaju;2019;TX_INTERN_PED;Taxa de internações de pedestres;por 100 mil hab.;22,2218
Aracaju;2020;TX_INTERN_PED;Taxa de internações de pedestres;por 100 mil hab.;20,6044
Aracaju;2021;TX_INTERN_PED;Taxa de internações de pedestres;por 100 mil hab.;26,1666
Aracaju;2022;TX_INTERN_PED;Taxa de internações de pedestres;por 100 mil hab.;21,5676
Belém;2008;TX_INTERN_PED;Taxa de internações de pedestres;por 100 mil hab.;0,7724
Belém;2009;TX_INTERN_PED;Taxa de internações de pedestres;por 100 mil hab.;0,1391
Belém;2010;TX_INTERN_PED;Taxa de internações de pedestres;por 100 mil hab.;0,1435
Belém;2011;TX_INTERN_PED;Taxa de internações de pedestres;por 100 mil hab.;0,1426
Belém;2012;TX_INTERN_PED;Taxa de internações de pedestres;por 100 mil hab.;0,1418
Belém;2013;TX_INTERN_PED;Taxa de internações de pedestres;por 100 mil hab.;0
Belém;2014;TX_INTERN_PED;Taxa de internações de pedestres;por 100 mil hab.;0,6979
Belém;2015;TX_INTERN_PED;Taxa de internações de pedestres;por 100 mil hab.;1,6672
Belém;2016;TX_INTERN_PED;Taxa de internações de pedestres;por 100 mil hab.;0,8299
Belém;2017;TX_INTERN_PED;Taxa de internações de pedestres;por 100 mil hab.;2,8232
Belém;2018;TX_INTERN_PED;Taxa de internações de pedestres;por 100 mil hab.;1,0769
Belém;2019;TX_INTERN_PED;Taxa de internações de pedestres;por 100 mil hab.;0,335
Belém;2020;TX_INTERN_PED;Taxa de internações de pedestres;por 100 mil hab.;0,2
Belém;2021;TX_INTERN_PED;Taxa de internações de pedestres;por 100 mil hab.;0,5974
Belém;2022;TX_INTERN_PED;Taxa de internações de pedestres;por 100 mil hab.;1,9181
Belo Horizonte;2008;TX_INTERN_PED;Taxa de internações de pedestres;por 100 mil hab.;35,6522
Belo Horizonte;2009;TX_INTERN_PED;Taxa de internações de pedestres;por 100 mil hab.;36,9809
Belo Horizonte;2010;TX_INTERN_PED;Taxa de internações de pedestres;por 100 mil hab.;37,1345
Belo Horizonte;2011;TX_INTERN_PED;Taxa de internações de pedestres;por 100 mil hab.;47,744
Belo Horizonte;2012;TX_INTERN_PED;Taxa de internações de pedestres;por 100 mil hab.;53,8446
Belo Horizonte;2013;TX_INTERN_PED;Taxa de internações de pedestres;por 100 mil hab.;52,1547
Belo Horizonte;2014;TX_INTERN_PED;Taxa de internações de pedestres;por 100 mil hab.;55,8386
Belo Horizonte;2015;TX_INTERN_PED;Taxa de internações de pedestres;por 100 mil hab.;50,3885
Belo Horizonte;2016;TX_INTERN_PED;Taxa de internações de pedestres;por 100 mil hab.;43,2473
Belo Horizonte;2017;TX_INTERN_PED;Taxa de internações de pedestres;por 100 mil hab.;40,9304
Belo Horizonte;2018;TX_INTERN_PED;Taxa de internações de pedestres;por 100 mil hab.;36,497
Belo Horizonte;2019;TX_INTERN_PED;Taxa de internações de pedestres;por 100 mil hab.;39,967
Belo Horizonte;2020;TX_INTERN_PED;Taxa de internações de pedestres;por 100 mil hab.;36,0887
Belo Horizonte;2021;TX_INTERN_PED;Taxa de internações de pedestres;por 100 mil hab.;36,5511
Belo Horizonte;2022;TX_INTERN_PED;Taxa de internações de pedestres;por 100 mil hab.;56,5306
Boa Vista;2008;TX_INTERN_PED;Taxa de internações de pedestres;por 100 mil hab.;9,9644
Boa Vista;2009;TX_INTERN_PED;Taxa de internações de pedestres;por 100 mil hab.;27,7256
Boa Vista;2010;TX_INTERN_PED;Taxa de internações de pedestres;por 100 mil hab.;31,6553
Boa Vista;2011;TX_INTERN_PED;Taxa de internações de pedestres;por 100 mil hab.;23,0446
Boa Vista;2012;TX_INTERN_PED;Taxa de internações de pedestres;por 100 mil hab.;71,7271
Boa Vista;2013;TX_INTERN_PED;Taxa de internações de pedestres;por 100 mil hab.;156,6363
Boa Vista;2014;TX_INTERN_PED;Taxa de internações de pedestres;por 100 mil hab.;126,3893
Boa Vista;2015;TX_INTERN_PED;Taxa de internações de pedestres;por 100 mil hab.;106,9489
Boa Vista;2016;TX_INTERN_PED;Taxa de internações de pedestres;por 100 mil hab.;215,061
Boa Vista;2017;TX_INTERN_PED;Taxa de internações de pedestres;por 100 mil hab.;768,026
Boa Vista;2018;TX_INTERN_PED;Taxa de internações de pedestres;por 100 mil hab.;476,0585
Boa Vista;2019;TX_INTERN_PED;Taxa de internações de pedestres;por 100 mil hab.;454,394
Boa Vista;2020;TX_INTERN_PED;Taxa de internações de pedestres;por 100 mil hab.;296,6744
Boa Vista;2021;TX_INTERN_PED;Taxa de internações de pedestres;por 100 mil hab.;84,5185
Boa Vista;2022;TX_INTERN_PED;Taxa de internações de pedestres;por 100 mil hab.;38,9372
Brasília;2008;TX_INTERN_PED;Taxa de internações de pedestres;por 100 mil hab.;15,4859
Brasília;2009;TX_INTERN_PED;Taxa de internações de pedestres;por 100 mil hab.;15,2673
Brasília;2010;TX_INTERN_PED;Taxa de internações de pedestres;por 100 mil hab.;16,6916
Brasília;2011;TX_INTERN_PED;Taxa de internações de pedestres;por 100 mil hab.;13,7548
Brasília;2012;TX_INTERN_PED;Taxa de internações de pedestres;por 100 mil hab.;7,9289
Brasília;2013;TX_INTERN_PED;Taxa de internações de pedestres;por 100 mil hab.;6,8465
Brasília;2014;TX_INTERN_PED;Taxa de internações de pedestres;por 100 mil hab.;6,5559
Brasília;2015;TX_INTERN_PED;Taxa de internações de pedestres;por 100 mil hab.;6,141
Brasília;2016;TX_INTERN_PED;Taxa de internações de pedestres;por 100 mil hab.;10,7483
Brasília;2017;TX_INTERN_PED;Taxa de internações de pedestres;por 100 mil hab.;8,8503
Brasília;2018;TX_INTERN_PED;Taxa de internações de pedestres;por 100 mil hab.;17,2454
Brasília;2019;TX_INTERN_PED;Taxa de internações de pedestres;por 100 mil hab.;19,8987
Brasília;2020;TX_INTERN_PED;Taxa de internações de pedestres;por 100 mil hab.;17,6751
Brasília;2021;TX_INTERN_PED;Taxa de internações de pedestres;por 100 mil hab.;18,1946
Brasília;2022;TX_INTERN_PED;Taxa de internações de pedestres;por 100 mil hab.;26,091
Campo Grande;2008;TX_INTERN_PED;Taxa de internações de pedestres;por 100 mil hab.;0,1338
Campo Grande;2009;TX_INTERN_PED;Taxa de internações de pedestres;por 100 mil hab.;0,1324
Campo Grande;2010;TX_INTERN_PED;Taxa de internações de pedestres;por 100 mil hab.;0
Campo Grande;2011;TX_INTERN_PED;Taxa de internações de pedestres;por 100 mil hab.;13,5635
Campo Grande;2012;TX_INTERN_PED;Taxa de internações de pedestres;por 100 mil hab.;19,4935
Campo Grande;2013;TX_INTERN_PED;Taxa de internações de pedestres;por 100 mil hab.;8,6502
Campo Grande;2014;TX_INTERN_PED;Taxa de internações de pedestres;por 100 mil hab.;2,9652
Campo Grande;2015;TX_INTERN_PED;Taxa de internações de pedestres;por 100 mil hab.;0,5857
Campo Grande;2016;TX_INTERN_PED;Taxa de internações de pedestres;por 100 mil hab.;1,7361
Campo Grande;2017;TX_INTERN_PED;Taxa de internações de pedestres;por 100 mil hab.;1,4871
Campo Grande;2018;TX_INTERN_PED;Taxa de internações de pedestres;por 100 mil hab.;14,5646
Campo Grande;2019;TX_INTERN_PED;Taxa de internações de pedestres;por 100 mil hab.;18,3039
Campo Grande;2020;TX_INTERN_PED;Taxa de internações de pedestres;por 100 mil hab.;19,7552
Campo Grande;2021;TX_INTERN_PED;Taxa de internações de pedestres;por 100 mil hab.;19,869
Campo Grande;2022;TX_INTERN_PED;Taxa de internações de pedestres;por 100 mil hab.;20,6028
Cuiabá;2008;TX_INTERN_PED;Taxa de internações de pedestres;por 100 mil hab.;2,3865
Cuiabá;2009;TX_INTERN_PED;Taxa de internações de pedestres;por 100 mil hab.;2,3612
Cuiabá;2010;TX_INTERN_PED;Taxa de internações de pedestres;por 100 mil hab.;6,1695
Cuiabá;2011;TX_INTERN_PED;Taxa de internações de pedestres;por 100 mil hab.;8,0892
Cuiabá;2012;TX_INTERN_PED;Taxa de internações de pedestres;por 100 mil hab.;14,43
Cuiabá;2013;TX_INTERN_PED;Taxa de internações de pedestres;por 100 mil hab.;25,7972
Cuiabá;2014;TX_INTERN_PED;Taxa de internações de pedestres;por 100 mil hab.;82,366
Cuiabá;2015;TX_INTERN_PED;Taxa de internações de pedestres;por 100 mil hab.;53,5755
Cuiabá;2016;TX_INTERN_PED;Taxa de internações de pedestres;por 100 mil hab.;113,7748
Cuiabá;2017;TX_INTERN_PED;Taxa de internações de pedestres;por 100 mil hab.;92,5239
Cuiabá;2018;TX_INTERN_PED;Taxa de internações de pedestres;por 100 mil hab.;84,328
Cuiabá;2019;TX_INTERN_PED;Taxa de internações de pedestres;por 100 mil hab.;48,8126
Cuiabá;2020;TX_INTERN_PED;Taxa de internações de pedestres;por 100 mil hab.;7,1183
Cuiabá;2021;TX_INTERN_PED;Taxa de internações de pedestres;por 100 mil hab.;4,49
Cuiabá;2022;TX_INTERN_PED;Taxa de internações de pedestres;por 100 mil hab.;6,2989
Curitiba;2008;TX_INTERN_PED;Taxa de internações de pedestres;por 100 mil hab.;4,4855
Curitiba;2009;TX_INTERN_PED;Taxa de internações de pedestres;por 100 mil hab.;6,4822
Curitiba;2010;TX_INTERN_PED;Taxa de internações de pedestres;por 100 mil hab.;6,9638
Curitiba;2011;TX_INTERN_PED;Taxa de internações de pedestres;por 100 mil hab.;7,8774
Curitiba;2012;TX_INTERN_PED;Taxa de internações de pedestres;por 100 mil hab.;9,0614
Curitiba;2013;TX_INTERN_PED;Taxa de internações de pedestres;por 100 mil hab.;5,4626
Curitiba;2014;TX_INTERN_PED;Taxa de internações de pedestres;por 100 mil hab.;9,7618
Curitiba;2015;TX_INTERN_PED;Taxa de internações de pedestres;por 100 mil hab.;5,6402
Curitiba;2016;TX_INTERN_PED;Taxa de internações de pedestres;por 100 mil hab.;5,0158
Curitiba;2017;TX_INTERN_PED;Taxa de internações de pedestres;por 100 mil hab.;8,3318
Curitiba;2018;TX_INTERN_PED;Taxa de internações de pedestres;por 100 mil hab.;8,9193
Curitiba;2019;TX_INTERN_PED;Taxa de internações de pedestres;por 100 mil hab.;6,8284
Curitiba;2020;TX_INTERN_PED;Taxa de internações de pedestres;por 100 mil hab.;6,774
Curitiba;2021;TX_INTERN_PED;Taxa de internações de pedestres;por 100 mil hab.;6,009
Curitiba;2022;TX_INTERN_PED;Taxa de internações de pedestres;por 100 mil hab.;4,7358
Florianópolis;2008;TX_INTERN_PED;Taxa de internações de pedestres;por 100 mil hab.;27,3398
Florianópolis;2009;TX_INTERN_PED;Taxa de internações de pedestres;por 100 mil hab.;19,3551
Florianópolis;2010;TX_INTERN_PED;Taxa de internações de pedestres;por 100 mil hab.;14,9558
Florianópolis;2011;TX_INTERN_PED;Taxa de internações de pedestres;por 100 mil hab.;10,0632
Florianópolis;2012;TX_INTERN_PED;Taxa de internações de pedestres;por 100 mil hab.;6,4642
Florianópolis;2013;TX_INTERN_PED;Taxa de internações de pedestres;por 100 mil hab.;4,8535
Florianópolis;2014;TX_INTERN_PED;Taxa de internações de pedestres;por 100 mil hab.;4,9835
Florianópolis;2015;TX_INTERN_PED;Taxa de internações de pedestres;por 100 mil hab.;3,6194
Florianópolis;2016;TX_INTERN_PED;Taxa de internações de pedestres;por 100 mil hab.;1,2558
Florianópolis;2017;TX_INTERN_PED;Taxa de internações de pedestres;por 100 mil hab.;1,4408
Florianópolis;2018;TX_INTERN_PED;Taxa de internações de pedestres;por 100 mil hab.;2,637
Florianópolis;2019;TX_INTERN_PED;Taxa de internações de pedestres;por 100 mil hab.;2,9942
Florianópolis;2020;TX_INTERN_PED;Taxa de internações de pedestres;por 100 mil hab.;0,1965
Florianópolis;2021;TX_INTERN_PED;Taxa de internações de pedestres;por 100 mil hab.;0
Florianópolis;2022;TX_INTERN_PED;Taxa de internações de pedestres;por 100 mil hab.;0
Fortaleza;2008;TX_INTERN_PED;Taxa de internações de pedestres;por 100 mil hab.;81,1768
Fortaleza;2009;TX_INTERN_PED;Taxa de internações de pedestres;por 100 mil hab.;94,7496
Fortaleza;2010;TX_INTERN_PED;Taxa de internações de pedestres;por 100 mil hab.;138,3664
Fortaleza;2011;TX_INTERN_PED;Taxa de internações de pedestres;por 100 mil hab.;130,9059
Fortaleza;2012;TX_INTERN_PED;Taxa de internações de pedestres;por 100 mil hab.;124,6303
Fortaleza;2013;TX_INTERN_PED;Taxa de internações de pedestres;por 100 mil hab.;97,9306
Fortaleza;2014;TX_INTERN_PED;Taxa de internações de pedestres;por 100 mil hab.;120,6892
Fortaleza;2015;TX_INTERN_PED;Taxa de internações de pedestres;por 100 mil hab.;86,9871
Fortaleza;2016;TX_INTERN_PED;Taxa de internações de pedestres;por 100 mil hab.;67,287
Fortaleza;2017;TX_INTERN_PED;Taxa de internações de pedestres;por 100 mil hab.;59,1821
Fortaleza;2018;TX_INTERN_PED;Taxa de internações de pedestres;por 100 mil hab.;67,4927
Fortaleza;2019;TX_INTERN_PED;Taxa de internações de pedestres;por 100 mil hab.;68,1067
Fortaleza;2020;TX_INTERN_PED;Taxa de internações de pedestres;por 100 mil hab.;41,3904
Fortaleza;2021;TX_INTERN_PED;Taxa de internações de pedestres;por 100 mil hab.;34,6232
Fortaleza;2022;TX_INTERN_PED;Taxa de internações de pedestres;por 100 mil hab.;43,8098
Goiânia;2008;TX_INTERN_PED;Taxa de internações de pedestres;por 100 mil hab.;12,2492
Goiânia;2009;TX_INTERN_PED;Taxa de internações de pedestres;por 100 mil hab.;25,3515
Goiânia;2010;TX_INTERN_PED;Taxa de internações de pedestres;por 100 mil hab.;23,2719
Goiânia;2011;TX_INTERN_PED;Taxa de internações de pedestres;por 100 mil hab.;36,1112
Goiânia;2012;TX_INTERN_PED;Taxa de internações de pedestres;por 100 mil hab.;33,5141
Goiânia;2013;TX_INTERN_PED;Taxa de internações de pedestres;por 100 mil hab.;28,4161
Goiânia;2014;TX_INTERN_PED;Taxa de internações de pedestres;por 100 mil hab.;30,3038
Goiânia;2015;TX_INTERN_PED;Taxa de internações de pedestres;por 100 mil hab.;55,1479
Goiânia;2016;TX_INTERN_PED;Taxa de internações de pedestres;por 100 mil hab.;95,8141
Goiânia;2017;TX_INTERN_PED;Taxa de internações de pedestres;por 100 mil hab.;90,6484
Goiânia;2018;TX_INTERN_PED;Taxa de internações de pedestres;por 100 mil hab.;95,6071
Goiânia;2019;TX_INTERN_PED;Taxa de internações de pedestres;por 100 mil hab.;146,9547
Goiânia;2020;TX_INTERN_PED;Taxa de internações de pedestres;por 100 mil hab.;199,3364
Goiânia;2021;TX_INTERN_PED;Taxa de internações de pedestres;por 100 mil hab.;417,0025
Goiânia;2022;TX_INTERN_PED;Taxa de internações de pedestres;por 100 mil hab.;710,8083
João Pessoa;2008;TX_INTERN_PED;Taxa de internações de pedestres;por 100 mil hab.;31,0209
João Pessoa;2009;TX_INTERN_PED;Taxa de internações de pedestres;por 100 mil hab.;29,7621
João Pessoa;2010;TX_INTERN_PED;Taxa de internações de pedestres;por 100 mil hab.;27,3664
João Pessoa;2011;TX_INTERN_PED;Taxa de internações de pedestres;por 100 mil hab.;18,4136
João Pessoa;2012;TX_INTERN_PED;Taxa de internações de pedestres;por 100 mil hab.;21,2801
João Pessoa;2013;TX_INTERN_PED;Taxa de internações de pedestres;por 100 mil hab.;16,1121
João Pessoa;2014;TX_INTERN_PED;Taxa de internações de pedestres;por 100 mil hab.;19,4688
João Pessoa;2015;TX_INTERN_PED;Taxa de internações de pedestres;por 100 mil hab.;26,0286
João Pessoa;2016;TX_INTERN_PED;Taxa de internações de pedestres;por 100 mil hab.;14,8431
João Pessoa;2017;TX_INTERN_PED;Taxa de internações de pedestres;por 100 mil hab.;14,9089
João Pessoa;2018;TX_INTERN_PED;Taxa de internações de pedestres;por 100 mil hab.;23,3656
João Pessoa;2019;TX_INTERN_PED;Taxa de internações de pedestres;por 100 mil hab.;28,9241
João Pessoa;2020;TX_INTERN_PED;Taxa de internações de pedestres;por 100 mil hab.;24,7091
João Pessoa;2021;TX_INTERN_PED;Taxa de internações de pedestres;por 100 mil hab.;30,2738
João Pessoa;2022;TX_INTERN_PED;Taxa de internações de pedestres;por 100 mil hab.;42,0898
Macapá;2008;TX_INTERN_PED;Taxa de internações de pedestres;por 100 mil hab.;27,2964
Macapá;2009;TX_INTERN_PED;Taxa de internações de pedestres;por 100 mil hab.;15,5532
Macapá;2010;TX_INTERN_PED;Taxa de internações de pedestres;por 100 mil hab.;23,8571
Macapá;2011;TX_INTERN_PED;Taxa de internações de pedestres;por 100 mil hab.;11,3016
Macapá;2012;TX_INTERN_PED;Taxa de internações de pedestres;por 100 mil hab.;32,4868
Macapá;2013;TX_INTERN_PED;Taxa de internações de pedestres;por 100 mil hab.;72,4976
Macapá;2014;TX_INTERN_PED;Taxa de internações de pedestres;por 100 mil hab.;88,8626
Macapá;2015;TX_INTERN_PED;Taxa de internações de pedestres;por 100 mil hab.;31,3479
Macapá;2016;TX_INTERN_PED;Taxa de internações de pedestres;por 100 mil hab.;19,1194
Macapá;2017;TX_INTERN_PED;Taxa de internações de pedestres;por 100 mil hab.;14,746
Macapá;2018;TX_INTERN_PED;Taxa de internações de pedestres;por 100 mil hab.;47,201
Macapá;2019;TX_INTERN_PED;Taxa de internações de pedestres;por 100 mil hab.;32,1858
Macapá;2020;TX_INTERN_PED;Taxa de internações de pedestres;por 100 mil hab.;24,7611
Macapá;2021;TX_INTERN_PED;Taxa de internações de pedestres;por 100 mil hab.;1,723
Macapá;2022;TX_INTERN_PED;Taxa de internações de pedestres;por 100 mil hab.;7,4503
Maceió;2008;TX_INTERN_PED;Taxa de internações de pedestres;por 100 mil hab.;11,6865
Maceió;2009;TX_INTERN_PED;Taxa de internações de pedestres;por 100 mil hab.;13,0298
Maceió;2010;TX_INTERN_PED;Taxa de internações de pedestres;por 100 mil hab.;4,2884
Maceió;2011;TX_INTERN_PED;Taxa de internações de pedestres;por 100 mil hab.;3,9232
Maceió;2012;TX_INTERN_PED;Taxa de internações de pedestres;por 100 mil hab.;24,439
Maceió;2013;TX_INTERN_PED;Taxa de internações de pedestres;por 100 mil hab.;28,2924
Maceió;2014;TX_INTERN_PED;Taxa de internações de pedestres;por 100 mil hab.;11,2402
Maceió;2015;TX_INTERN_PED;Taxa de internações de pedestres;por 100 mil hab.;1,0851
Maceió;2016;TX_INTERN_PED;Taxa de internações de pedestres;por 100 mil hab.;1,0766
Maceió;2017;TX_INTERN_PED;Taxa de internações de pedestres;por 100 mil hab.;0,1943
Maceió;2018;TX_INTERN_PED;Taxa de internações de pedestres;por 100 mil hab.;0,0988
Maceió;2019;TX_INTERN_PED;Taxa de internações de pedestres;por 100 mil hab.;0
Maceió;2020;TX_INTERN_PED;Taxa de internações de pedestres;por 100 mil hab.;0
Maceió;2021;TX_INTERN_PED;Taxa de internações de pedestres;por 100 mil hab.;0,1939
Maceió;2022;TX_INTERN_PED;Taxa de internações de pedestres;por 100 mil hab.;0,2088
Manaus;2008;TX_INTERN_PED;Taxa de internações de pedestres;por 100 mil hab.;0,5851
Manaus;2009;TX_INTERN_PED;Taxa de internações de pedestres;por 100 mil hab.;0,4026
Manaus;2010;TX_INTERN_PED;Taxa de internações de pedestres;por 100 mil hab.;0,6659
Manaus;2011;TX_INTERN_PED;Taxa de internações de pedestres;por 100 mil hab.;2,0738
Manaus;2012;TX_INTERN_PED;Taxa de internações de pedestres;por 100 mil hab.;4,0283
Manaus;2013;TX_INTERN_PED;Taxa de internações de pedestres;por 100 mil hab.;0,3531
Manaus;2014;TX_INTERN_PED;Taxa de internações de pedestres;por 100 mil hab.;4,6528
Manaus;2015;TX_INTERN_PED;Taxa de internações de pedestres;por 100 mil hab.;2,9645
Manaus;2016;TX_INTERN_PED;Taxa de internações de pedestres;por 100 mil hab.;8,6899
Manaus;2017;TX_INTERN_PED;Taxa de internações de pedestres;por 100 mil hab.;0,9858
Manaus;2018;TX_INTERN_PED;Taxa de internações de pedestres;por 100 mil hab.;0,0466
Manaus;2019;TX_INTERN_PED;Taxa de internações de pedestres;por 100 mil hab.;1,0079
Manaus;2020;TX_INTERN_PED;Taxa de internações de pedestres;por 100 mil hab.;1,7571
Manaus;2021;TX_INTERN_PED;Taxa de internações de pedestres;por 100 mil hab.;1,7288
Manaus;2022;TX_INTERN_PED;Taxa de internações de pedestres;por 100 mil hab.;2,2292
Natal;2008;TX_INTERN_PED;Taxa de internações de pedestres;por 100 mil hab.;25,311
Natal;2009;TX_INTERN_PED;Taxa de internações de pedestres;por 100 mil hab.;30,1413
Natal;2010;TX_INTERN_PED;Taxa de internações de pedestres;por 100 mil hab.;39,6895
Natal;2011;TX_INTERN_PED;Taxa de internações de pedestres;por 100 mil hab.;30,0945
Natal;2012;TX_INTERN_PED;Taxa de internações de pedestres;por 100 mil hab.;22,1382
Natal;2013;TX_INTERN_PED;Taxa de internações de pedestres;por 100 mil hab.;16,5119
Natal;2014;TX_INTERN_PED;Taxa de internações de pedestres;por 100 mil hab.;38,2811
Natal;2015;TX_INTERN_PED;Taxa de internações de pedestres;por 100 mil hab.;18,0469
Natal;2016;TX_INTERN_PED;Taxa de internações de pedestres;por 100 mil hab.;16,6351
Natal;2017;TX_INTERN_PED;Taxa de internações de pedestres;por 100 mil hab.;22,1424
Natal;2018;TX_INTERN_PED;Taxa de internações de pedestres;por 100 mil hab.;18,9144
Natal;2019;TX_INTERN_PED;Taxa de internações de pedestres;por 100 mil hab.;32,4616
Natal;2020;TX_INTERN_PED;Taxa de internações de pedestres;por 100 mil hab.;26,9518
Natal;2021;TX_INTERN_PED;Taxa de internações de pedestres;por 100 mil hab.;25,4263
Natal;2022;TX_INTERN_PED;Taxa de internações de pedestres;por 100 mil hab.;37,4018
Palmas;2008;TX_INTERN_PED;Taxa de internações de pedestres;por 100 mil hab.;0
Palmas;2009;TX_INTERN_PED;Taxa de internações de pedestres;por 100 mil hab.;0
Palmas;2010;TX_INTERN_PED;Taxa de internações de pedestres;por 100 mil hab.;0
Palmas;2011;TX_INTERN_PED;Taxa de internações de pedestres;por 100 mil hab.;1,6998
Palmas;2012;TX_INTERN_PED;Taxa de internações de pedestres;por 100 mil hab.;0,4131
Palmas;2013;TX_INTERN_PED;Taxa de internações de pedestres;por 100 mil hab.;0,7755
Palmas;2014;TX_INTERN_PED;Taxa de internações de pedestres;por 100 mil hab.;18,0853
Palmas;2015;TX_INTERN_PED;Taxa de internações de pedestres;por 100 mil hab.;20,9001
Palmas;2016;TX_INTERN_PED;Taxa de internações de pedestres;por 100 mil hab.;23,9409
Palmas;2017;TX_INTERN_PED;Taxa de internações de pedestres;por 100 mil hab.;15,6911
Palmas;2018;TX_INTERN_PED;Taxa de internações de pedestres;por 100 mil hab.;10,2791
Palmas;2019;TX_INTERN_PED;Taxa de internações de pedestres;por 100 mil hab.;22,7328
Palmas;2020;TX_INTERN_PED;Taxa de internações de pedestres;por 100 mil hab.;18,9359
Palmas;2021;TX_INTERN_PED;Taxa de internações de pedestres;por 100 mil hab.;18,8288
Palmas;2022;TX_INTERN_PED;Taxa de internações de pedestres;por 100 mil hab.;9,2503
Porto Alegre;2008;TX_INTERN_PED;Taxa de internações de pedestres;por 100 mil hab.;53,0682
Porto Alegre;2009;TX_INTERN_PED;Taxa de internações de pedestres;por 100 mil hab.;42,5451
Porto Alegre;2010;TX_INTERN_PED;Taxa de internações de pedestres;por 100 mil hab.;68,826
Porto Alegre;2011;TX_INTERN_PED;Taxa de internações de pedestres;por 100 mil hab.;76,428
Porto Alegre;2012;TX_INTERN_PED;Taxa de internações de pedestres;por 100 mil hab.;54,7746
Porto Alegre;2013;TX_INTERN_PED;Taxa de internações de pedestres;por 100 mil hab.;27,3195
Porto Alegre;2014;TX_INTERN_PED;Taxa de internações de pedestres;por 100 mil hab.;27,4367
Porto Alegre;2015;TX_INTERN_PED;Taxa de internações de pedestres;por 100 mil hab.;29,8605
Porto Alegre;2016;TX_INTERN_PED;Taxa de internações de pedestres;por 100 mil hab.;28,9665
Porto Alegre;2017;TX_INTERN_PED;Taxa de internações de pedestres;por 100 mil hab.;28,6207
Porto Alegre;2018;TX_INTERN_PED;Taxa de internações de pedestres;por 100 mil hab.;27,0435
Porto Alegre;2019;TX_INTERN_PED;Taxa de internações de pedestres;por 100 mil hab.;27,0931
Porto Alegre;2020;TX_INTERN_PED;Taxa de internações de pedestres;por 100 mil hab.;20,4266
Porto Alegre;2021;TX_INTERN_PED;Taxa de internações de pedestres;por 100 mil hab.;21,4401
Porto Alegre;2022;TX_INTERN_PED;Taxa de internações de pedestres;por 100 mil hab.;24,6891
Porto Velho;2008;TX_INTERN_PED;Taxa de internações de pedestres;por 100 mil hab.;24,2626
Porto Velho;2009;TX_INTERN_PED;Taxa de internações de pedestres;por 100 mil hab.;78,8864
Porto Velho;2010;TX_INTERN_PED;Taxa de internações de pedestres;por 100 mil hab.;123,9128
Porto Velho;2011;TX_INTERN_PED;Taxa de internações de pedestres;por 100 mil hab.;34,4248
Porto Velho;2012;TX_INTERN_PED;Taxa de internações de pedestres;por 100 mil hab.;11,972
Porto Velho;2013;TX_INTERN_PED;Taxa de internações de pedestres;por 100 mil hab.;11,1342
Porto Velho;2014;TX_INTERN_PED;Taxa de internações de pedestres;por 100 mil hab.;14,7769
Porto Velho;2015;TX_INTERN_PED;Taxa de internações de pedestres;por 100 mil hab.;15,1169
Porto Velho;2016;TX_INTERN_PED;Taxa de internações de pedestres;por 100 mil hab.;14,8664
Porto Velho;2017;TX_INTERN_PED;Taxa de internações de pedestres;por 100 mil hab.;14,2462
Porto Velho;2018;TX_INTERN_PED;Taxa de internações de pedestres;por 100 mil hab.;20,403
Porto Velho;2019;TX_INTERN_PED;Taxa de internações de pedestres;por 100 mil hab.;15,8627
Porto Velho;2020;TX_INTERN_PED;Taxa de internações de pedestres;por 100 mil hab.;48,762
Porto Velho;2021;TX_INTERN_PED;Taxa de internações de pedestres;por 100 mil hab.;29,8751
Porto Velho;2022;TX_INTERN_PED;Taxa de internações de pedestres;por 100 mil hab.;23,8916
Recife;2008;TX_INTERN_PED;Taxa de internações de pedestres;por 100 mil hab.;3,2904
Recife;2009;TX_INTERN_PED;Taxa de internações de pedestres;por 100 mil hab.;3,0737
Recife;2010;TX_INTERN_PED;Taxa de internações de pedestres;por 100 mil hab.;2,2761
Recife;2011;TX_INTERN_PED;Taxa de internações de pedestres;por 100 mil hab.;1,3579
Recife;2012;TX_INTERN_PED;Taxa de internações de pedestres;por 100 mil hab.;43,0857
Recife;2013;TX_INTERN_PED;Taxa de internações de pedestres;por 100 mil hab.;173,7404
Recife;2014;TX_INTERN_PED;Taxa de internações de pedestres;por 100 mil hab.;10,2581
Recife;2015;TX_INTERN_PED;Taxa de internações de pedestres;por 100 mil hab.;10,8213
Recife;2016;TX_INTERN_PED;Taxa de internações de pedestres;por 100 mil hab.;7,0744
Recife;2017;TX_INTERN_PED;Taxa de internações de pedestres;por 100 mil hab.;10,8343
Recife;2018;TX_INTERN_PED;Taxa de internações de pedestres;por 100 mil hab.;11,7228
Recife;2019;TX_INTERN_PED;Taxa de internações de pedestres;por 100 mil hab.;9,0537
Recife;2020;TX_INTERN_PED;Taxa de internações de pedestres;por 100 mil hab.;4,0521
Recife;2021;TX_INTERN_PED;Taxa de internações de pedestres;por 100 mil hab.;3,4918
Recife;2022;TX_INTERN_PED;Taxa de internações de pedestres;por 100 mil hab.;3,2238
Rio Branco;2008;TX_INTERN_PED;Taxa de internações de pedestres;por 100 mil hab.;33,8422
Rio Branco;2009;TX_INTERN_PED;Taxa de internações de pedestres;por 100 mil hab.;37,5874
Rio Branco;2010;TX_INTERN_PED;Taxa de internações de pedestres;por 100 mil hab.;28,2706
Rio Branco;2011;TX_INTERN_PED;Taxa de internações de pedestres;por 100 mil hab.;35,9335
Rio Branco;2012;TX_INTERN_PED;Taxa de internações de pedestres;por 100 mil hab.;29,8547
Rio Branco;2013;TX_INTERN_PED;Taxa de internações de pedestres;por 100 mil hab.;29,6758
Rio Branco;2014;TX_INTERN_PED;Taxa de internações de pedestres;por 100 mil hab.;24,4554
Rio Branco;2015;TX_INTERN_PED;Taxa de internações de pedestres;por 100 mil hab.;17,8114
Rio Branco;2016;TX_INTERN_PED;Taxa de internações de pedestres;por 100 mil hab.;16,9736
Rio Branco;2017;TX_INTERN_PED;Taxa de internações de pedestres;por 100 mil hab.;13,3005
Rio Branco;2018;TX_INTERN_PED;Taxa de internações de pedestres;por 100 mil hab.;8,2262
Rio Branco;2019;TX_INTERN_PED;Taxa de internações de pedestres;por 100 mil hab.;16,2035
Rio Branco;2020;TX_INTERN_PED;Taxa de internações de pedestres;por 100 mil hab.;12,82
Rio Branco;2021;TX_INTERN_PED;Taxa de internações de pedestres;por 100 mil hab.;7,8674
Rio Branco;2022;TX_INTERN_PED;Taxa de internações de pedestres;por 100 mil hab.;12,6112
Rio de Janeiro;2008;TX_INTERN_PED;Taxa de internações de pedestres;por 100 mil hab.;48,2386
Rio de Janeiro;2009;TX_INTERN_PED;Taxa de internações de pedestres;por 100 mil hab.;46,3089
Rio de Janeiro;2010;TX_INTERN_PED;Taxa de internações de pedestres;por 100 mil hab.;42,6394
Rio de Janeiro;2011;TX_INTERN_PED;Taxa de internações de pedestres;por 100 mil hab.;54,2169
Rio de Janeiro;2012;TX_INTERN_PED;Taxa de internações de pedestres;por 100 mil hab.;56,8988
Rio de Janeiro;2013;TX_INTERN_PED;Taxa de internações de pedestres;por 100 mil hab.;67,9635
Rio de Janeiro;2014;TX_INTERN_PED;Taxa de internações de pedestres;por 100 mil hab.;54,6045
Rio de Janeiro;2015;TX_INTERN_PED;Taxa de internações de pedestres;por 100 mil hab.;24,4263
Rio de Janeiro;2016;TX_INTERN_PED;Taxa de internações de pedestres;por 100 mil hab.;13,9256
Rio de Janeiro;2017;TX_INTERN_PED;Taxa de internações de pedestres;por 100 mil hab.;12,9136
Rio de Janeiro;2018;TX_INTERN_PED;Taxa de internações de pedestres;por 100 mil hab.;12,0797
Rio de Janeiro;2019;TX_INTERN_PED;Taxa de internações de pedestres;por 100 mil hab.;9,9272
Rio de Janeiro;2020;TX_INTERN_PED;Taxa de internações de pedestres;por 100 mil hab.;6,98
Rio de Janeiro;2021;TX_INTERN_PED;Taxa de internações de pedestres;por 100 mil hab.;6,981
Rio de Janeiro;2022;TX_INTERN_PED;Taxa de internações de pedestres;por 100 mil hab.;10,8993
Salvador;2008;TX_INTERN_PED;Taxa de internações de pedestres;por 100 mil hab.;20,5852
Salvador;2009;TX_INTERN_PED;Taxa de internações de pedestres;por 100 mil hab.;22,2811
Salvador;2010;TX_INTERN_PED;Taxa de internações de pedestres;por 100 mil hab.;24,3305
Salvador;2011;TX_INTERN_PED;Taxa de internações de pedestres;por 100 mil hab.;20,5301
Salvador;2012;TX_INTERN_PED;Taxa de internações de pedestres;por 100 mil hab.;16,1197
Salvador;2013;TX_INTERN_PED;Taxa de internações de pedestres;por 100 mil hab.;17,8244
Salvador;2014;TX_INTERN_PED;Taxa de internações de pedestres;por 100 mil hab.;21,0477
Salvador;2015;TX_INTERN_PED;Taxa de internações de pedestres;por 100 mil hab.;16,398
Salvador;2016;TX_INTERN_PED;Taxa de internações de pedestres;por 100 mil hab.;18,8558
Salvador;2017;TX_INTERN_PED;Taxa de internações de pedestres;por 100 mil hab.;21,7672
Salvador;2018;TX_INTERN_PED;Taxa de internações de pedestres;por 100 mil hab.;34,6827
Salvador;2019;TX_INTERN_PED;Taxa de internações de pedestres;por 100 mil hab.;50,3421
Salvador;2020;TX_INTERN_PED;Taxa de internações de pedestres;por 100 mil hab.;32,2514
Salvador;2021;TX_INTERN_PED;Taxa de internações de pedestres;por 100 mil hab.;28,4451
Salvador;2022;TX_INTERN_PED;Taxa de internações de pedestres;por 100 mil hab.;31,5549
São Luís;2008;TX_INTERN_PED;Taxa de internações de pedestres;por 100 mil hab.;324,779
São Luís;2009;TX_INTERN_PED;Taxa de internações de pedestres;por 100 mil hab.;405,2761
São Luís;2010;TX_INTERN_PED;Taxa de internações de pedestres;por 100 mil hab.;215,6997
São Luís;2011;TX_INTERN_PED;Taxa de internações de pedestres;por 100 mil hab.;151,6405
São Luís;2012;TX_INTERN_PED;Taxa de internações de pedestres;por 100 mil hab.;227,1044
São Luís;2013;TX_INTERN_PED;Taxa de internações de pedestres;por 100 mil hab.;229,8083
São Luís;2014;TX_INTERN_PED;Taxa de internações de pedestres;por 100 mil hab.;211,521
São Luís;2015;TX_INTERN_PED;Taxa de internações de pedestres;por 100 mil hab.;24,7697
São Luís;2016;TX_INTERN_PED;Taxa de internações de pedestres;por 100 mil hab.;38,5988
São Luís;2017;TX_INTERN_PED;Taxa de internações de pedestres;por 100 mil hab.;34,6196
São Luís;2018;TX_INTERN_PED;Taxa de internações de pedestres;por 100 mil hab.;20,9196
São Luís;2019;TX_INTERN_PED;Taxa de internações de pedestres;por 100 mil hab.;2,0873
São Luís;2020;TX_INTERN_PED;Taxa de internações de pedestres;por 100 mil hab.;0
São Luís;2021;TX_INTERN_PED;Taxa de internações de pedestres;por 100 mil hab.;0
São Luís;2022;TX_INTERN_PED;Taxa de internações de pedestres;por 100 mil hab.;0
São Paulo;2008;TX_INTERN_PED;Taxa de internações de pedestres;por 100 mil hab.;26,2232
São Paulo;2009;TX_INTERN_PED;Taxa de internações de pedestres;por 100 mil hab.;31,6373
São Paulo;2010;TX_INTERN_PED;Taxa de internações de pedestres;por 100 mil hab.;33,554
São Paulo;2011;TX_INTERN_PED;Taxa de internações de pedestres;por 100 mil hab.;34,1106
São Paulo;2012;TX_INTERN_PED;Taxa de internações de pedestres;por 100 mil hab.;30,835
São Paulo;2013;TX_INTERN_PED;Taxa de internações de pedestres;por 100 mil hab.;26,5017
São Paulo;2014;TX_INTERN_PED;Taxa de internações de pedestres;por 100 mil hab.;22,7305
São Paulo;2015;TX_INTERN_PED;Taxa de internações de pedestres;por 100 mil hab.;19,9368
São Paulo;2016;TX_INTERN_PED;Taxa de internações de pedestres;por 100 mil hab.;17,7768
São Paulo;2017;TX_INTERN_PED;Taxa de internações de pedestres;por 100 mil hab.;17,9484
São Paulo;2018;TX_INTERN_PED;Taxa de internações de pedestres;por 100 mil hab.;18,4777
São Paulo;2019;TX_INTERN_PED;Taxa de internações de pedestres;por 100 mil hab.;18,299
São Paulo;2020;TX_INTERN_PED;Taxa de internações de pedestres;por 100 mil hab.;16,4703
São Paulo;2021;TX_INTERN_PED;Taxa de internações de pedestres;por 100 mil hab.;15,7546
São Paulo;2022;TX_INTERN_PED;Taxa de internações de pedestres;por 100 mil hab.;17,9893
Teresina;2008;TX_INTERN_PED;Taxa de internações de pedestres;por 100 mil hab.;20,1358
Teresina;2009;TX_INTERN_PED;Taxa de internações de pedestres;por 100 mil hab.;15,2018
Teresina;2010;TX_INTERN_PED;Taxa de internações de pedestres;por 100 mil hab.;21,6155
Teresina;2011;TX_INTERN_PED;Taxa de internações de pedestres;por 100 mil hab.;18,2401
Teresina;2012;TX_INTERN_PED;Taxa de internações de pedestres;por 100 mil hab.;6,0224
Teresina;2013;TX_INTERN_PED;Taxa de internações de pedestres;por 100 mil hab.;2,9887
Teresina;2014;TX_INTERN_PED;Taxa de internações de pedestres;por 100 mil hab.;0,4759
Teresina;2015;TX_INTERN_PED;Taxa de internações de pedestres;por 100 mil hab.;20,9655
Teresina;2016;TX_INTERN_PED;Taxa de internações de pedestres;por 100 mil hab.;30,445
Teresina;2017;TX_INTERN_PED;Taxa de internações de pedestres;por 100 mil hab.;30,1106
Teresina;2018;TX_INTERN_PED;Taxa de internações de pedestres;por 100 mil hab.;27,8603
Teresina;2019;TX_INTERN_PED;Taxa de internações de pedestres;por 100 mil hab.;25,3225
Teresina;2020;TX_INTERN_PED;Taxa de internações de pedestres;por 100 mil hab.;18,662
Teresina;2021;TX_INTERN_PED;Taxa de internações de pedestres;por 100 mil hab.;18,4818
Teresina;2022;TX_INTERN_PED;Taxa de internações de pedestres;por 100 mil hab.;24,9336
Vitória;2008;TX_INTERN_PED;Taxa de internações de pedestres;por 100 mil hab.;65,4469
Vitória;2009;TX_INTERN_PED;Taxa de internações de pedestres;por 100 mil hab.;50,6003
Vitória;2010;TX_INTERN_PED;Taxa de internações de pedestres;por 100 mil hab.;30,5063
Vitória;2011;TX_INTERN_PED;Taxa de internações de pedestres;por 100 mil hab.;43,8695
Vitória;2012;TX_INTERN_PED;Taxa de internações de pedestres;por 100 mil hab.;90,3464
Vitória;2013;TX_INTERN_PED;Taxa de internações de pedestres;por 100 mil hab.;65,1797
Vitória;2014;TX_INTERN_PED;Taxa de internações de pedestres;por 100 mil hab.;77,8179
Vitória;2015;TX_INTERN_PED;Taxa de internações de pedestres;por 100 mil hab.;235,7569
Vitória;2016;TX_INTERN_PED;Taxa de internações de pedestres;por 100 mil hab.;206,0881
Vitória;2017;TX_INTERN_PED;Taxa de internações de pedestres;por 100 mil hab.;279,2312
Vitória;2018;TX_INTERN_PED;Taxa de internações de pedestres;por 100 mil hab.;320,7105
Vitória;2019;TX_INTERN_PED;Taxa de internações de pedestres;por 100 mil hab.;256,8373
Vitória;2020;TX_INTERN_PED;Taxa de internações de pedestres;por 100 mil hab.;232,6058
Vitória;2021;TX_INTERN_PED;Taxa de internações de pedestres;por 100 mil hab.;225,6897
Vitória;2022;TX_INTERN_PED;Taxa de internações de pedestres;por 100 mil hab.;59,4668
Aracaju;2008;TX_INTERN_TOT;Taxa de internações por sinistros de trânsito;por 100 mil hab.;126,4941
Aracaju;2009;TX_INTERN_TOT;Taxa de internações por sinistros de trânsito;por 100 mil hab.;68,1936
Aracaju;2010;TX_INTERN_TOT;Taxa de internações por sinistros de trânsito;por 100 mil hab.;49,3742
Aracaju;2011;TX_INTERN_TOT;Taxa de internações por sinistros de trânsito;por 100 mil hab.;57,4571
Aracaju;2012;TX_INTERN_TOT;Taxa de internações por sinistros de trânsito;por 100 mil hab.;69,9335
Aracaju;2013;TX_INTERN_TOT;Taxa de internações por sinistros de trânsito;por 100 mil hab.;77,9398
Aracaju;2014;TX_INTERN_TOT;Taxa de internações por sinistros de trânsito;por 100 mil hab.;71,6615
Aracaju;2015;TX_INTERN_TOT;Taxa de internações por sinistros de trânsito;por 100 mil hab.;201,1872
Aracaju;2016;TX_INTERN_TOT;Taxa de internações por sinistros de trânsito;por 100 mil hab.;243,639
Aracaju;2017;TX_INTERN_TOT;Taxa de internações por sinistros de trânsito;por 100 mil hab.;269,3407
Aracaju;2018;TX_INTERN_TOT;Taxa de internações por sinistros de trânsito;por 100 mil hab.;283,2316
Aracaju;2019;TX_INTERN_TOT;Taxa de internações por sinistros de trânsito;por 100 mil hab.;332,2613
Aracaju;2020;TX_INTERN_TOT;Taxa de internações por sinistros de trânsito;por 100 mil hab.;245,4475
Aracaju;2021;TX_INTERN_TOT;Taxa de internações por sinistros de trânsito;por 100 mil hab.;266,7206
Aracaju;2022;TX_INTERN_TOT;Taxa de internações por sinistros de trânsito;por 100 mil hab.;413,9313
Belém;2008;TX_INTERN_TOT;Taxa de internações por sinistros de trânsito;por 100 mil hab.;1,8959
Belém;2009;TX_INTERN_TOT;Taxa de internações por sinistros de trânsito;por 100 mil hab.;1,1825
Belém;2010;TX_INTERN_TOT;Taxa de internações por sinistros de trânsito;por 100 mil hab.;0,5024
Belém;2011;TX_INTERN_TOT;Taxa de internações por sinistros de trânsito;por 100 mil hab.;0,6419
Belém;2012;TX_INTERN_TOT;Taxa de internações por sinistros de trânsito;por 100 mil hab.;0,2836
Belém;2013;TX_INTERN_TOT;Taxa de internações por sinistros de trânsito;por 100 mil hab.;0,0701
Belém;2014;TX_INTERN_TOT;Taxa de internações por sinistros de trânsito;por 100 mil hab.;1,2562
Belém;2015;TX_INTERN_TOT;Taxa de internações por sinistros de trânsito;por 100 mil hab.;1,8756
Belém;2016;TX_INTERN_TOT;Taxa de internações por sinistros de trânsito;por 100 mil hab.;0,899
Belém;2017;TX_INTERN_TOT;Taxa de internações por sinistros de trânsito;por 100 mil hab.;3,0297
Belém;2018;TX_INTERN_TOT;Taxa de internações por sinistros de trânsito;por 100 mil hab.;1,6827
Belém;2019;TX_INTERN_TOT;Taxa de internações por sinistros de trânsito;por 100 mil hab.;0,7369
Belém;2020;TX_INTERN_TOT;Taxa de internações por sinistros de trânsito;por 100 mil hab.;0,6001
Belém;2021;TX_INTERN_TOT;Taxa de internações por sinistros de trânsito;por 100 mil hab.;1,1285
Belém;2022;TX_INTERN_TOT;Taxa de internações por sinistros de trânsito;por 100 mil hab.;2,762
Belo Horizonte;2008;TX_INTERN_TOT;Taxa de internações por sinistros de trânsito;por 100 mil hab.;145,5251
Belo Horizonte;2009;TX_INTERN_TOT;Taxa de internações por sinistros de trânsito;por 100 mil hab.;151,9601
Belo Horizonte;2010;TX_INTERN_TOT;Taxa de internações por sinistros de trânsito;por 100 mil hab.;182,8094
Belo Horizonte;2011;TX_INTERN_TOT;Taxa de internações por sinistros de trânsito;por 100 mil hab.;222,4141
Belo Horizonte;2012;TX_INTERN_TOT;Taxa de internações por sinistros de trânsito;por 100 mil hab.;245,0136
Belo Horizonte;2013;TX_INTERN_TOT;Taxa de internações por sinistros de trânsito;por 100 mil hab.;270,2523
Belo Horizonte;2014;TX_INTERN_TOT;Taxa de internações por sinistros de trânsito;por 100 mil hab.;283,3678
Belo Horizonte;2015;TX_INTERN_TOT;Taxa de internações por sinistros de trânsito;por 100 mil hab.;285,2283
Belo Horizonte;2016;TX_INTERN_TOT;Taxa de internações por sinistros de trânsito;por 100 mil hab.;271,3003
Belo Horizonte;2017;TX_INTERN_TOT;Taxa de internações por sinistros de trânsito;por 100 mil hab.;245,8996
Belo Horizonte;2018;TX_INTERN_TOT;Taxa de internações por sinistros de trânsito;por 100 mil hab.;231,8938
Belo Horizonte;2019;TX_INTERN_TOT;Taxa de internações por sinistros de trânsito;por 100 mil hab.;245,2559
Belo Horizonte;2020;TX_INTERN_TOT;Taxa de internações por sinistros de trânsito;por 100 mil hab.;238,5821
Belo Horizonte;2021;TX_INTERN_TOT;Taxa de internações por sinistros de trânsito;por 100 mil hab.;285,9682
Belo Horizonte;2022;TX_INTERN_TOT;Taxa de internações por sinistros de trânsito;por 100 mil hab.;332,533
Boa Vista;2008;TX_INTERN_TOT;Taxa de internações por sinistros de trânsito;por 100 mil hab.;154,4476
Boa Vista;2009;TX_INTERN_TOT;Taxa de internações por sinistros de trânsito;por 100 mil hab.;243,9107
Boa Vista;2010;TX_INTERN_TOT;Taxa de internações por sinistros de trânsito;por 100 mil hab.;319,7181
Boa Vista;2011;TX_INTERN_TOT;Taxa de internações por sinistros de trânsito;por 100 mil hab.;243,8597
Boa Vista;2012;TX_INTERN_TOT;Taxa de internações por sinistros de trânsito;por 100 mil hab.;345,1655
Boa Vista;2013;TX_INTERN_TOT;Taxa de internações por sinistros de trânsito;por 100 mil hab.;340,4575
Boa Vista;2014;TX_INTERN_TOT;Taxa de internações por sinistros de trânsito;por 100 mil hab.;364,5602
Boa Vista;2015;TX_INTERN_TOT;Taxa de internações por sinistros de trânsito;por 100 mil hab.;463,9648
Boa Vista;2016;TX_INTERN_TOT;Taxa de internações por sinistros de trânsito;por 100 mil hab.;716,2573
Boa Vista;2017;TX_INTERN_TOT;Taxa de internações por sinistros de trânsito;por 100 mil hab.;869,2247
Boa Vista;2018;TX_INTERN_TOT;Taxa de internações por sinistros de trânsito;por 100 mil hab.;671,0641
Boa Vista;2019;TX_INTERN_TOT;Taxa de internações por sinistros de trânsito;por 100 mil hab.;572,8771
Boa Vista;2020;TX_INTERN_TOT;Taxa de internações por sinistros de trânsito;por 100 mil hab.;415,1058
Boa Vista;2021;TX_INTERN_TOT;Taxa de internações por sinistros de trânsito;por 100 mil hab.;158,7298
Boa Vista;2022;TX_INTERN_TOT;Taxa de internações por sinistros de trânsito;por 100 mil hab.;129,1458
Brasília;2008;TX_INTERN_TOT;Taxa de internações por sinistros de trânsito;por 100 mil hab.;63,1951
Brasília;2009;TX_INTERN_TOT;Taxa de internações por sinistros de trânsito;por 100 mil hab.;63,3323
Brasília;2010;TX_INTERN_TOT;Taxa de internações por sinistros de trânsito;por 100 mil hab.;63,6147
Brasília;2011;TX_INTERN_TOT;Taxa de internações por sinistros de trânsito;por 100 mil hab.;69,7319
Brasília;2012;TX_INTERN_TOT;Taxa de internações por sinistros de trânsito;por 100 mil hab.;39,9844
Brasília;2013;TX_INTERN_TOT;Taxa de internações por sinistros de trânsito;por 100 mil hab.;28,9631
Brasília;2014;TX_INTERN_TOT;Taxa de internações por sinistros de trânsito;por 100 mil hab.;26,2238
Brasília;2015;TX_INTERN_TOT;Taxa de internações por sinistros de trânsito;por 100 mil hab.;27,4115
Brasília;2016;TX_INTERN_TOT;Taxa de internações por sinistros de trânsito;por 100 mil hab.;46,0161
Brasília;2017;TX_INTERN_TOT;Taxa de internações por sinistros de trânsito;por 100 mil hab.;42,0472
Brasília;2018;TX_INTERN_TOT;Taxa de internações por sinistros de trânsito;por 100 mil hab.;88,0424
Brasília;2019;TX_INTERN_TOT;Taxa de internações por sinistros de trânsito;por 100 mil hab.;87,3886
Brasília;2020;TX_INTERN_TOT;Taxa de internações por sinistros de trânsito;por 100 mil hab.;108,5381
Brasília;2021;TX_INTERN_TOT;Taxa de internações por sinistros de trânsito;por 100 mil hab.;104,32
Brasília;2022;TX_INTERN_TOT;Taxa de internações por sinistros de trânsito;por 100 mil hab.;128,4669
Campo Grande;2008;TX_INTERN_TOT;Taxa de internações por sinistros de trânsito;por 100 mil hab.;2,1414
Campo Grande;2009;TX_INTERN_TOT;Taxa de internações por sinistros de trânsito;por 100 mil hab.;3,1784
Campo Grande;2010;TX_INTERN_TOT;Taxa de internações por sinistros de trânsito;por 100 mil hab.;4,1942
Campo Grande;2011;TX_INTERN_TOT;Taxa de internações por sinistros de trânsito;por 100 mil hab.;35,0392
Campo Grande;2012;TX_INTERN_TOT;Taxa de internações por sinistros de trânsito;por 100 mil hab.;39,9803
Campo Grande;2013;TX_INTERN_TOT;Taxa de internações por sinistros de trânsito;por 100 mil hab.;23,1873
Campo Grande;2014;TX_INTERN_TOT;Taxa de internações por sinistros de trânsito;por 100 mil hab.;14,2328
Campo Grande;2015;TX_INTERN_TOT;Taxa de internações por sinistros de trânsito;por 100 mil hab.;10,1919
Campo Grande;2016;TX_INTERN_TOT;Taxa de internações por sinistros de trânsito;por 100 mil hab.;5,2084
Campo Grande;2017;TX_INTERN_TOT;Taxa de internações por sinistros de trânsito;por 100 mil hab.;6,0626
Campo Grande;2018;TX_INTERN_TOT;Taxa de internações por sinistros de trânsito;por 100 mil hab.;236,3073
Campo Grande;2019;TX_INTERN_TOT;Taxa de internações por sinistros de trânsito;por 100 mil hab.;404,9188
Campo Grande;2020;TX_INTERN_TOT;Taxa de internações por sinistros de trânsito;por 100 mil hab.;382,7426
Campo Grande;2021;TX_INTERN_TOT;Taxa de internações por sinistros de trânsito;por 100 mil hab.;386,6808
Campo Grande;2022;TX_INTERN_TOT;Taxa de internações por sinistros de trânsito;por 100 mil hab.;408,1574
Cuiabá;2008;TX_INTERN_TOT;Taxa de internações por sinistros de trânsito;por 100 mil hab.;96,7434
Cuiabá;2009;TX_INTERN_TOT;Taxa de internações por sinistros de trânsito;por 100 mil hab.;121,6938
Cuiabá;2010;TX_INTERN_TOT;Taxa de internações por sinistros de trânsito;por 100 mil hab.;140,2654
Cuiabá;2011;TX_INTERN_TOT;Taxa de internações por sinistros de trânsito;por 100 mil hab.;199,3532
Cuiabá;2012;TX_INTERN_TOT;Taxa de internações por sinistros de trânsito;por 100 mil hab.;207,1869
Cuiabá;2013;TX_INTERN_TOT;Taxa de internações por sinistros de trânsito;por 100 mil hab.;312,5494
Cuiabá;2014;TX_INTERN_TOT;Taxa de internações por sinistros de trânsito;por 100 mil hab.;387,1551
Cuiabá;2015;TX_INTERN_TOT;Taxa de internações por sinistros de trânsito;por 100 mil hab.;314,2178
Cuiabá;2016;TX_INTERN_TOT;Taxa de internações por sinistros de trânsito;por 100 mil hab.;558,7947
Cuiabá;2017;TX_INTERN_TOT;Taxa de internações por sinistros de trânsito;por 100 mil hab.;506,6783
Cuiabá;2018;TX_INTERN_TOT;Taxa de internações por sinistros de trânsito;por 100 mil hab.;491,6388
Cuiabá;2019;TX_INTERN_TOT;Taxa de internações por sinistros de trânsito;por 100 mil hab.;416,4578
Cuiabá;2020;TX_INTERN_TOT;Taxa de internações por sinistros de trânsito;por 100 mil hab.;90,1114
Cuiabá;2021;TX_INTERN_TOT;Taxa de internações por sinistros de trânsito;por 100 mil hab.;62,8594
Cuiabá;2022;TX_INTERN_TOT;Taxa de internações por sinistros de trânsito;por 100 mil hab.;121,8291
Curitiba;2008;TX_INTERN_TOT;Taxa de internações por sinistros de trânsito;por 100 mil hab.;44,6913
Curitiba;2009;TX_INTERN_TOT;Taxa de internações por sinistros de trânsito;por 100 mil hab.;38,5152
Curitiba;2010;TX_INTERN_TOT;Taxa de internações por sinistros de trânsito;por 100 mil hab.;47,3769
Curitiba;2011;TX_INTERN_TOT;Taxa de internações por sinistros de trânsito;por 100 mil hab.;54,3484
Curitiba;2012;TX_INTERN_TOT;Taxa de internações por sinistros de trânsito;por 100 mil hab.;50,8791
Curitiba;2013;TX_INTERN_TOT;Taxa de internações por sinistros de trânsito;por 100 mil hab.;47,3783
Curitiba;2014;TX_INTERN_TOT;Taxa de internações por sinistros de trânsito;por 100 mil hab.;57,0688
Curitiba;2015;TX_INTERN_TOT;Taxa de internações por sinistros de trânsito;por 100 mil hab.;43,4192
Curitiba;2016;TX_INTERN_TOT;Taxa de internações por sinistros de trânsito;por 100 mil hab.;41,6051
Curitiba;2017;TX_INTERN_TOT;Taxa de internações por sinistros de trânsito;por 100 mil hab.;63,9293
Curitiba;2018;TX_INTERN_TOT;Taxa de internações por sinistros de trânsito;por 100 mil hab.;57,7931
Curitiba;2019;TX_INTERN_TOT;Taxa de internações por sinistros de trânsito;por 100 mil hab.;56,3342
Curitiba;2020;TX_INTERN_TOT;Taxa de internações por sinistros de trânsito;por 100 mil hab.;75,6944
Curitiba;2021;TX_INTERN_TOT;Taxa de internações por sinistros de trânsito;por 100 mil hab.;53,8772
Curitiba;2022;TX_INTERN_TOT;Taxa de internações por sinistros de trânsito;por 100 mil hab.;46,0047
Florianópolis;2008;TX_INTERN_TOT;Taxa de internações por sinistros de trânsito;por 100 mil hab.;170,7494
Florianópolis;2009;TX_INTERN_TOT;Taxa de internações por sinistros de trânsito;por 100 mil hab.;72,0304
Florianópolis;2010;TX_INTERN_TOT;Taxa de internações por sinistros de trânsito;por 100 mil hab.;37,5083
Florianópolis;2011;TX_INTERN_TOT;Taxa de internações por sinistros de trânsito;por 100 mil hab.;25,9772
Florianópolis;2012;TX_INTERN_TOT;Taxa de internações por sinistros de trânsito;por 100 mil hab.;20,085
Florianópolis;2013;TX_INTERN_TOT;Taxa de internações por sinistros de trânsito;por 100 mil hab.;28,4589
Florianópolis;2014;TX_INTERN_TOT;Taxa de internações por sinistros de trânsito;por 100 mil hab.;26,0008
Florianópolis;2015;TX_INTERN_TOT;Taxa de internações por sinistros de trânsito;por 100 mil hab.;31,7231
Florianópolis;2016;TX_INTERN_TOT;Taxa de internações por sinistros de trânsito;por 100 mil hab.;24,278
Florianópolis;2017;TX_INTERN_TOT;Taxa de internações por sinistros de trânsito;por 100 mil hab.;17,4955
Florianópolis;2018;TX_INTERN_TOT;Taxa de internações por sinistros de trânsito;por 100 mil hab.;19,6764
Florianópolis;2019;TX_INTERN_TOT;Taxa de internações por sinistros de trânsito;por 100 mil hab.;50,7013
Florianópolis;2020;TX_INTERN_TOT;Taxa de internações por sinistros de trânsito;por 100 mil hab.;4,5202
Florianópolis;2021;TX_INTERN_TOT;Taxa de internações por sinistros de trânsito;por 100 mil hab.;1,5488
Florianópolis;2022;TX_INTERN_TOT;Taxa de internações por sinistros de trânsito;por 100 mil hab.;3,7229
Fortaleza;2008;TX_INTERN_TOT;Taxa de internações por sinistros de trânsito;por 100 mil hab.;172,9049
Fortaleza;2009;TX_INTERN_TOT;Taxa de internações por sinistros de trânsito;por 100 mil hab.;220,7897
Fortaleza;2010;TX_INTERN_TOT;Taxa de internações por sinistros de trânsito;por 100 mil hab.;316,6972
Fortaleza;2011;TX_INTERN_TOT;Taxa de internações por sinistros de trânsito;por 100 mil hab.;323,9133
Fortaleza;2012;TX_INTERN_TOT;Taxa de internações por sinistros de trânsito;por 100 mil hab.;300,3767
Fortaleza;2013;TX_INTERN_TOT;Taxa de internações por sinistros de trânsito;por 100 mil hab.;309,7806
Fortaleza;2014;TX_INTERN_TOT;Taxa de internações por sinistros de trânsito;por 100 mil hab.;316,4591
Fortaleza;2015;TX_INTERN_TOT;Taxa de internações por sinistros de trânsito;por 100 mil hab.;264,5891
Fortaleza;2016;TX_INTERN_TOT;Taxa de internações por sinistros de trânsito;por 100 mil hab.;286,8511
Fortaleza;2017;TX_INTERN_TOT;Taxa de internações por sinistros de trânsito;por 100 mil hab.;227,1376
Fortaleza;2018;TX_INTERN_TOT;Taxa de internações por sinistros de trânsito;por 100 mil hab.;261,2317
Fortaleza;2019;TX_INTERN_TOT;Taxa de internações por sinistros de trânsito;por 100 mil hab.;284,5645
Fortaleza;2020;TX_INTERN_TOT;Taxa de internações por sinistros de trânsito;por 100 mil hab.;276,9287
Fortaleza;2021;TX_INTERN_TOT;Taxa de internações por sinistros de trânsito;por 100 mil hab.;306,9848
Fortaleza;2022;TX_INTERN_TOT;Taxa de internações por sinistros de trânsito;por 100 mil hab.;300,575
Goiânia;2008;TX_INTERN_TOT;Taxa de internações por sinistros de trânsito;por 100 mil hab.;166,7469
Goiânia;2009;TX_INTERN_TOT;Taxa de internações por sinistros de trânsito;por 100 mil hab.;368,6499
Goiânia;2010;TX_INTERN_TOT;Taxa de internações por sinistros de trânsito;por 100 mil hab.;370,1994
Goiânia;2011;TX_INTERN_TOT;Taxa de internações por sinistros de trânsito;por 100 mil hab.;328,7944
Goiânia;2012;TX_INTERN_TOT;Taxa de internações por sinistros de trânsito;por 100 mil hab.;413,7904
Goiânia;2013;TX_INTERN_TOT;Taxa de internações por sinistros de trânsito;por 100 mil hab.;332,1673
Goiânia;2014;TX_INTERN_TOT;Taxa de internações por sinistros de trânsito;por 100 mil hab.;382,9749
Goiânia;2015;TX_INTERN_TOT;Taxa de internações por sinistros de trânsito;por 100 mil hab.;385,8259
Goiânia;2016;TX_INTERN_TOT;Taxa de internações por sinistros de trânsito;por 100 mil hab.;404,5867
Goiânia;2017;TX_INTERN_TOT;Taxa de internações por sinistros de trânsito;por 100 mil hab.;398,4708
Goiânia;2018;TX_INTERN_TOT;Taxa de internações por sinistros de trânsito;por 100 mil hab.;357,5571
Goiânia;2019;TX_INTERN_TOT;Taxa de internações por sinistros de trânsito;por 100 mil hab.;490,4648
Goiânia;2020;TX_INTERN_TOT;Taxa de internações por sinistros de trânsito;por 100 mil hab.;403,6854
Goiânia;2021;TX_INTERN_TOT;Taxa de internações por sinistros de trânsito;por 100 mil hab.;540,6827
Goiânia;2022;TX_INTERN_TOT;Taxa de internações por sinistros de trânsito;por 100 mil hab.;873,3424
João Pessoa;2008;TX_INTERN_TOT;Taxa de internações por sinistros de trânsito;por 100 mil hab.;171,2645
João Pessoa;2009;TX_INTERN_TOT;Taxa de internações por sinistros de trânsito;por 100 mil hab.;291,0707
João Pessoa;2010;TX_INTERN_TOT;Taxa de internações por sinistros de trânsito;por 100 mil hab.;319,9657
João Pessoa;2011;TX_INTERN_TOT;Taxa de internações por sinistros de trânsito;por 100 mil hab.;317,259
João Pessoa;2012;TX_INTERN_TOT;Taxa de internações por sinistros de trânsito;por 100 mil hab.;296,3051
João Pessoa;2013;TX_INTERN_TOT;Taxa de internações por sinistros de trânsito;por 100 mil hab.;296,9048
João Pessoa;2014;TX_INTERN_TOT;Taxa de internações por sinistros de trânsito;por 100 mil hab.;309,3227
João Pessoa;2015;TX_INTERN_TOT;Taxa de internações por sinistros de trânsito;por 100 mil hab.;344,1836
João Pessoa;2016;TX_INTERN_TOT;Taxa de internações por sinistros de trânsito;por 100 mil hab.;251,3353
João Pessoa;2017;TX_INTERN_TOT;Taxa de internações por sinistros de trânsito;por 100 mil hab.;236,0775
João Pessoa;2018;TX_INTERN_TOT;Taxa de internações por sinistros de trânsito;por 100 mil hab.;275,6387
João Pessoa;2019;TX_INTERN_TOT;Taxa de internações por sinistros de trânsito;por 100 mil hab.;331,3906
João Pessoa;2020;TX_INTERN_TOT;Taxa de internações por sinistros de trânsito;por 100 mil hab.;303,2375
João Pessoa;2021;TX_INTERN_TOT;Taxa de internações por sinistros de trânsito;por 100 mil hab.;393,3175
João Pessoa;2022;TX_INTERN_TOT;Taxa de internações por sinistros de trânsito;por 100 mil hab.;388,5209
Macapá;2008;TX_INTERN_TOT;Taxa de internações por sinistros de trânsito;por 100 mil hab.;63,7844
Macapá;2009;TX_INTERN_TOT;Taxa de internações por sinistros de trânsito;por 100 mil hab.;92,5006
Macapá;2010;TX_INTERN_TOT;Taxa de internações por sinistros de trânsito;por 100 mil hab.;103,9668
Macapá;2011;TX_INTERN_TOT;Taxa de internações por sinistros de trânsito;por 100 mil hab.;82,0592
Macapá;2012;TX_INTERN_TOT;Taxa de internações por sinistros de trânsito;por 100 mil hab.;154,9738
Macapá;2013;TX_INTERN_TOT;Taxa de internações por sinistros de trânsito;por 100 mil hab.;144,7665
Macapá;2014;TX_INTERN_TOT;Taxa de internações por sinistros de trânsito;por 100 mil hab.;153,551
Macapá;2015;TX_INTERN_TOT;Taxa de internações por sinistros de trânsito;por 100 mil hab.;134,1602
Macapá;2016;TX_INTERN_TOT;Taxa de internações por sinistros de trânsito;por 100 mil hab.;120,5169
Macapá;2017;TX_INTERN_TOT;Taxa de internações por sinistros de trânsito;por 100 mil hab.;109,5415
Macapá;2018;TX_INTERN_TOT;Taxa de internações por sinistros de trânsito;por 100 mil hab.;125,5991
Macapá;2019;TX_INTERN_TOT;Taxa de internações por sinistros de trânsito;por 100 mil hab.;99,5377
Macapá;2020;TX_INTERN_TOT;Taxa de internações por sinistros de trânsito;por 100 mil hab.;96,7046
Macapá;2021;TX_INTERN_TOT;Taxa de internações por sinistros de trânsito;por 100 mil hab.;83,0849
Macapá;2022;TX_INTERN_TOT;Taxa de internações por sinistros de trânsito;por 100 mil hab.;116,9477
Maceió;2008;TX_INTERN_TOT;Taxa de internações por sinistros de trânsito;por 100 mil hab.;21,5334
Maceió;2009;TX_INTERN_TOT;Taxa de internações por sinistros de trânsito;por 100 mil hab.;48,0608
Maceió;2010;TX_INTERN_TOT;Taxa de internações por sinistros de trânsito;por 100 mil hab.;71,2947
Maceió;2011;TX_INTERN_TOT;Taxa de internações por sinistros de trânsito;por 100 mil hab.;70,7235
Maceió;2012;TX_INTERN_TOT;Taxa de internações por sinistros de trânsito;por 100 mil hab.;103,1054
Maceió;2013;TX_INTERN_TOT;Taxa de internações por sinistros de trânsito;por 100 mil hab.;97,2176
Maceió;2014;TX_INTERN_TOT;Taxa de internações por sinistros de trânsito;por 100 mil hab.;72,6138
Maceió;2015;TX_INTERN_TOT;Taxa de internações por sinistros de trânsito;por 100 mil hab.;56,9161
Maceió;2016;TX_INTERN_TOT;Taxa de internações por sinistros de trânsito;por 100 mil hab.;78,7896
Maceió;2017;TX_INTERN_TOT;Taxa de internações por sinistros de trânsito;por 100 mil hab.;75,5007
Maceió;2018;TX_INTERN_TOT;Taxa de internações por sinistros de trânsito;por 100 mil hab.;65,6867
Maceió;2019;TX_INTERN_TOT;Taxa de internações por sinistros de trânsito;por 100 mil hab.;55,8419
Maceió;2020;TX_INTERN_TOT;Taxa de internações por sinistros de trânsito;por 100 mil hab.;40,6686
Maceió;2021;TX_INTERN_TOT;Taxa de internações por sinistros de trânsito;por 100 mil hab.;62,6214
Maceió;2022;TX_INTERN_TOT;Taxa de internações por sinistros de trânsito;por 100 mil hab.;80,3828
Manaus;2008;TX_INTERN_TOT;Taxa de internações por sinistros de trânsito;por 100 mil hab.;3,9204
Manaus;2009;TX_INTERN_TOT;Taxa de internações por sinistros de trânsito;por 100 mil hab.;3,1634
Manaus;2010;TX_INTERN_TOT;Taxa de internações por sinistros de trânsito;por 100 mil hab.;6,8812
Manaus;2011;TX_INTERN_TOT;Taxa de internações por sinistros de trânsito;por 100 mil hab.;13,3703
Manaus;2012;TX_INTERN_TOT;Taxa de internações por sinistros de trânsito;por 100 mil hab.;6,2304
Manaus;2013;TX_INTERN_TOT;Taxa de internações por sinistros de trânsito;por 100 mil hab.;7,0629
Manaus;2014;TX_INTERN_TOT;Taxa de internações por sinistros de trânsito;por 100 mil hab.;19,7
Manaus;2015;TX_INTERN_TOT;Taxa de internações por sinistros de trânsito;por 100 mil hab.;32,7062
Manaus;2016;TX_INTERN_TOT;Taxa de internações por sinistros de trânsito;por 100 mil hab.;44,9295
Manaus;2017;TX_INTERN_TOT;Taxa de internações por sinistros de trânsito;por 100 mil hab.;42,0605
Manaus;2018;TX_INTERN_TOT;Taxa de internações por sinistros de trânsito;por 100 mil hab.;42,7883
Manaus;2019;TX_INTERN_TOT;Taxa de internações por sinistros de trânsito;por 100 mil hab.;35,368
Manaus;2020;TX_INTERN_TOT;Taxa de internações por sinistros de trânsito;por 100 mil hab.;32,5287
Manaus;2021;TX_INTERN_TOT;Taxa de internações por sinistros de trânsito;por 100 mil hab.;44,3281
Manaus;2022;TX_INTERN_TOT;Taxa de internações por sinistros de trânsito;por 100 mil hab.;57,8615
Natal;2008;TX_INTERN_TOT;Taxa de internações por sinistros de trânsito;por 100 mil hab.;119,7888
Natal;2009;TX_INTERN_TOT;Taxa de internações por sinistros de trânsito;por 100 mil hab.;163,3584
Natal;2010;TX_INTERN_TOT;Taxa de internações por sinistros de trânsito;por 100 mil hab.;255,8044
Natal;2011;TX_INTERN_TOT;Taxa de internações por sinistros de trânsito;por 100 mil hab.;237,3024
Natal;2012;TX_INTERN_TOT;Taxa de internações por sinistros de trânsito;por 100 mil hab.;227,8648
Natal;2013;TX_INTERN_TOT;Taxa de internações por sinistros de trânsito;por 100 mil hab.;143,5718
Natal;2014;TX_INTERN_TOT;Taxa de internações por sinistros de trânsito;por 100 mil hab.;158,6926
Natal;2015;TX_INTERN_TOT;Taxa de internações por sinistros de trânsito;por 100 mil hab.;147,709
Natal;2016;TX_INTERN_TOT;Taxa de internações por sinistros de trânsito;por 100 mil hab.;161,6796
Natal;2017;TX_INTERN_TOT;Taxa de internações por sinistros de trânsito;por 100 mil hab.;227,0725
Natal;2018;TX_INTERN_TOT;Taxa de internações por sinistros de trânsito;por 100 mil hab.;230,8464
Natal;2019;TX_INTERN_TOT;Taxa de internações por sinistros de trânsito;por 100 mil hab.;353,5711
Natal;2020;TX_INTERN_TOT;Taxa de internações por sinistros de trânsito;por 100 mil hab.;373,2818
Natal;2021;TX_INTERN_TOT;Taxa de internações por sinistros de trânsito;por 100 mil hab.;358,5337
Natal;2022;TX_INTERN_TOT;Taxa de internações por sinistros de trânsito;por 100 mil hab.;480,3674
Palmas;2008;TX_INTERN_TOT;Taxa de internações por sinistros de trânsito;por 100 mil hab.;0
Palmas;2009;TX_INTERN_TOT;Taxa de internações por sinistros de trânsito;por 100 mil hab.;5,8311
Palmas;2010;TX_INTERN_TOT;Taxa de internações por sinistros de trânsito;por 100 mil hab.;0,8759
Palmas;2011;TX_INTERN_TOT;Taxa de internações por sinistros de trânsito;por 100 mil hab.;3,8246
Palmas;2012;TX_INTERN_TOT;Taxa de internações por sinistros de trânsito;por 100 mil hab.;0,8262
Palmas;2013;TX_INTERN_TOT;Taxa de internações por sinistros de trânsito;por 100 mil hab.;0,7755
Palmas;2014;TX_INTERN_TOT;Taxa de internações por sinistros de trânsito;por 100 mil hab.;334,9547
Palmas;2015;TX_INTERN_TOT;Taxa de internações por sinistros de trânsito;por 100 mil hab.;329,6349
Palmas;2016;TX_INTERN_TOT;Taxa de internações por sinistros de trânsito;por 100 mil hab.;434,5092
Palmas;2017;TX_INTERN_TOT;Taxa de internações por sinistros de trânsito;por 100 mil hab.;355,6647
Palmas;2018;TX_INTERN_TOT;Taxa de internações por sinistros de trânsito;por 100 mil hab.;315,225
Palmas;2019;TX_INTERN_TOT;Taxa de internações por sinistros de trânsito;por 100 mil hab.;542,2446
Palmas;2020;TX_INTERN_TOT;Taxa de internações por sinistros de trânsito;por 100 mil hab.;553,7127
Palmas;2021;TX_INTERN_TOT;Taxa de internações por sinistros de trânsito;por 100 mil hab.;576,3542
Palmas;2022;TX_INTERN_TOT;Taxa de internações por sinistros de trânsito;por 100 mil hab.;429,1491
Porto Alegre;2008;TX_INTERN_TOT;Taxa de internações por sinistros de trânsito;por 100 mil hab.;148,8567
Porto Alegre;2009;TX_INTERN_TOT;Taxa de internações por sinistros de trânsito;por 100 mil hab.;179,3718
Porto Alegre;2010;TX_INTERN_TOT;Taxa de internações por sinistros de trânsito;por 100 mil hab.;232,1636
Porto Alegre;2011;TX_INTERN_TOT;Taxa de internações por sinistros de trânsito;por 100 mil hab.;208,2664
Porto Alegre;2012;TX_INTERN_TOT;Taxa de internações por sinistros de trânsito;por 100 mil hab.;158,3241
Porto Alegre;2013;TX_INTERN_TOT;Taxa de internações por sinistros de trânsito;por 100 mil hab.;132,5779
Porto Alegre;2014;TX_INTERN_TOT;Taxa de internações por sinistros de trânsito;por 100 mil hab.;121,5635
Porto Alegre;2015;TX_INTERN_TOT;Taxa de internações por sinistros de trânsito;por 100 mil hab.;130,7498
Porto Alegre;2016;TX_INTERN_TOT;Taxa de internações por sinistros de trânsito;por 100 mil hab.;119,0397
Porto Alegre;2017;TX_INTERN_TOT;Taxa de internações por sinistros de trânsito;por 100 mil hab.;133,81
Porto Alegre;2018;TX_INTERN_TOT;Taxa de internações por sinistros de trânsito;por 100 mil hab.;114,4614
Porto Alegre;2019;TX_INTERN_TOT;Taxa de internações por sinistros de trânsito;por 100 mil hab.;109,7204
Porto Alegre;2020;TX_INTERN_TOT;Taxa de internações por sinistros de trânsito;por 100 mil hab.;113,892
Porto Alegre;2021;TX_INTERN_TOT;Taxa de internações por sinistros de trânsito;por 100 mil hab.;121,0696
Porto Alegre;2022;TX_INTERN_TOT;Taxa de internações por sinistros de trânsito;por 100 mil hab.;129,3741
Porto Velho;2008;TX_INTERN_TOT;Taxa de internações por sinistros de trânsito;por 100 mil hab.;53,7996
Porto Velho;2009;TX_INTERN_TOT;Taxa de internações por sinistros de trânsito;por 100 mil hab.;192,2529
Porto Velho;2010;TX_INTERN_TOT;Taxa de internações por sinistros de trânsito;por 100 mil hab.;280,7291
Porto Velho;2011;TX_INTERN_TOT;Taxa de internações por sinistros de trânsito;por 100 mil hab.;161,7967
Porto Velho;2012;TX_INTERN_TOT;Taxa de internações por sinistros de trânsito;por 100 mil hab.;151,3437
Porto Velho;2013;TX_INTERN_TOT;Taxa de internações por sinistros de trânsito;por 100 mil hab.;215,2613
Porto Velho;2014;TX_INTERN_TOT;Taxa de internações por sinistros de trânsito;por 100 mil hab.;140,0773
Porto Velho;2015;TX_INTERN_TOT;Taxa de internações por sinistros de trânsito;por 100 mil hab.;89,9059
Porto Velho;2016;TX_INTERN_TOT;Taxa de internações por sinistros de trânsito;por 100 mil hab.;152,5765
Porto Velho;2017;TX_INTERN_TOT;Taxa de internações por sinistros de trânsito;por 100 mil hab.;198,8695
Porto Velho;2018;TX_INTERN_TOT;Taxa de internações por sinistros de trânsito;por 100 mil hab.;236,9445
Porto Velho;2019;TX_INTERN_TOT;Taxa de internações por sinistros de trânsito;por 100 mil hab.;200,5499
Porto Velho;2020;TX_INTERN_TOT;Taxa de internações por sinistros de trânsito;por 100 mil hab.;323,7206
Porto Velho;2021;TX_INTERN_TOT;Taxa de internações por sinistros de trânsito;por 100 mil hab.;421,3483
Porto Velho;2022;TX_INTERN_TOT;Taxa de internações por sinistros de trânsito;por 100 mil hab.;402,2475
Recife;2008;TX_INTERN_TOT;Taxa de internações por sinistros de trânsito;por 100 mil hab.;4,7742
Recife;2009;TX_INTERN_TOT;Taxa de internações por sinistros de trânsito;por 100 mil hab.;5,3789
Recife;2010;TX_INTERN_TOT;Taxa de internações por sinistros de trânsito;por 100 mil hab.;3,967
Recife;2011;TX_INTERN_TOT;Taxa de internações por sinistros de trânsito;por 100 mil hab.;3,621
Recife;2012;TX_INTERN_TOT;Taxa de internações por sinistros de trânsito;por 100 mil hab.;48,4875
Recife;2013;TX_INTERN_TOT;Taxa de internações por sinistros de trânsito;por 100 mil hab.;196,9975
Recife;2014;TX_INTERN_TOT;Taxa de internações por sinistros de trânsito;por 100 mil hab.;51,1039
Recife;2015;TX_INTERN_TOT;Taxa de internações por sinistros de trânsito;por 100 mil hab.;108,522
Recife;2016;TX_INTERN_TOT;Taxa de internações por sinistros de trânsito;por 100 mil hab.;54,9957
Recife;2017;TX_INTERN_TOT;Taxa de internações por sinistros de trânsito;por 100 mil hab.;40,1543
Recife;2018;TX_INTERN_TOT;Taxa de internações por sinistros de trânsito;por 100 mil hab.;40,0529
Recife;2019;TX_INTERN_TOT;Taxa de internações por sinistros de trânsito;por 100 mil hab.;43,9927
Recife;2020;TX_INTERN_TOT;Taxa de internações por sinistros de trânsito;por 100 mil hab.;26,248
Recife;2021;TX_INTERN_TOT;Taxa de internações por sinistros de trânsito;por 100 mil hab.;23,8408
Recife;2022;TX_INTERN_TOT;Taxa de internações por sinistros de trânsito;por 100 mil hab.;35,2605
Rio Branco;2008;TX_INTERN_TOT;Taxa de internações por sinistros de trânsito;por 100 mil hab.;134,0416
Rio Branco;2009;TX_INTERN_TOT;Taxa de internações por sinistros de trânsito;por 100 mil hab.;212,4502
Rio Branco;2010;TX_INTERN_TOT;Taxa de internações por sinistros de trânsito;por 100 mil hab.;229,4383
Rio Branco;2011;TX_INTERN_TOT;Taxa de internações por sinistros de trânsito;por 100 mil hab.;246,5681
Rio Branco;2012;TX_INTERN_TOT;Taxa de internações por sinistros de trânsito;por 100 mil hab.;209,844
Rio Branco;2013;TX_INTERN_TOT;Taxa de internações por sinistros de trânsito;por 100 mil hab.;204,3707
Rio Branco;2014;TX_INTERN_TOT;Taxa de internações por sinistros de trânsito;por 100 mil hab.;197,2918
Rio Branco;2015;TX_INTERN_TOT;Taxa de internações por sinistros de trânsito;por 100 mil hab.;212,387
Rio Branco;2016;TX_INTERN_TOT;Taxa de internações por sinistros de trânsito;por 100 mil hab.;216,9433
Rio Branco;2017;TX_INTERN_TOT;Taxa de internações por sinistros de trânsito;por 100 mil hab.;285,3097
Rio Branco;2018;TX_INTERN_TOT;Taxa de internações por sinistros de trânsito;por 100 mil hab.;270,9676
Rio Branco;2019;TX_INTERN_TOT;Taxa de internações por sinistros de trânsito;por 100 mil hab.;238,8791
Rio Branco;2020;TX_INTERN_TOT;Taxa de internações por sinistros de trânsito;por 100 mil hab.;307,9208
Rio Branco;2021;TX_INTERN_TOT;Taxa de internações por sinistros de trânsito;por 100 mil hab.;236,0222
Rio Branco;2022;TX_INTERN_TOT;Taxa de internações por sinistros de trânsito;por 100 mil hab.;299,9265
Rio de Janeiro;2008;TX_INTERN_TOT;Taxa de internações por sinistros de trânsito;por 100 mil hab.;66,6932
Rio de Janeiro;2009;TX_INTERN_TOT;Taxa de internações por sinistros de trânsito;por 100 mil hab.;70,2635
Rio de Janeiro;2010;TX_INTERN_TOT;Taxa de internações por sinistros de trânsito;por 100 mil hab.;68,3338
Rio de Janeiro;2011;TX_INTERN_TOT;Taxa de internações por sinistros de trânsito;por 100 mil hab.;82,1593
Rio de Janeiro;2012;TX_INTERN_TOT;Taxa de internações por sinistros de trânsito;por 100 mil hab.;87,2261
Rio de Janeiro;2013;TX_INTERN_TOT;Taxa de internações por sinistros de trânsito;por 100 mil hab.;100,9188
Rio de Janeiro;2014;TX_INTERN_TOT;Taxa de internações por sinistros de trânsito;por 100 mil hab.;90,0571
Rio de Janeiro;2015;TX_INTERN_TOT;Taxa de internações por sinistros de trânsito;por 100 mil hab.;59,5062
Rio de Janeiro;2016;TX_INTERN_TOT;Taxa de internações por sinistros de trânsito;por 100 mil hab.;42,4691
Rio de Janeiro;2017;TX_INTERN_TOT;Taxa de internações por sinistros de trânsito;por 100 mil hab.;42,805
Rio de Janeiro;2018;TX_INTERN_TOT;Taxa de internações por sinistros de trânsito;por 100 mil hab.;36,7622
Rio de Janeiro;2019;TX_INTERN_TOT;Taxa de internações por sinistros de trânsito;por 100 mil hab.;35,0206
Rio de Janeiro;2020;TX_INTERN_TOT;Taxa de internações por sinistros de trânsito;por 100 mil hab.;34,1147
Rio de Janeiro;2021;TX_INTERN_TOT;Taxa de internações por sinistros de trânsito;por 100 mil hab.;37,5467
Rio de Janeiro;2022;TX_INTERN_TOT;Taxa de internações por sinistros de trânsito;por 100 mil hab.;48,2659
Salvador;2008;TX_INTERN_TOT;Taxa de internações por sinistros de trânsito;por 100 mil hab.;67,6903
Salvador;2009;TX_INTERN_TOT;Taxa de internações por sinistros de trânsito;por 100 mil hab.;82,1866
Salvador;2010;TX_INTERN_TOT;Taxa de internações por sinistros de trânsito;por 100 mil hab.;93,0239
Salvador;2011;TX_INTERN_TOT;Taxa de internações por sinistros de trânsito;por 100 mil hab.;92,7753
Salvador;2012;TX_INTERN_TOT;Taxa de internações por sinistros de trânsito;por 100 mil hab.;93,8779
Salvador;2013;TX_INTERN_TOT;Taxa de internações por sinistros de trânsito;por 100 mil hab.;82,3253
Salvador;2014;TX_INTERN_TOT;Taxa de internações por sinistros de trânsito;por 100 mil hab.;93,4229
Salvador;2015;TX_INTERN_TOT;Taxa de internações por sinistros de trânsito;por 100 mil hab.;87,6386
Salvador;2016;TX_INTERN_TOT;Taxa de internações por sinistros de trânsito;por 100 mil hab.;86,5528
Salvador;2017;TX_INTERN_TOT;Taxa de internações por sinistros de trânsito;por 100 mil hab.;102,6748
Salvador;2018;TX_INTERN_TOT;Taxa de internações por sinistros de trânsito;por 100 mil hab.;120,0422
Salvador;2019;TX_INTERN_TOT;Taxa de internações por sinistros de trânsito;por 100 mil hab.;145,3167
Salvador;2020;TX_INTERN_TOT;Taxa de internações por sinistros de trânsito;por 100 mil hab.;134,8253
Salvador;2021;TX_INTERN_TOT;Taxa de internações por sinistros de trânsito;por 100 mil hab.;138,502
Salvador;2022;TX_INTERN_TOT;Taxa de internações por sinistros de trânsito;por 100 mil hab.;157,9815
São Luís;2008;TX_INTERN_TOT;Taxa de internações por sinistros de trânsito;por 100 mil hab.;324,8803
São Luís;2009;TX_INTERN_TOT;Taxa de internações por sinistros de trânsito;por 100 mil hab.;405,2761
São Luís;2010;TX_INTERN_TOT;Taxa de internações por sinistros de trânsito;por 100 mil hab.;215,6997
São Luís;2011;TX_INTERN_TOT;Taxa de internações por sinistros de trânsito;por 100 mil hab.;151,9325
São Luís;2012;TX_INTERN_TOT;Taxa de internações por sinistros de trânsito;por 100 mil hab.;227,4892
São Luís;2013;TX_INTERN_TOT;Taxa de internações por sinistros de trânsito;por 100 mil hab.;229,9032
São Luís;2014;TX_INTERN_TOT;Taxa de internações por sinistros de trânsito;por 100 mil hab.;211,8969
São Luís;2015;TX_INTERN_TOT;Taxa de internações por sinistros de trânsito;por 100 mil hab.;43,5798
São Luís;2016;TX_INTERN_TOT;Taxa de internações por sinistros de trânsito;por 100 mil hab.;72,2112
São Luís;2017;TX_INTERN_TOT;Taxa de internações por sinistros de trânsito;por 100 mil hab.;74,7343
São Luís;2018;TX_INTERN_TOT;Taxa de internações por sinistros de trânsito;por 100 mil hab.;64,0377
São Luís;2019;TX_INTERN_TOT;Taxa de internações por sinistros de trânsito;por 100 mil hab.;25,774
São Luís;2020;TX_INTERN_TOT;Taxa de internações por sinistros de trânsito;por 100 mil hab.;19,748
São Luís;2021;TX_INTERN_TOT;Taxa de internações por sinistros de trânsito;por 100 mil hab.;0,8065
São Luís;2022;TX_INTERN_TOT;Taxa de internações por sinistros de trânsito;por 100 mil hab.;0,0964
São Paulo;2008;TX_INTERN_TOT;Taxa de internações por sinistros de trânsito;por 100 mil hab.;83,656
São Paulo;2009;TX_INTERN_TOT;Taxa de internações por sinistros de trânsito;por 100 mil hab.;94,5224
São Paulo;2010;TX_INTERN_TOT;Taxa de internações por sinistros de trânsito;por 100 mil hab.;100,2977
São Paulo;2011;TX_INTERN_TOT;Taxa de internações por sinistros de trânsito;por 100 mil hab.;104,8593
São Paulo;2012;TX_INTERN_TOT;Taxa de internações por sinistros de trânsito;por 100 mil hab.;94,8519
São Paulo;2013;TX_INTERN_TOT;Taxa de internações por sinistros de trânsito;por 100 mil hab.;86,3484
São Paulo;2014;TX_INTERN_TOT;Taxa de internações por sinistros de trânsito;por 100 mil hab.;78,6658
São Paulo;2015;TX_INTERN_TOT;Taxa de internações por sinistros de trânsito;por 100 mil hab.;65,5006
São Paulo;2016;TX_INTERN_TOT;Taxa de internações por sinistros de trânsito;por 100 mil hab.;62,3433
São Paulo;2017;TX_INTERN_TOT;Taxa de internações por sinistros de trânsito;por 100 mil hab.;66,2844
São Paulo;2018;TX_INTERN_TOT;Taxa de internações por sinistros de trânsito;por 100 mil hab.;71,332
São Paulo;2019;TX_INTERN_TOT;Taxa de internações por sinistros de trânsito;por 100 mil hab.;74,4857
São Paulo;2020;TX_INTERN_TOT;Taxa de internações por sinistros de trânsito;por 100 mil hab.;76,5746
São Paulo;2021;TX_INTERN_TOT;Taxa de internações por sinistros de trânsito;por 100 mil hab.;83,2421
São Paulo;2022;TX_INTERN_TOT;Taxa de internações por sinistros de trânsito;por 100 mil hab.;93,5968
Teresina;2008;TX_INTERN_TOT;Taxa de internações por sinistros de trânsito;por 100 mil hab.;296,3737
Teresina;2009;TX_INTERN_TOT;Taxa de internações por sinistros de trânsito;por 100 mil hab.;137,5638
Teresina;2010;TX_INTERN_TOT;Taxa de internações por sinistros de trânsito;por 100 mil hab.;319,4429
Teresina;2011;TX_INTERN_TOT;Taxa de internações por sinistros de trânsito;por 100 mil hab.;299,2592
Teresina;2012;TX_INTERN_TOT;Taxa de internações por sinistros de trânsito;por 100 mil hab.;254,387
Teresina;2013;TX_INTERN_TOT;Taxa de internações por sinistros de trânsito;por 100 mil hab.;499,1183
Teresina;2014;TX_INTERN_TOT;Taxa de internações por sinistros de trânsito;por 100 mil hab.;515,822
Teresina;2015;TX_INTERN_TOT;Taxa de internações por sinistros de trânsito;por 100 mil hab.;644,1258
Teresina;2016;TX_INTERN_TOT;Taxa de internações por sinistros de trânsito;por 100 mil hab.;763,9569
Teresina;2017;TX_INTERN_TOT;Taxa de internações por sinistros de trânsito;por 100 mil hab.;602,2127
Teresina;2018;TX_INTERN_TOT;Taxa de internações por sinistros de trânsito;por 100 mil hab.;599,1117
Teresina;2019;TX_INTERN_TOT;Taxa de internações por sinistros de trânsito;por 100 mil hab.;590,9729
Teresina;2020;TX_INTERN_TOT;Taxa de internações por sinistros de trânsito;por 100 mil hab.;475,5349
Teresina;2021;TX_INTERN_TOT;Taxa de internações por sinistros de trânsito;por 100 mil hab.;607,26
Teresina;2022;TX_INTERN_TOT;Taxa de internações por sinistros de trânsito;por 100 mil hab.;508,2535
Vitória;2008;TX_INTERN_TOT;Taxa de internações por sinistros de trânsito;por 100 mil hab.;245,4258
Vitória;2009;TX_INTERN_TOT;Taxa de internações por sinistros de trânsito;por 100 mil hab.;247,0671
Vitória;2010;TX_INTERN_TOT;Taxa de internações por sinistros de trânsito;por 100 mil hab.;145,8202
Vitória;2011;TX_INTERN_TOT;Taxa de internações por sinistros de trânsito;por 100 mil hab.;192,118
Vitória;2012;TX_INTERN_TOT;Taxa de internações por sinistros de trânsito;por 100 mil hab.;257,8325
Vitória;2013;TX_INTERN_TOT;Taxa de internações por sinistros de trânsito;por 100 mil hab.;310,106
Vitória;2014;TX_INTERN_TOT;Taxa de internações por sinistros de trânsito;por 100 mil hab.;314,1117
Vitória;2015;TX_INTERN_TOT;Taxa de internações por sinistros de trânsito;por 100 mil hab.;549,3502
Vitória;2016;TX_INTERN_TOT;Taxa de internações por sinistros de trânsito;por 100 mil hab.;533,4372
Vitória;2017;TX_INTERN_TOT;Taxa de internações por sinistros de trânsito;por 100 mil hab.;516,0544
Vitória;2018;TX_INTERN_TOT;Taxa de internações por sinistros de trânsito;por 100 mil hab.;503,256
Vitória;2019;TX_INTERN_TOT;Taxa de internações por sinistros de trânsito;por 100 mil hab.;405,4162
Vitória;2020;TX_INTERN_TOT;Taxa de internações por sinistros de trânsito;por 100 mil hab.;462,7516
Vitória;2021;TX_INTERN_TOT;Taxa de internações por sinistros de trânsito;por 100 mil hab.;674,0922
Vitória;2022;TX_INTERN_TOT;Taxa de internações por sinistros de trânsito;por 100 mil hab.;394,897
Aracaju;2000;TX_MORT_AUTO;Taxa de mortalidade de ocupantes de automóveis;por 100 mil hab.;11,3
Aracaju;2001;TX_MORT_AUTO;Taxa de mortalidade de ocupantes de automóveis;por 100 mil hab.;15,2
Aracaju;2002;TX_MORT_AUTO;Taxa de mortalidade de ocupantes de automóveis;por 100 mil hab.;11,2
Aracaju;2003;TX_MORT_AUTO;Taxa de mortalidade de ocupantes de automóveis;por 100 mil hab.;7,9
Aracaju;2004;TX_MORT_AUTO;Taxa de mortalidade de ocupantes de automóveis;por 100 mil hab.;9,4
Aracaju;2005;TX_MORT_AUTO;Taxa de mortalidade de ocupantes de automóveis;por 100 mil hab.;3,6
Aracaju;2006;TX_MORT_AUTO;Taxa de mortalidade de ocupantes de automóveis;por 100 mil hab.;5,3
Aracaju;2007;TX_MORT_AUTO;Taxa de mortalidade de ocupantes de automóveis;por 100 mil hab.;5
Aracaju;2008;TX_MORT_AUTO;Taxa de mortalidade de ocupantes de automóveis;por 100 mil hab.;6,1
Aracaju;2009;TX_MORT_AUTO;Taxa de mortalidade de ocupantes de automóveis;por 100 mil hab.;5,9
Aracaju;2010;TX_MORT_AUTO;Taxa de mortalidade de ocupantes de automóveis;por 100 mil hab.;6,8
Aracaju;2011;TX_MORT_AUTO;Taxa de mortalidade de ocupantes de automóveis;por 100 mil hab.;7,9
Aracaju;2012;TX_MORT_AUTO;Taxa de mortalidade de ocupantes de automóveis;por 100 mil hab.;4,4
Aracaju;2013;TX_MORT_AUTO;Taxa de mortalidade de ocupantes de automóveis;por 100 mil hab.;7
Aracaju;2014;TX_MORT_AUTO;Taxa de mortalidade de ocupantes de automóveis;por 100 mil hab.;3,8
Aracaju;2015;TX_MORT_AUTO;Taxa de mortalidade de ocupantes de automóveis;por 100 mil hab.;3,6
Aracaju;2016;TX_MORT_AUTO;Taxa de mortalidade de ocupantes de automóveis;por 100 mil hab.;3
Aracaju;2017;TX_MORT_AUTO;Taxa de mortalidade de ocupantes de automóveis;por 100 mil hab.;3,7
Aracaju;2018;TX_MORT_AUTO;Taxa de mortalidade de ocupantes de automóveis;por 100 mil hab.;2,8
Aracaju;2019;TX_MORT_AUTO;Taxa de mortalidade de ocupantes de automóveis;por 100 mil hab.;3,0441
Aracaju;2020;TX_MORT_AUTO;Taxa de mortalidade de ocupantes de automóveis;por 100 mil hab.;1,504
Aracaju;2021;TX_MORT_AUTO;Taxa de mortalidade de ocupantes de automóveis;por 100 mil hab.;3,1221
Belém;2000;TX_MORT_AUTO;Taxa de mortalidade de ocupantes de automóveis;por 100 mil hab.;1,1
Belém;2001;TX_MORT_AUTO;Taxa de mortalidade de ocupantes de automóveis;por 100 mil hab.;0,9
Belém;2002;TX_MORT_AUTO;Taxa de mortalidade de ocupantes de automóveis;por 100 mil hab.;0,4
Belém;2003;TX_MORT_AUTO;Taxa de mortalidade de ocupantes de automóveis;por 100 mil hab.;0,5
Belém;2004;TX_MORT_AUTO;Taxa de mortalidade de ocupantes de automóveis;por 100 mil hab.;0,4
Belém;2005;TX_MORT_AUTO;Taxa de mortalidade de ocupantes de automóveis;por 100 mil hab.;1,6
Belém;2006;TX_MORT_AUTO;Taxa de mortalidade de ocupantes de automóveis;por 100 mil hab.;0,9
Belém;2007;TX_MORT_AUTO;Taxa de mortalidade de ocupantes de automóveis;por 100 mil hab.;0,2
Belém;2008;TX_MORT_AUTO;Taxa de mortalidade de ocupantes de automóveis;por 100 mil hab.;0
Belém;2009;TX_MORT_AUTO;Taxa de mortalidade de ocupantes de automóveis;por 100 mil hab.;0,3
Belém;2010;TX_MORT_AUTO;Taxa de mortalidade de ocupantes de automóveis;por 100 mil hab.;0,4
Belém;2011;TX_MORT_AUTO;Taxa de mortalidade de ocupantes de automóveis;por 100 mil hab.;0
Belém;2012;TX_MORT_AUTO;Taxa de mortalidade de ocupantes de automóveis;por 100 mil hab.;0,1
Belém;2013;TX_MORT_AUTO;Taxa de mortalidade de ocupantes de automóveis;por 100 mil hab.;0,4
Belém;2014;TX_MORT_AUTO;Taxa de mortalidade de ocupantes de automóveis;por 100 mil hab.;0,6
Belém;2015;TX_MORT_AUTO;Taxa de mortalidade de ocupantes de automóveis;por 100 mil hab.;0,1
Belém;2016;TX_MORT_AUTO;Taxa de mortalidade de ocupantes de automóveis;por 100 mil hab.;0,2
Belém;2017;TX_MORT_AUTO;Taxa de mortalidade de ocupantes de automóveis;por 100 mil hab.;0,3
Belém;2018;TX_MORT_AUTO;Taxa de mortalidade de ocupantes de automóveis;por 100 mil hab.;0,5
Belém;2019;TX_MORT_AUTO;Taxa de mortalidade de ocupantes de automóveis;por 100 mil hab.;0,8039
Belém;2020;TX_MORT_AUTO;Taxa de mortalidade de ocupantes de automóveis;por 100 mil hab.;0,2
Belém;2021;TX_MORT_AUTO;Taxa de mortalidade de ocupantes de automóveis;por 100 mil hab.;0,3319
Belo Horizonte;2000;TX_MORT_AUTO;Taxa de mortalidade de ocupantes de automóveis;por 100 mil hab.;1,9
Belo Horizonte;2001;TX_MORT_AUTO;Taxa de mortalidade de ocupantes de automóveis;por 100 mil hab.;2,2
Belo Horizonte;2002;TX_MORT_AUTO;Taxa de mortalidade de ocupantes de automóveis;por 100 mil hab.;3,8
Belo Horizonte;2003;TX_MORT_AUTO;Taxa de mortalidade de ocupantes de automóveis;por 100 mil hab.;1,8
Belo Horizonte;2004;TX_MORT_AUTO;Taxa de mortalidade de ocupantes de automóveis;por 100 mil hab.;2,2
Belo Horizonte;2005;TX_MORT_AUTO;Taxa de mortalidade de ocupantes de automóveis;por 100 mil hab.;2,4
Belo Horizonte;2006;TX_MORT_AUTO;Taxa de mortalidade de ocupantes de automóveis;por 100 mil hab.;4,5
Belo Horizonte;2007;TX_MORT_AUTO;Taxa de mortalidade de ocupantes de automóveis;por 100 mil hab.;3,9
Belo Horizonte;2008;TX_MORT_AUTO;Taxa de mortalidade de ocupantes de automóveis;por 100 mil hab.;4,5
Belo Horizonte;2009;TX_MORT_AUTO;Taxa de mortalidade de ocupantes de automóveis;por 100 mil hab.;3,8
Belo Horizonte;2010;TX_MORT_AUTO;Taxa de mortalidade de ocupantes de automóveis;por 100 mil hab.;5,9
Belo Horizonte;2011;TX_MORT_AUTO;Taxa de mortalidade de ocupantes de automóveis;por 100 mil hab.;5,6
Belo Horizonte;2012;TX_MORT_AUTO;Taxa de mortalidade de ocupantes de automóveis;por 100 mil hab.;3,3
Belo Horizonte;2013;TX_MORT_AUTO;Taxa de mortalidade de ocupantes de automóveis;por 100 mil hab.;4,3
Belo Horizonte;2014;TX_MORT_AUTO;Taxa de mortalidade de ocupantes de automóveis;por 100 mil hab.;3,5
Belo Horizonte;2015;TX_MORT_AUTO;Taxa de mortalidade de ocupantes de automóveis;por 100 mil hab.;3,7
Belo Horizonte;2016;TX_MORT_AUTO;Taxa de mortalidade de ocupantes de automóveis;por 100 mil hab.;2,6
Belo Horizonte;2017;TX_MORT_AUTO;Taxa de mortalidade de ocupantes de automóveis;por 100 mil hab.;2,1
Belo Horizonte;2018;TX_MORT_AUTO;Taxa de mortalidade de ocupantes de automóveis;por 100 mil hab.;2,1
Belo Horizonte;2019;TX_MORT_AUTO;Taxa de mortalidade de ocupantes de automóveis;por 100 mil hab.;1,1544
Belo Horizonte;2020;TX_MORT_AUTO;Taxa de mortalidade de ocupantes de automóveis;por 100 mil hab.;1,388
Belo Horizonte;2021;TX_MORT_AUTO;Taxa de mortalidade de ocupantes de automóveis;por 100 mil hab.;1,6596
Boa Vista;2000;TX_MORT_AUTO;Taxa de mortalidade de ocupantes de automóveis;por 100 mil hab.;7
Boa Vista;2001;TX_MORT_AUTO;Taxa de mortalidade de ocupantes de automóveis;por 100 mil hab.;3,4
Boa Vista;2002;TX_MORT_AUTO;Taxa de mortalidade de ocupantes de automóveis;por 100 mil hab.;4,7
Boa Vista;2003;TX_MORT_AUTO;Taxa de mortalidade de ocupantes de automóveis;por 100 mil hab.;0,9
Boa Vista;2004;TX_MORT_AUTO;Taxa de mortalidade de ocupantes de automóveis;por 100 mil hab.;1,3
Boa Vista;2005;TX_MORT_AUTO;Taxa de mortalidade de ocupantes de automóveis;por 100 mil hab.;4,1
Boa Vista;2006;TX_MORT_AUTO;Taxa de mortalidade de ocupantes de automóveis;por 100 mil hab.;2,4
Boa Vista;2007;TX_MORT_AUTO;Taxa de mortalidade de ocupantes de automóveis;por 100 mil hab.;7,2
Boa Vista;2008;TX_MORT_AUTO;Taxa de mortalidade de ocupantes de automóveis;por 100 mil hab.;2,7
Boa Vista;2009;TX_MORT_AUTO;Taxa de mortalidade de ocupantes de automóveis;por 100 mil hab.;2,6
Boa Vista;2010;TX_MORT_AUTO;Taxa de mortalidade de ocupantes de automóveis;por 100 mil hab.;2,1
Boa Vista;2011;TX_MORT_AUTO;Taxa de mortalidade de ocupantes de automóveis;por 100 mil hab.;4,1
Boa Vista;2012;TX_MORT_AUTO;Taxa de mortalidade de ocupantes de automóveis;por 100 mil hab.;2,7
Boa Vista;2013;TX_MORT_AUTO;Taxa de mortalidade de ocupantes de automóveis;por 100 mil hab.;5,2
Boa Vista;2014;TX_MORT_AUTO;Taxa de mortalidade de ocupantes de automóveis;por 100 mil hab.;5,4
Boa Vista;2015;TX_MORT_AUTO;Taxa de mortalidade de ocupantes de automóveis;por 100 mil hab.;5,9
Boa Vista;2016;TX_MORT_AUTO;Taxa de mortalidade de ocupantes de automóveis;por 100 mil hab.;6,1
Boa Vista;2017;TX_MORT_AUTO;Taxa de mortalidade de ocupantes de automóveis;por 100 mil hab.;3
Boa Vista;2018;TX_MORT_AUTO;Taxa de mortalidade de ocupantes de automóveis;por 100 mil hab.;3,7
Boa Vista;2019;TX_MORT_AUTO;Taxa de mortalidade de ocupantes de automóveis;por 100 mil hab.;5,7613
Boa Vista;2020;TX_MORT_AUTO;Taxa de mortalidade de ocupantes de automóveis;por 100 mil hab.;8,102
Boa Vista;2021;TX_MORT_AUTO;Taxa de mortalidade de ocupantes de automóveis;por 100 mil hab.;8,7038
Brasília;2000;TX_MORT_AUTO;Taxa de mortalidade de ocupantes de automóveis;por 100 mil hab.;14,1
Brasília;2001;TX_MORT_AUTO;Taxa de mortalidade de ocupantes de automóveis;por 100 mil hab.;11,4
Brasília;2002;TX_MORT_AUTO;Taxa de mortalidade de ocupantes de automóveis;por 100 mil hab.;11,8
Brasília;2003;TX_MORT_AUTO;Taxa de mortalidade de ocupantes de automóveis;por 100 mil hab.;14,7
Brasília;2004;TX_MORT_AUTO;Taxa de mortalidade de ocupantes de automóveis;por 100 mil hab.;12,1
Brasília;2005;TX_MORT_AUTO;Taxa de mortalidade de ocupantes de automóveis;por 100 mil hab.;8,4
Brasília;2006;TX_MORT_AUTO;Taxa de mortalidade de ocupantes de automóveis;por 100 mil hab.;7,7
Brasília;2007;TX_MORT_AUTO;Taxa de mortalidade de ocupantes de automóveis;por 100 mil hab.;7,1
Brasília;2008;TX_MORT_AUTO;Taxa de mortalidade de ocupantes de automóveis;por 100 mil hab.;6,1
Brasília;2009;TX_MORT_AUTO;Taxa de mortalidade de ocupantes de automóveis;por 100 mil hab.;7,4
Brasília;2010;TX_MORT_AUTO;Taxa de mortalidade de ocupantes de automóveis;por 100 mil hab.;8
Brasília;2011;TX_MORT_AUTO;Taxa de mortalidade de ocupantes de automóveis;por 100 mil hab.;9,5
Brasília;2012;TX_MORT_AUTO;Taxa de mortalidade de ocupantes de automóveis;por 100 mil hab.;7,8
Brasília;2013;TX_MORT_AUTO;Taxa de mortalidade de ocupantes de automóveis;por 100 mil hab.;5,3
Brasília;2014;TX_MORT_AUTO;Taxa de mortalidade de ocupantes de automóveis;por 100 mil hab.;5,8
Brasília;2015;TX_MORT_AUTO;Taxa de mortalidade de ocupantes de automóveis;por 100 mil hab.;3,3
Brasília;2016;TX_MORT_AUTO;Taxa de mortalidade de ocupantes de automóveis;por 100 mil hab.;3,9
Brasília;2017;TX_MORT_AUTO;Taxa de mortalidade de ocupantes de automóveis;por 100 mil hab.;2,8
Brasília;2018;TX_MORT_AUTO;Taxa de mortalidade de ocupantes de automóveis;por 100 mil hab.;3,1
Brasília;2019;TX_MORT_AUTO;Taxa de mortalidade de ocupantes de automóveis;por 100 mil hab.;2,8853
Brasília;2020;TX_MORT_AUTO;Taxa de mortalidade de ocupantes de automóveis;por 100 mil hab.;2,2912
Brasília;2021;TX_MORT_AUTO;Taxa de mortalidade de ocupantes de automóveis;por 100 mil hab.;2,3268
Campo Grande;2000;TX_MORT_AUTO;Taxa de mortalidade de ocupantes de automóveis;por 100 mil hab.;0,5
Campo Grande;2001;TX_MORT_AUTO;Taxa de mortalidade de ocupantes de automóveis;por 100 mil hab.;1,9
Campo Grande;2002;TX_MORT_AUTO;Taxa de mortalidade de ocupantes de automóveis;por 100 mil hab.;0,9
Campo Grande;2003;TX_MORT_AUTO;Taxa de mortalidade de ocupantes de automóveis;por 100 mil hab.;2
Campo Grande;2004;TX_MORT_AUTO;Taxa de mortalidade de ocupantes de automóveis;por 100 mil hab.;1,9
Campo Grande;2005;TX_MORT_AUTO;Taxa de mortalidade de ocupantes de automóveis;por 100 mil hab.;4,8
Campo Grande;2006;TX_MORT_AUTO;Taxa de mortalidade de ocupantes de automóveis;por 100 mil hab.;3,9
Campo Grande;2007;TX_MORT_AUTO;Taxa de mortalidade de ocupantes de automóveis;por 100 mil hab.;4,1
Campo Grande;2008;TX_MORT_AUTO;Taxa de mortalidade de ocupantes de automóveis;por 100 mil hab.;5,1
Campo Grande;2009;TX_MORT_AUTO;Taxa de mortalidade de ocupantes de automóveis;por 100 mil hab.;4,2
Campo Grande;2010;TX_MORT_AUTO;Taxa de mortalidade de ocupantes de automóveis;por 100 mil hab.;5,3
Campo Grande;2011;TX_MORT_AUTO;Taxa de mortalidade de ocupantes de automóveis;por 100 mil hab.;4,1
Campo Grande;2012;TX_MORT_AUTO;Taxa de mortalidade de ocupantes de automóveis;por 100 mil hab.;2,9
Campo Grande;2013;TX_MORT_AUTO;Taxa de mortalidade de ocupantes de automóveis;por 100 mil hab.;4,7
Campo Grande;2014;TX_MORT_AUTO;Taxa de mortalidade de ocupantes de automóveis;por 100 mil hab.;3,6
Campo Grande;2015;TX_MORT_AUTO;Taxa de mortalidade de ocupantes de automóveis;por 100 mil hab.;3,9
Campo Grande;2016;TX_MORT_AUTO;Taxa de mortalidade de ocupantes de automóveis;por 100 mil hab.;2,1
Campo Grande;2017;TX_MORT_AUTO;Taxa de mortalidade de ocupantes de automóveis;por 100 mil hab.;3,8
Campo Grande;2018;TX_MORT_AUTO;Taxa de mortalidade de ocupantes de automóveis;por 100 mil hab.;2,9
Campo Grande;2019;TX_MORT_AUTO;Taxa de mortalidade de ocupantes de automóveis;por 100 mil hab.;3,6831
Campo Grande;2020;TX_MORT_AUTO;Taxa de mortalidade de ocupantes de automóveis;por 100 mil hab.;2,9798
Campo Grande;2021;TX_MORT_AUTO;Taxa de mortalidade de ocupantes de automóveis;por 100 mil hab.;4,1485
Cuiabá;2000;TX_MORT_AUTO;Taxa de mortalidade de ocupantes de automóveis;por 100 mil hab.;9,3
Cuiabá;2001;TX_MORT_AUTO;Taxa de mortalidade de ocupantes de automóveis;por 100 mil hab.;14,6
Cuiabá;2002;TX_MORT_AUTO;Taxa de mortalidade de ocupantes de automóveis;por 100 mil hab.;18,2
Cuiabá;2003;TX_MORT_AUTO;Taxa de mortalidade de ocupantes de automóveis;por 100 mil hab.;11,4
Cuiabá;2004;TX_MORT_AUTO;Taxa de mortalidade de ocupantes de automóveis;por 100 mil hab.;12
Cuiabá;2005;TX_MORT_AUTO;Taxa de mortalidade de ocupantes de automóveis;por 100 mil hab.;10,7
Cuiabá;2006;TX_MORT_AUTO;Taxa de mortalidade de ocupantes de automóveis;por 100 mil hab.;10,9
Cuiabá;2007;TX_MORT_AUTO;Taxa de mortalidade de ocupantes de automóveis;por 100 mil hab.;7,6
Cuiabá;2008;TX_MORT_AUTO;Taxa de mortalidade de ocupantes de automóveis;por 100 mil hab.;7,2
Cuiabá;2009;TX_MORT_AUTO;Taxa de mortalidade de ocupantes de automóveis;por 100 mil hab.;7,1
Cuiabá;2010;TX_MORT_AUTO;Taxa de mortalidade de ocupantes de automóveis;por 100 mil hab.;9,1
Cuiabá;2011;TX_MORT_AUTO;Taxa de mortalidade de ocupantes de automóveis;por 100 mil hab.;9,7
Cuiabá;2012;TX_MORT_AUTO;Taxa de mortalidade de ocupantes de automóveis;por 100 mil hab.;4,5
Cuiabá;2013;TX_MORT_AUTO;Taxa de mortalidade de ocupantes de automóveis;por 100 mil hab.;6
Cuiabá;2014;TX_MORT_AUTO;Taxa de mortalidade de ocupantes de automóveis;por 100 mil hab.;8,9
Cuiabá;2015;TX_MORT_AUTO;Taxa de mortalidade de ocupantes de automóveis;por 100 mil hab.;9,5
Cuiabá;2016;TX_MORT_AUTO;Taxa de mortalidade de ocupantes de automóveis;por 100 mil hab.;6,5
Cuiabá;2017;TX_MORT_AUTO;Taxa de mortalidade de ocupantes de automóveis;por 100 mil hab.;5,9
Cuiabá;2018;TX_MORT_AUTO;Taxa de mortalidade de ocupantes de automóveis;por 100 mil hab.;7,7
Cuiabá;2019;TX_MORT_AUTO;Taxa de mortalidade de ocupantes de automóveis;por 100 mil hab.;3,4283
Cuiabá;2020;TX_MORT_AUTO;Taxa de mortalidade de ocupantes de automóveis;por 100 mil hab.;3,5592
Cuiabá;2021;TX_MORT_AUTO;Taxa de mortalidade de ocupantes de automóveis;por 100 mil hab.;2,8864
Curitiba;2000;TX_MORT_AUTO;Taxa de mortalidade de ocupantes de automóveis;por 100 mil hab.;3,8
Curitiba;2001;TX_MORT_AUTO;Taxa de mortalidade de ocupantes de automóveis;por 100 mil hab.;3,9
Curitiba;2002;TX_MORT_AUTO;Taxa de mortalidade de ocupantes de automóveis;por 100 mil hab.;2,8
Curitiba;2003;TX_MORT_AUTO;Taxa de mortalidade de ocupantes de automóveis;por 100 mil hab.;5,1
Curitiba;2004;TX_MORT_AUTO;Taxa de mortalidade de ocupantes de automóveis;por 100 mil hab.;7,5
Curitiba;2005;TX_MORT_AUTO;Taxa de mortalidade de ocupantes de automóveis;por 100 mil hab.;6,1
Curitiba;2006;TX_MORT_AUTO;Taxa de mortalidade de ocupantes de automóveis;por 100 mil hab.;7,2
Curitiba;2007;TX_MORT_AUTO;Taxa de mortalidade de ocupantes de automóveis;por 100 mil hab.;6,5
Curitiba;2008;TX_MORT_AUTO;Taxa de mortalidade de ocupantes de automóveis;por 100 mil hab.;5,7
Curitiba;2009;TX_MORT_AUTO;Taxa de mortalidade de ocupantes de automóveis;por 100 mil hab.;4,5
Curitiba;2010;TX_MORT_AUTO;Taxa de mortalidade de ocupantes de automóveis;por 100 mil hab.;5,7
Curitiba;2011;TX_MORT_AUTO;Taxa de mortalidade de ocupantes de automóveis;por 100 mil hab.;5,4
Curitiba;2012;TX_MORT_AUTO;Taxa de mortalidade de ocupantes de automóveis;por 100 mil hab.;4,5
Curitiba;2013;TX_MORT_AUTO;Taxa de mortalidade de ocupantes de automóveis;por 100 mil hab.;4,1
Curitiba;2014;TX_MORT_AUTO;Taxa de mortalidade de ocupantes de automóveis;por 100 mil hab.;4,1
Curitiba;2015;TX_MORT_AUTO;Taxa de mortalidade de ocupantes de automóveis;por 100 mil hab.;2,6
Curitiba;2016;TX_MORT_AUTO;Taxa de mortalidade de ocupantes de automóveis;por 100 mil hab.;3
Curitiba;2017;TX_MORT_AUTO;Taxa de mortalidade de ocupantes de automóveis;por 100 mil hab.;3,2
Curitiba;2018;TX_MORT_AUTO;Taxa de mortalidade de ocupantes de automóveis;por 100 mil hab.;2,1
Curitiba;2019;TX_MORT_AUTO;Taxa de mortalidade de ocupantes de automóveis;por 100 mil hab.;1,6554
Curitiba;2020;TX_MORT_AUTO;Taxa de mortalidade de ocupantes de automóveis;por 100 mil hab.;1,8988
Curitiba;2021;TX_MORT_AUTO;Taxa de mortalidade de ocupantes de automóveis;por 100 mil hab.;2,9026
Florianópolis;2000;TX_MORT_AUTO;Taxa de mortalidade de ocupantes de automóveis;por 100 mil hab.;4,1
Florianópolis;2001;TX_MORT_AUTO;Taxa de mortalidade de ocupantes de automóveis;por 100 mil hab.;3,7
Florianópolis;2002;TX_MORT_AUTO;Taxa de mortalidade de ocupantes de automóveis;por 100 mil hab.;5,3
Florianópolis;2003;TX_MORT_AUTO;Taxa de mortalidade de ocupantes de automóveis;por 100 mil hab.;4,3
Florianópolis;2004;TX_MORT_AUTO;Taxa de mortalidade de ocupantes de automóveis;por 100 mil hab.;4,4
Florianópolis;2005;TX_MORT_AUTO;Taxa de mortalidade de ocupantes de automóveis;por 100 mil hab.;4
Florianópolis;2006;TX_MORT_AUTO;Taxa de mortalidade de ocupantes de automóveis;por 100 mil hab.;6,4
Florianópolis;2007;TX_MORT_AUTO;Taxa de mortalidade de ocupantes de automóveis;por 100 mil hab.;3
Florianópolis;2008;TX_MORT_AUTO;Taxa de mortalidade de ocupantes de automóveis;por 100 mil hab.;1,2
Florianópolis;2009;TX_MORT_AUTO;Taxa de mortalidade de ocupantes de automóveis;por 100 mil hab.;3,4
Florianópolis;2010;TX_MORT_AUTO;Taxa de mortalidade de ocupantes de automóveis;por 100 mil hab.;3,1
Florianópolis;2011;TX_MORT_AUTO;Taxa de mortalidade de ocupantes de automóveis;por 100 mil hab.;3
Florianópolis;2012;TX_MORT_AUTO;Taxa de mortalidade de ocupantes de automóveis;por 100 mil hab.;4,2
Florianópolis;2013;TX_MORT_AUTO;Taxa de mortalidade de ocupantes de automóveis;por 100 mil hab.;3,1
Florianópolis;2014;TX_MORT_AUTO;Taxa de mortalidade de ocupantes de automóveis;por 100 mil hab.;4,8
Florianópolis;2015;TX_MORT_AUTO;Taxa de mortalidade de ocupantes de automóveis;por 100 mil hab.;2,8
Florianópolis;2016;TX_MORT_AUTO;Taxa de mortalidade de ocupantes de automóveis;por 100 mil hab.;2,7
Florianópolis;2017;TX_MORT_AUTO;Taxa de mortalidade de ocupantes de automóveis;por 100 mil hab.;3,3
Florianópolis;2018;TX_MORT_AUTO;Taxa de mortalidade de ocupantes de automóveis;por 100 mil hab.;3,2
Florianópolis;2019;TX_MORT_AUTO;Taxa de mortalidade de ocupantes de automóveis;por 100 mil hab.;1,1977
Florianópolis;2020;TX_MORT_AUTO;Taxa de mortalidade de ocupantes de automóveis;por 100 mil hab.;2,1618
Florianópolis;2021;TX_MORT_AUTO;Taxa de mortalidade de ocupantes de automóveis;por 100 mil hab.;1,1616
Fortaleza;2000;TX_MORT_AUTO;Taxa de mortalidade de ocupantes de automóveis;por 100 mil hab.;3
Fortaleza;2001;TX_MORT_AUTO;Taxa de mortalidade de ocupantes de automóveis;por 100 mil hab.;4,6
Fortaleza;2002;TX_MORT_AUTO;Taxa de mortalidade de ocupantes de automóveis;por 100 mil hab.;7,1
Fortaleza;2003;TX_MORT_AUTO;Taxa de mortalidade de ocupantes de automóveis;por 100 mil hab.;6,4
Fortaleza;2004;TX_MORT_AUTO;Taxa de mortalidade de ocupantes de automóveis;por 100 mil hab.;7
Fortaleza;2005;TX_MORT_AUTO;Taxa de mortalidade de ocupantes de automóveis;por 100 mil hab.;7,2
Fortaleza;2006;TX_MORT_AUTO;Taxa de mortalidade de ocupantes de automóveis;por 100 mil hab.;8,3
Fortaleza;2007;TX_MORT_AUTO;Taxa de mortalidade de ocupantes de automóveis;por 100 mil hab.;7,3
Fortaleza;2008;TX_MORT_AUTO;Taxa de mortalidade de ocupantes de automóveis;por 100 mil hab.;6,4
Fortaleza;2009;TX_MORT_AUTO;Taxa de mortalidade de ocupantes de automóveis;por 100 mil hab.;3,7
Fortaleza;2010;TX_MORT_AUTO;Taxa de mortalidade de ocupantes de automóveis;por 100 mil hab.;1,2
Fortaleza;2011;TX_MORT_AUTO;Taxa de mortalidade de ocupantes de automóveis;por 100 mil hab.;5,7
Fortaleza;2012;TX_MORT_AUTO;Taxa de mortalidade de ocupantes de automóveis;por 100 mil hab.;6
Fortaleza;2013;TX_MORT_AUTO;Taxa de mortalidade de ocupantes de automóveis;por 100 mil hab.;4,7
Fortaleza;2014;TX_MORT_AUTO;Taxa de mortalidade de ocupantes de automóveis;por 100 mil hab.;4,5
Fortaleza;2015;TX_MORT_AUTO;Taxa de mortalidade de ocupantes de automóveis;por 100 mil hab.;5,4
Fortaleza;2016;TX_MORT_AUTO;Taxa de mortalidade de ocupantes de automóveis;por 100 mil hab.;5,9
Fortaleza;2017;TX_MORT_AUTO;Taxa de mortalidade de ocupantes de automóveis;por 100 mil hab.;0,8
Fortaleza;2018;TX_MORT_AUTO;Taxa de mortalidade de ocupantes de automóveis;por 100 mil hab.;1
Fortaleza;2019;TX_MORT_AUTO;Taxa de mortalidade de ocupantes de automóveis;por 100 mil hab.;0,5619
Fortaleza;2020;TX_MORT_AUTO;Taxa de mortalidade de ocupantes de automóveis;por 100 mil hab.;0,2233
Fortaleza;2021;TX_MORT_AUTO;Taxa de mortalidade de ocupantes de automóveis;por 100 mil hab.;0,5549
Goiânia;2000;TX_MORT_AUTO;Taxa de mortalidade de ocupantes de automóveis;por 100 mil hab.;5,5
Goiânia;2001;TX_MORT_AUTO;Taxa de mortalidade de ocupantes de automóveis;por 100 mil hab.;4,4
Goiânia;2002;TX_MORT_AUTO;Taxa de mortalidade de ocupantes de automóveis;por 100 mil hab.;4,8
Goiânia;2003;TX_MORT_AUTO;Taxa de mortalidade de ocupantes de automóveis;por 100 mil hab.;3,6
Goiânia;2004;TX_MORT_AUTO;Taxa de mortalidade de ocupantes de automóveis;por 100 mil hab.;7,8
Goiânia;2005;TX_MORT_AUTO;Taxa de mortalidade de ocupantes de automóveis;por 100 mil hab.;6,7
Goiânia;2006;TX_MORT_AUTO;Taxa de mortalidade de ocupantes de automóveis;por 100 mil hab.;4,8
Goiânia;2007;TX_MORT_AUTO;Taxa de mortalidade de ocupantes de automóveis;por 100 mil hab.;5
Goiânia;2008;TX_MORT_AUTO;Taxa de mortalidade de ocupantes de automóveis;por 100 mil hab.;4,8
Goiânia;2009;TX_MORT_AUTO;Taxa de mortalidade de ocupantes de automóveis;por 100 mil hab.;5,1
Goiânia;2010;TX_MORT_AUTO;Taxa de mortalidade de ocupantes de automóveis;por 100 mil hab.;4,3
Goiânia;2011;TX_MORT_AUTO;Taxa de mortalidade de ocupantes de automóveis;por 100 mil hab.;4,4
Goiânia;2012;TX_MORT_AUTO;Taxa de mortalidade de ocupantes de automóveis;por 100 mil hab.;4,3
Goiânia;2013;TX_MORT_AUTO;Taxa de mortalidade de ocupantes de automóveis;por 100 mil hab.;4,1
Goiânia;2014;TX_MORT_AUTO;Taxa de mortalidade de ocupantes de automóveis;por 100 mil hab.;5,3
Goiânia;2015;TX_MORT_AUTO;Taxa de mortalidade de ocupantes de automóveis;por 100 mil hab.;4,5
Goiânia;2016;TX_MORT_AUTO;Taxa de mortalidade de ocupantes de automóveis;por 100 mil hab.;4,8
Goiânia;2017;TX_MORT_AUTO;Taxa de mortalidade de ocupantes de automóveis;por 100 mil hab.;5,1
Goiânia;2018;TX_MORT_AUTO;Taxa de mortalidade de ocupantes de automóveis;por 100 mil hab.;3,7
Goiânia;2019;TX_MORT_AUTO;Taxa de mortalidade de ocupantes de automóveis;por 100 mil hab.;3,5617
Goiânia;2020;TX_MORT_AUTO;Taxa de mortalidade de ocupantes de automóveis;por 100 mil hab.;3,255
Goiânia;2021;TX_MORT_AUTO;Taxa de mortalidade de ocupantes de automóveis;por 100 mil hab.;3,407
João Pessoa;2000;TX_MORT_AUTO;Taxa de mortalidade de ocupantes de automóveis;por 100 mil hab.;9,4
João Pessoa;2001;TX_MORT_AUTO;Taxa de mortalidade de ocupantes de automóveis;por 100 mil hab.;2,6
João Pessoa;2002;TX_MORT_AUTO;Taxa de mortalidade de ocupantes de automóveis;por 100 mil hab.;0
João Pessoa;2003;TX_MORT_AUTO;Taxa de mortalidade de ocupantes de automóveis;por 100 mil hab.;8,4
João Pessoa;2004;TX_MORT_AUTO;Taxa de mortalidade de ocupantes de automóveis;por 100 mil hab.;2,6
João Pessoa;2005;TX_MORT_AUTO;Taxa de mortalidade de ocupantes de automóveis;por 100 mil hab.;2,3
João Pessoa;2006;TX_MORT_AUTO;Taxa de mortalidade de ocupantes de automóveis;por 100 mil hab.;1,2
João Pessoa;2007;TX_MORT_AUTO;Taxa de mortalidade de ocupantes de automóveis;por 100 mil hab.;1
João Pessoa;2008;TX_MORT_AUTO;Taxa de mortalidade de ocupantes de automóveis;por 100 mil hab.;1
João Pessoa;2009;TX_MORT_AUTO;Taxa de mortalidade de ocupantes de automóveis;por 100 mil hab.;1,9
João Pessoa;2010;TX_MORT_AUTO;Taxa de mortalidade de ocupantes de automóveis;por 100 mil hab.;3,7
João Pessoa;2011;TX_MORT_AUTO;Taxa de mortalidade de ocupantes de automóveis;por 100 mil hab.;2,7
João Pessoa;2012;TX_MORT_AUTO;Taxa de mortalidade de ocupantes de automóveis;por 100 mil hab.;3,2
João Pessoa;2013;TX_MORT_AUTO;Taxa de mortalidade de ocupantes de automóveis;por 100 mil hab.;1,4
João Pessoa;2014;TX_MORT_AUTO;Taxa de mortalidade de ocupantes de automóveis;por 100 mil hab.;1,8
João Pessoa;2015;TX_MORT_AUTO;Taxa de mortalidade de ocupantes de automóveis;por 100 mil hab.;2,5
João Pessoa;2016;TX_MORT_AUTO;Taxa de mortalidade de ocupantes de automóveis;por 100 mil hab.;1,2
João Pessoa;2017;TX_MORT_AUTO;Taxa de mortalidade de ocupantes de automóveis;por 100 mil hab.;0,6
João Pessoa;2018;TX_MORT_AUTO;Taxa de mortalidade de ocupantes de automóveis;por 100 mil hab.;1,1
João Pessoa;2019;TX_MORT_AUTO;Taxa de mortalidade de ocupantes de automóveis;por 100 mil hab.;0,618
João Pessoa;2020;TX_MORT_AUTO;Taxa de mortalidade de ocupantes de automóveis;por 100 mil hab.;0,6116
João Pessoa;2021;TX_MORT_AUTO;Taxa de mortalidade de ocupantes de automóveis;por 100 mil hab.;4,1172
Macapá;2000;TX_MORT_AUTO;Taxa de mortalidade de ocupantes de automóveis;por 100 mil hab.;7,4
Macapá;2001;TX_MORT_AUTO;Taxa de mortalidade de ocupantes de automóveis;por 100 mil hab.;0,7
Macapá;2002;TX_MORT_AUTO;Taxa de mortalidade de ocupantes de automóveis;por 100 mil hab.;0
Macapá;2003;TX_MORT_AUTO;Taxa de mortalidade de ocupantes de automóveis;por 100 mil hab.;2,5
Macapá;2004;TX_MORT_AUTO;Taxa de mortalidade de ocupantes de automóveis;por 100 mil hab.;4
Macapá;2005;TX_MORT_AUTO;Taxa de mortalidade de ocupantes de automóveis;por 100 mil hab.;0,8
Macapá;2006;TX_MORT_AUTO;Taxa de mortalidade de ocupantes de automóveis;por 100 mil hab.;1,1
Macapá;2007;TX_MORT_AUTO;Taxa de mortalidade de ocupantes de automóveis;por 100 mil hab.;4,4
Macapá;2008;TX_MORT_AUTO;Taxa de mortalidade de ocupantes de automóveis;por 100 mil hab.;1,7
Macapá;2009;TX_MORT_AUTO;Taxa de mortalidade de ocupantes de automóveis;por 100 mil hab.;1,4
Macapá;2010;TX_MORT_AUTO;Taxa de mortalidade de ocupantes de automóveis;por 100 mil hab.;0
Macapá;2011;TX_MORT_AUTO;Taxa de mortalidade de ocupantes de automóveis;por 100 mil hab.;0
Macapá;2012;TX_MORT_AUTO;Taxa de mortalidade de ocupantes de automóveis;por 100 mil hab.;1,2
Macapá;2013;TX_MORT_AUTO;Taxa de mortalidade de ocupantes de automóveis;por 100 mil hab.;0,5
Macapá;2014;TX_MORT_AUTO;Taxa de mortalidade de ocupantes de automóveis;por 100 mil hab.;3,8
Macapá;2015;TX_MORT_AUTO;Taxa de mortalidade de ocupantes de automóveis;por 100 mil hab.;2,2
Macapá;2016;TX_MORT_AUTO;Taxa de mortalidade de ocupantes de automóveis;por 100 mil hab.;4,5
Macapá;2017;TX_MORT_AUTO;Taxa de mortalidade de ocupantes de automóveis;por 100 mil hab.;2,5
Macapá;2018;TX_MORT_AUTO;Taxa de mortalidade de ocupantes de automóveis;por 100 mil hab.;1,6
Macapá;2019;TX_MORT_AUTO;Taxa de mortalidade de ocupantes de automóveis;por 100 mil hab.;2,1855
Macapá;2020;TX_MORT_AUTO;Taxa de mortalidade de ocupantes de automóveis;por 100 mil hab.;0,7799
Macapá;2021;TX_MORT_AUTO;Taxa de mortalidade de ocupantes de automóveis;por 100 mil hab.;3,063
Maceió;2000;TX_MORT_AUTO;Taxa de mortalidade de ocupantes de automóveis;por 100 mil hab.;2,8
Maceió;2001;TX_MORT_AUTO;Taxa de mortalidade de ocupantes de automóveis;por 100 mil hab.;2,9
Maceió;2002;TX_MORT_AUTO;Taxa de mortalidade de ocupantes de automóveis;por 100 mil hab.;1,1
Maceió;2003;TX_MORT_AUTO;Taxa de mortalidade de ocupantes de automóveis;por 100 mil hab.;0,6
Maceió;2004;TX_MORT_AUTO;Taxa de mortalidade de ocupantes de automóveis;por 100 mil hab.;0,7
Maceió;2005;TX_MORT_AUTO;Taxa de mortalidade de ocupantes de automóveis;por 100 mil hab.;1
Maceió;2006;TX_MORT_AUTO;Taxa de mortalidade de ocupantes de automóveis;por 100 mil hab.;0,3
Maceió;2007;TX_MORT_AUTO;Taxa de mortalidade de ocupantes de automóveis;por 100 mil hab.;0,1
Maceió;2008;TX_MORT_AUTO;Taxa de mortalidade de ocupantes de automóveis;por 100 mil hab.;0,4
Maceió;2009;TX_MORT_AUTO;Taxa de mortalidade de ocupantes de automóveis;por 100 mil hab.;0,3
Maceió;2010;TX_MORT_AUTO;Taxa de mortalidade de ocupantes de automóveis;por 100 mil hab.;0
Maceió;2011;TX_MORT_AUTO;Taxa de mortalidade de ocupantes de automóveis;por 100 mil hab.;0,1
Maceió;2012;TX_MORT_AUTO;Taxa de mortalidade de ocupantes de automóveis;por 100 mil hab.;0,3
Maceió;2013;TX_MORT_AUTO;Taxa de mortalidade de ocupantes de automóveis;por 100 mil hab.;0,2
Maceió;2014;TX_MORT_AUTO;Taxa de mortalidade de ocupantes de automóveis;por 100 mil hab.;0,3
Maceió;2015;TX_MORT_AUTO;Taxa de mortalidade de ocupantes de automóveis;por 100 mil hab.;0,1
Maceió;2016;TX_MORT_AUTO;Taxa de mortalidade de ocupantes de automóveis;por 100 mil hab.;0,2
Maceió;2017;TX_MORT_AUTO;Taxa de mortalidade de ocupantes de automóveis;por 100 mil hab.;2,2
Maceió;2018;TX_MORT_AUTO;Taxa de mortalidade de ocupantes de automóveis;por 100 mil hab.;2,4
Maceió;2019;TX_MORT_AUTO;Taxa de mortalidade de ocupantes de automóveis;por 100 mil hab.;0,687
Maceió;2020;TX_MORT_AUTO;Taxa de mortalidade de ocupantes de automóveis;por 100 mil hab.;1,0728
Maceió;2021;TX_MORT_AUTO;Taxa de mortalidade de ocupantes de automóveis;por 100 mil hab.;1,2602
Manaus;2000;TX_MORT_AUTO;Taxa de mortalidade de ocupantes de automóveis;por 100 mil hab.;3,2
Manaus;2001;TX_MORT_AUTO;Taxa de mortalidade de ocupantes de automóveis;por 100 mil hab.;2,1
Manaus;2002;TX_MORT_AUTO;Taxa de mortalidade de ocupantes de automóveis;por 100 mil hab.;2,2
Manaus;2003;TX_MORT_AUTO;Taxa de mortalidade de ocupantes de automóveis;por 100 mil hab.;1,7
Manaus;2004;TX_MORT_AUTO;Taxa de mortalidade de ocupantes de automóveis;por 100 mil hab.;0,8
Manaus;2005;TX_MORT_AUTO;Taxa de mortalidade de ocupantes de automóveis;por 100 mil hab.;0,8
Manaus;2006;TX_MORT_AUTO;Taxa de mortalidade de ocupantes de automóveis;por 100 mil hab.;1,2
Manaus;2007;TX_MORT_AUTO;Taxa de mortalidade de ocupantes de automóveis;por 100 mil hab.;1,6
Manaus;2008;TX_MORT_AUTO;Taxa de mortalidade de ocupantes de automóveis;por 100 mil hab.;0,9
Manaus;2009;TX_MORT_AUTO;Taxa de mortalidade de ocupantes de automóveis;por 100 mil hab.;0,7
Manaus;2010;TX_MORT_AUTO;Taxa de mortalidade de ocupantes de automóveis;por 100 mil hab.;1,9
Manaus;2011;TX_MORT_AUTO;Taxa de mortalidade de ocupantes de automóveis;por 100 mil hab.;1,2
Manaus;2012;TX_MORT_AUTO;Taxa de mortalidade de ocupantes de automóveis;por 100 mil hab.;1,7
Manaus;2013;TX_MORT_AUTO;Taxa de mortalidade de ocupantes de automóveis;por 100 mil hab.;2
Manaus;2014;TX_MORT_AUTO;Taxa de mortalidade de ocupantes de automóveis;por 100 mil hab.;1,7
Manaus;2015;TX_MORT_AUTO;Taxa de mortalidade de ocupantes de automóveis;por 100 mil hab.;2,3
Manaus;2016;TX_MORT_AUTO;Taxa de mortalidade de ocupantes de automóveis;por 100 mil hab.;1,5
Manaus;2017;TX_MORT_AUTO;Taxa de mortalidade de ocupantes de automóveis;por 100 mil hab.;1,1
Manaus;2018;TX_MORT_AUTO;Taxa de mortalidade de ocupantes de automóveis;por 100 mil hab.;1
Manaus;2019;TX_MORT_AUTO;Taxa de mortalidade de ocupantes de automóveis;por 100 mil hab.;1,4202
Manaus;2020;TX_MORT_AUTO;Taxa de mortalidade de ocupantes de automóveis;por 100 mil hab.;1,2615
Manaus;2021;TX_MORT_AUTO;Taxa de mortalidade de ocupantes de automóveis;por 100 mil hab.;1,8618
Natal;2000;TX_MORT_AUTO;Taxa de mortalidade de ocupantes de automóveis;por 100 mil hab.;7,3
Natal;2001;TX_MORT_AUTO;Taxa de mortalidade de ocupantes de automóveis;por 100 mil hab.;4,6
Natal;2002;TX_MORT_AUTO;Taxa de mortalidade de ocupantes de automóveis;por 100 mil hab.;2
Natal;2003;TX_MORT_AUTO;Taxa de mortalidade de ocupantes de automóveis;por 100 mil hab.;1,9
Natal;2004;TX_MORT_AUTO;Taxa de mortalidade de ocupantes de automóveis;por 100 mil hab.;2,2
Natal;2005;TX_MORT_AUTO;Taxa de mortalidade de ocupantes de automóveis;por 100 mil hab.;3,2
Natal;2006;TX_MORT_AUTO;Taxa de mortalidade de ocupantes de automóveis;por 100 mil hab.;4,4
Natal;2007;TX_MORT_AUTO;Taxa de mortalidade de ocupantes de automóveis;por 100 mil hab.;2,6
Natal;2008;TX_MORT_AUTO;Taxa de mortalidade de ocupantes de automóveis;por 100 mil hab.;5,4
Natal;2009;TX_MORT_AUTO;Taxa de mortalidade de ocupantes de automóveis;por 100 mil hab.;2,1
Natal;2010;TX_MORT_AUTO;Taxa de mortalidade de ocupantes de automóveis;por 100 mil hab.;3,2
Natal;2011;TX_MORT_AUTO;Taxa de mortalidade de ocupantes de automóveis;por 100 mil hab.;2
Natal;2012;TX_MORT_AUTO;Taxa de mortalidade de ocupantes de automóveis;por 100 mil hab.;2,7
Natal;2013;TX_MORT_AUTO;Taxa de mortalidade de ocupantes de automóveis;por 100 mil hab.;0,6
Natal;2014;TX_MORT_AUTO;Taxa de mortalidade de ocupantes de automóveis;por 100 mil hab.;1,9
Natal;2015;TX_MORT_AUTO;Taxa de mortalidade de ocupantes de automóveis;por 100 mil hab.;1,5
Natal;2016;TX_MORT_AUTO;Taxa de mortalidade de ocupantes de automóveis;por 100 mil hab.;0,7
Natal;2017;TX_MORT_AUTO;Taxa de mortalidade de ocupantes de automóveis;por 100 mil hab.;0,8
Natal;2018;TX_MORT_AUTO;Taxa de mortalidade de ocupantes de automóveis;por 100 mil hab.;0,5
Natal;2019;TX_MORT_AUTO;Taxa de mortalidade de ocupantes de automóveis;por 100 mil hab.;0,6786
Natal;2020;TX_MORT_AUTO;Taxa de mortalidade de ocupantes de automóveis;por 100 mil hab.;1,0107
Natal;2021;TX_MORT_AUTO;Taxa de mortalidade de ocupantes de automóveis;por 100 mil hab.;0,6691
Palmas;2000;TX_MORT_AUTO;Taxa de mortalidade de ocupantes de automóveis;por 100 mil hab.;24,8
Palmas;2001;TX_MORT_AUTO;Taxa de mortalidade de ocupantes de automóveis;por 100 mil hab.;7,3
Palmas;2002;TX_MORT_AUTO;Taxa de mortalidade de ocupantes de automóveis;por 100 mil hab.;13,7
Palmas;2003;TX_MORT_AUTO;Taxa de mortalidade de ocupantes de automóveis;por 100 mil hab.;8,7
Palmas;2004;TX_MORT_AUTO;Taxa de mortalidade de ocupantes de automóveis;por 100 mil hab.;12,8
Palmas;2005;TX_MORT_AUTO;Taxa de mortalidade de ocupantes de automóveis;por 100 mil hab.;8,6
Palmas;2006;TX_MORT_AUTO;Taxa de mortalidade de ocupantes de automóveis;por 100 mil hab.;5,9
Palmas;2007;TX_MORT_AUTO;Taxa de mortalidade de ocupantes de automóveis;por 100 mil hab.;14,6
Palmas;2008;TX_MORT_AUTO;Taxa de mortalidade de ocupantes de automóveis;por 100 mil hab.;4,3
Palmas;2009;TX_MORT_AUTO;Taxa de mortalidade de ocupantes de automóveis;por 100 mil hab.;6,4
Palmas;2010;TX_MORT_AUTO;Taxa de mortalidade de ocupantes de automóveis;por 100 mil hab.;2,6
Palmas;2011;TX_MORT_AUTO;Taxa de mortalidade de ocupantes de automóveis;por 100 mil hab.;4,2
Palmas;2012;TX_MORT_AUTO;Taxa de mortalidade de ocupantes de automóveis;por 100 mil hab.;4,1
Palmas;2013;TX_MORT_AUTO;Taxa de mortalidade de ocupantes de automóveis;por 100 mil hab.;6,2
Palmas;2014;TX_MORT_AUTO;Taxa de mortalidade de ocupantes de automóveis;por 100 mil hab.;6,8
Palmas;2015;TX_MORT_AUTO;Taxa de mortalidade de ocupantes de automóveis;por 100 mil hab.;8,1
Palmas;2016;TX_MORT_AUTO;Taxa de mortalidade de ocupantes de automóveis;por 100 mil hab.;6,8
Palmas;2017;TX_MORT_AUTO;Taxa de mortalidade de ocupantes de automóveis;por 100 mil hab.;7
Palmas;2018;TX_MORT_AUTO;Taxa de mortalidade de ocupantes de automóveis;por 100 mil hab.;4,5
Palmas;2019;TX_MORT_AUTO;Taxa de mortalidade de ocupantes de automóveis;por 100 mil hab.;4,6803
Palmas;2020;TX_MORT_AUTO;Taxa de mortalidade de ocupantes de automóveis;por 100 mil hab.;5,8767
Palmas;2021;TX_MORT_AUTO;Taxa de mortalidade de ocupantes de automóveis;por 100 mil hab.;6,7018
Porto Alegre;2000;TX_MORT_AUTO;Taxa de mortalidade de ocupantes de automóveis;por 100 mil hab.;0,7
Porto Alegre;2001;TX_MORT_AUTO;Taxa de mortalidade de ocupantes de automóveis;por 100 mil hab.;0,5
Porto Alegre;2002;TX_MORT_AUTO;Taxa de mortalidade de ocupantes de automóveis;por 100 mil hab.;1,2
Porto Alegre;2003;TX_MORT_AUTO;Taxa de mortalidade de ocupantes de automóveis;por 100 mil hab.;2,2
Porto Alegre;2004;TX_MORT_AUTO;Taxa de mortalidade de ocupantes de automóveis;por 100 mil hab.;2,3
Porto Alegre;2005;TX_MORT_AUTO;Taxa de mortalidade de ocupantes de automóveis;por 100 mil hab.;1,9
Porto Alegre;2006;TX_MORT_AUTO;Taxa de mortalidade de ocupantes de automóveis;por 100 mil hab.;2,5
Porto Alegre;2007;TX_MORT_AUTO;Taxa de mortalidade de ocupantes de automóveis;por 100 mil hab.;1,5
Porto Alegre;2008;TX_MORT_AUTO;Taxa de mortalidade de ocupantes de automóveis;por 100 mil hab.;1,8
Porto Alegre;2009;TX_MORT_AUTO;Taxa de mortalidade de ocupantes de automóveis;por 100 mil hab.;2,1
Porto Alegre;2010;TX_MORT_AUTO;Taxa de mortalidade de ocupantes de automóveis;por 100 mil hab.;3,1
Porto Alegre;2011;TX_MORT_AUTO;Taxa de mortalidade de ocupantes de automóveis;por 100 mil hab.;2,7
Porto Alegre;2012;TX_MORT_AUTO;Taxa de mortalidade de ocupantes de automóveis;por 100 mil hab.;2
Porto Alegre;2013;TX_MORT_AUTO;Taxa de mortalidade de ocupantes de automóveis;por 100 mil hab.;2,5
Porto Alegre;2014;TX_MORT_AUTO;Taxa de mortalidade de ocupantes de automóveis;por 100 mil hab.;2,4
Porto Alegre;2015;TX_MORT_AUTO;Taxa de mortalidade de ocupantes de automóveis;por 100 mil hab.;2,6
Porto Alegre;2016;TX_MORT_AUTO;Taxa de mortalidade de ocupantes de automóveis;por 100 mil hab.;2
Porto Alegre;2017;TX_MORT_AUTO;Taxa de mortalidade de ocupantes de automóveis;por 100 mil hab.;1,3
Porto Alegre;2018;TX_MORT_AUTO;Taxa de mortalidade de ocupantes de automóveis;por 100 mil hab.;2
Porto Alegre;2019;TX_MORT_AUTO;Taxa de mortalidade de ocupantes de automóveis;por 100 mil hab.;1,0109
Porto Alegre;2020;TX_MORT_AUTO;Taxa de mortalidade de ocupantes de automóveis;por 100 mil hab.;1,4111
Porto Alegre;2021;TX_MORT_AUTO;Taxa de mortalidade de ocupantes de automóveis;por 100 mil hab.;1,407
Porto Velho;2000;TX_MORT_AUTO;Taxa de mortalidade de ocupantes de automóveis;por 100 mil hab.;0
Porto Velho;2001;TX_MORT_AUTO;Taxa de mortalidade de ocupantes de automóveis;por 100 mil hab.;0
Porto Velho;2002;TX_MORT_AUTO;Taxa de mortalidade de ocupantes de automóveis;por 100 mil hab.;0,6
Porto Velho;2003;TX_MORT_AUTO;Taxa de mortalidade de ocupantes de automóveis;por 100 mil hab.;0,6
Porto Velho;2004;TX_MORT_AUTO;Taxa de mortalidade de ocupantes de automóveis;por 100 mil hab.;0,3
Porto Velho;2005;TX_MORT_AUTO;Taxa de mortalidade de ocupantes de automóveis;por 100 mil hab.;1,6
Porto Velho;2006;TX_MORT_AUTO;Taxa de mortalidade de ocupantes de automóveis;por 100 mil hab.;0,8
Porto Velho;2007;TX_MORT_AUTO;Taxa de mortalidade de ocupantes de automóveis;por 100 mil hab.;0
Porto Velho;2008;TX_MORT_AUTO;Taxa de mortalidade de ocupantes de automóveis;por 100 mil hab.;0,5
Porto Velho;2009;TX_MORT_AUTO;Taxa de mortalidade de ocupantes de automóveis;por 100 mil hab.;0,8
Porto Velho;2010;TX_MORT_AUTO;Taxa de mortalidade de ocupantes de automóveis;por 100 mil hab.;0,7
Porto Velho;2011;TX_MORT_AUTO;Taxa de mortalidade de ocupantes de automóveis;por 100 mil hab.;1,6
Porto Velho;2012;TX_MORT_AUTO;Taxa de mortalidade de ocupantes de automóveis;por 100 mil hab.;3,4
Porto Velho;2013;TX_MORT_AUTO;Taxa de mortalidade de ocupantes de automóveis;por 100 mil hab.;4,1
Porto Velho;2014;TX_MORT_AUTO;Taxa de mortalidade de ocupantes de automóveis;por 100 mil hab.;2,2
Porto Velho;2015;TX_MORT_AUTO;Taxa de mortalidade de ocupantes de automóveis;por 100 mil hab.;3,4
Porto Velho;2016;TX_MORT_AUTO;Taxa de mortalidade de ocupantes de automóveis;por 100 mil hab.;1,6
Porto Velho;2017;TX_MORT_AUTO;Taxa de mortalidade de ocupantes de automóveis;por 100 mil hab.;3,1
Porto Velho;2018;TX_MORT_AUTO;Taxa de mortalidade de ocupantes de automóveis;por 100 mil hab.;3,5
Porto Velho;2019;TX_MORT_AUTO;Taxa de mortalidade de ocupantes de automóveis;por 100 mil hab.;3,2103
Porto Velho;2020;TX_MORT_AUTO;Taxa de mortalidade de ocupantes de automóveis;por 100 mil hab.;1,4833
Porto Velho;2021;TX_MORT_AUTO;Taxa de mortalidade de ocupantes de automóveis;por 100 mil hab.;1,4573
Recife;2000;TX_MORT_AUTO;Taxa de mortalidade de ocupantes de automóveis;por 100 mil hab.;3,4
Recife;2001;TX_MORT_AUTO;Taxa de mortalidade de ocupantes de automóveis;por 100 mil hab.;2,4
Recife;2002;TX_MORT_AUTO;Taxa de mortalidade de ocupantes de automóveis;por 100 mil hab.;3,7
Recife;2003;TX_MORT_AUTO;Taxa de mortalidade de ocupantes de automóveis;por 100 mil hab.;2,5
Recife;2004;TX_MORT_AUTO;Taxa de mortalidade de ocupantes de automóveis;por 100 mil hab.;5,1
Recife;2005;TX_MORT_AUTO;Taxa de mortalidade de ocupantes de automóveis;por 100 mil hab.;4,3
Recife;2006;TX_MORT_AUTO;Taxa de mortalidade de ocupantes de automóveis;por 100 mil hab.;3,6
Recife;2007;TX_MORT_AUTO;Taxa de mortalidade de ocupantes de automóveis;por 100 mil hab.;3,3
Recife;2008;TX_MORT_AUTO;Taxa de mortalidade de ocupantes de automóveis;por 100 mil hab.;4,2
Recife;2009;TX_MORT_AUTO;Taxa de mortalidade de ocupantes de automóveis;por 100 mil hab.;3,7
Recife;2010;TX_MORT_AUTO;Taxa de mortalidade de ocupantes de automóveis;por 100 mil hab.;2,9
Recife;2011;TX_MORT_AUTO;Taxa de mortalidade de ocupantes de automóveis;por 100 mil hab.;2,6
Recife;2012;TX_MORT_AUTO;Taxa de mortalidade de ocupantes de automóveis;por 100 mil hab.;2,6
Recife;2013;TX_MORT_AUTO;Taxa de mortalidade de ocupantes de automóveis;por 100 mil hab.;1,8
Recife;2014;TX_MORT_AUTO;Taxa de mortalidade de ocupantes de automóveis;por 100 mil hab.;3,2
Recife;2015;TX_MORT_AUTO;Taxa de mortalidade de ocupantes de automóveis;por 100 mil hab.;3,8
Recife;2016;TX_MORT_AUTO;Taxa de mortalidade de ocupantes de automóveis;por 100 mil hab.;3,7
Recife;2017;TX_MORT_AUTO;Taxa de mortalidade de ocupantes de automóveis;por 100 mil hab.;3
Recife;2018;TX_MORT_AUTO;Taxa de mortalidade de ocupantes de automóveis;por 100 mil hab.;2,6
Recife;2019;TX_MORT_AUTO;Taxa de mortalidade de ocupantes de automóveis;por 100 mil hab.;2,309
Recife;2020;TX_MORT_AUTO;Taxa de mortalidade de ocupantes de automóveis;por 100 mil hab.;1,5725
Recife;2021;TX_MORT_AUTO;Taxa de mortalidade de ocupantes de automóveis;por 100 mil hab.;1,7459
Rio Branco;2000;TX_MORT_AUTO;Taxa de mortalidade de ocupantes de automóveis;por 100 mil hab.;9,5
Rio Branco;2001;TX_MORT_AUTO;Taxa de mortalidade de ocupantes de automóveis;por 100 mil hab.;7,7
Rio Branco;2002;TX_MORT_AUTO;Taxa de mortalidade de ocupantes de automóveis;por 100 mil hab.;0,7
Rio Branco;2003;TX_MORT_AUTO;Taxa de mortalidade de ocupantes de automóveis;por 100 mil hab.;0,4
Rio Branco;2004;TX_MORT_AUTO;Taxa de mortalidade de ocupantes de automóveis;por 100 mil hab.;0,7
Rio Branco;2005;TX_MORT_AUTO;Taxa de mortalidade de ocupantes de automóveis;por 100 mil hab.;1,3
Rio Branco;2006;TX_MORT_AUTO;Taxa de mortalidade de ocupantes de automóveis;por 100 mil hab.;0,6
Rio Branco;2007;TX_MORT_AUTO;Taxa de mortalidade de ocupantes de automóveis;por 100 mil hab.;0,3
Rio Branco;2008;TX_MORT_AUTO;Taxa de mortalidade de ocupantes de automóveis;por 100 mil hab.;0
Rio Branco;2009;TX_MORT_AUTO;Taxa de mortalidade de ocupantes de automóveis;por 100 mil hab.;0,3
Rio Branco;2010;TX_MORT_AUTO;Taxa de mortalidade de ocupantes de automóveis;por 100 mil hab.;0
Rio Branco;2011;TX_MORT_AUTO;Taxa de mortalidade de ocupantes de automóveis;por 100 mil hab.;1,5
Rio Branco;2012;TX_MORT_AUTO;Taxa de mortalidade de ocupantes de automóveis;por 100 mil hab.;1,7
Rio Branco;2013;TX_MORT_AUTO;Taxa de mortalidade de ocupantes de automóveis;por 100 mil hab.;1,1
Rio Branco;2014;TX_MORT_AUTO;Taxa de mortalidade de ocupantes de automóveis;por 100 mil hab.;2,2
Rio Branco;2015;TX_MORT_AUTO;Taxa de mortalidade de ocupantes de automóveis;por 100 mil hab.;1,1
Rio Branco;2016;TX_MORT_AUTO;Taxa de mortalidade de ocupantes de automóveis;por 100 mil hab.;0,5
Rio Branco;2017;TX_MORT_AUTO;Taxa de mortalidade de ocupantes de automóveis;por 100 mil hab.;1,6
Rio Branco;2018;TX_MORT_AUTO;Taxa de mortalidade de ocupantes de automóveis;por 100 mil hab.;0,7
Rio Branco;2019;TX_MORT_AUTO;Taxa de mortalidade de ocupantes de automóveis;por 100 mil hab.;0,2455
Rio Branco;2020;TX_MORT_AUTO;Taxa de mortalidade de ocupantes de automóveis;por 100 mil hab.;0,9675
Rio Branco;2021;TX_MORT_AUTO;Taxa de mortalidade de ocupantes de automóveis;por 100 mil hab.;0,2384
Rio de Janeiro;2000;TX_MORT_AUTO;Taxa de mortalidade de ocupantes de automóveis;por 100 mil hab.;0,7
Rio de Janeiro;2001;TX_MORT_AUTO;Taxa de mortalidade de ocupantes de automóveis;por 100 mil hab.;1,3
Rio de Janeiro;2002;TX_MORT_AUTO;Taxa de mortalidade de ocupantes de automóveis;por 100 mil hab.;1,8
Rio de Janeiro;2003;TX_MORT_AUTO;Taxa de mortalidade de ocupantes de automóveis;por 100 mil hab.;2,4
Rio de Janeiro;2004;TX_MORT_AUTO;Taxa de mortalidade de ocupantes de automóveis;por 100 mil hab.;2,2
Rio de Janeiro;2005;TX_MORT_AUTO;Taxa de mortalidade de ocupantes de automóveis;por 100 mil hab.;2,8
Rio de Janeiro;2006;TX_MORT_AUTO;Taxa de mortalidade de ocupantes de automóveis;por 100 mil hab.;2,6
Rio de Janeiro;2007;TX_MORT_AUTO;Taxa de mortalidade de ocupantes de automóveis;por 100 mil hab.;2,4
Rio de Janeiro;2008;TX_MORT_AUTO;Taxa de mortalidade de ocupantes de automóveis;por 100 mil hab.;1,9
Rio de Janeiro;2009;TX_MORT_AUTO;Taxa de mortalidade de ocupantes de automóveis;por 100 mil hab.;1,8
Rio de Janeiro;2010;TX_MORT_AUTO;Taxa de mortalidade de ocupantes de automóveis;por 100 mil hab.;1,5
Rio de Janeiro;2011;TX_MORT_AUTO;Taxa de mortalidade de ocupantes de automóveis;por 100 mil hab.;1,6
Rio de Janeiro;2012;TX_MORT_AUTO;Taxa de mortalidade de ocupantes de automóveis;por 100 mil hab.;1,3
Rio de Janeiro;2013;TX_MORT_AUTO;Taxa de mortalidade de ocupantes de automóveis;por 100 mil hab.;0,8
Rio de Janeiro;2014;TX_MORT_AUTO;Taxa de mortalidade de ocupantes de automóveis;por 100 mil hab.;0,7
Rio de Janeiro;2015;TX_MORT_AUTO;Taxa de mortalidade de ocupantes de automóveis;por 100 mil hab.;0,5
Rio de Janeiro;2016;TX_MORT_AUTO;Taxa de mortalidade de ocupantes de automóveis;por 100 mil hab.;0,6
Rio de Janeiro;2017;TX_MORT_AUTO;Taxa de mortalidade de ocupantes de automóveis;por 100 mil hab.;1
Rio de Janeiro;2018;TX_MORT_AUTO;Taxa de mortalidade de ocupantes de automóveis;por 100 mil hab.;0,6
Rio de Janeiro;2019;TX_MORT_AUTO;Taxa de mortalidade de ocupantes de automóveis;por 100 mil hab.;0,2381
Rio de Janeiro;2020;TX_MORT_AUTO;Taxa de mortalidade de ocupantes de automóveis;por 100 mil hab.;0,6224
Rio de Janeiro;2021;TX_MORT_AUTO;Taxa de mortalidade de ocupantes de automóveis;por 100 mil hab.;0,3542
Salvador;2000;TX_MORT_AUTO;Taxa de mortalidade de ocupantes de automóveis;por 100 mil hab.;1,2
Salvador;2001;TX_MORT_AUTO;Taxa de mortalidade de ocupantes de automóveis;por 100 mil hab.;2,1
Salvador;2002;TX_MORT_AUTO;Taxa de mortalidade de ocupantes de automóveis;por 100 mil hab.;1,4
Salvador;2003;TX_MORT_AUTO;Taxa de mortalidade de ocupantes de automóveis;por 100 mil hab.;1,5
Salvador;2004;TX_MORT_AUTO;Taxa de mortalidade de ocupantes de automóveis;por 100 mil hab.;1,6
Salvador;2005;TX_MORT_AUTO;Taxa de mortalidade de ocupantes de automóveis;por 100 mil hab.;2
Salvador;2006;TX_MORT_AUTO;Taxa de mortalidade de ocupantes de automóveis;por 100 mil hab.;1,5
Salvador;2007;TX_MORT_AUTO;Taxa de mortalidade de ocupantes de automóveis;por 100 mil hab.;1
Salvador;2008;TX_MORT_AUTO;Taxa de mortalidade de ocupantes de automóveis;por 100 mil hab.;1
Salvador;2009;TX_MORT_AUTO;Taxa de mortalidade de ocupantes de automóveis;por 100 mil hab.;1,3
Salvador;2010;TX_MORT_AUTO;Taxa de mortalidade de ocupantes de automóveis;por 100 mil hab.;1,9
Salvador;2011;TX_MORT_AUTO;Taxa de mortalidade de ocupantes de automóveis;por 100 mil hab.;2,8
Salvador;2012;TX_MORT_AUTO;Taxa de mortalidade de ocupantes de automóveis;por 100 mil hab.;3,9
Salvador;2013;TX_MORT_AUTO;Taxa de mortalidade de ocupantes de automóveis;por 100 mil hab.;2,5
Salvador;2014;TX_MORT_AUTO;Taxa de mortalidade de ocupantes de automóveis;por 100 mil hab.;2,2
Salvador;2015;TX_MORT_AUTO;Taxa de mortalidade de ocupantes de automóveis;por 100 mil hab.;1,9
Salvador;2016;TX_MORT_AUTO;Taxa de mortalidade de ocupantes de automóveis;por 100 mil hab.;1,2
Salvador;2017;TX_MORT_AUTO;Taxa de mortalidade de ocupantes de automóveis;por 100 mil hab.;1,4
Salvador;2018;TX_MORT_AUTO;Taxa de mortalidade de ocupantes de automóveis;por 100 mil hab.;1,2
Salvador;2019;TX_MORT_AUTO;Taxa de mortalidade de ocupantes de automóveis;por 100 mil hab.;0,8007
Salvador;2020;TX_MORT_AUTO;Taxa de mortalidade de ocupantes de automóveis;por 100 mil hab.;1,351
Salvador;2021;TX_MORT_AUTO;Taxa de mortalidade de ocupantes de automóveis;por 100 mil hab.;1,0344
São Luís;2000;TX_MORT_AUTO;Taxa de mortalidade de ocupantes de automóveis;por 100 mil hab.;2,9
São Luís;2001;TX_MORT_AUTO;Taxa de mortalidade de ocupantes de automóveis;por 100 mil hab.;3,7
São Luís;2002;TX_MORT_AUTO;Taxa de mortalidade de ocupantes de automóveis;por 100 mil hab.;1,3
São Luís;2003;TX_MORT_AUTO;Taxa de mortalidade de ocupantes de automóveis;por 100 mil hab.;1,3
São Luís;2004;TX_MORT_AUTO;Taxa de mortalidade de ocupantes de automóveis;por 100 mil hab.;1,1
São Luís;2005;TX_MORT_AUTO;Taxa de mortalidade de ocupantes de automóveis;por 100 mil hab.;1,3
São Luís;2006;TX_MORT_AUTO;Taxa de mortalidade de ocupantes de automóveis;por 100 mil hab.;1,6
São Luís;2007;TX_MORT_AUTO;Taxa de mortalidade de ocupantes de automóveis;por 100 mil hab.;2,6
São Luís;2008;TX_MORT_AUTO;Taxa de mortalidade de ocupantes de automóveis;por 100 mil hab.;1,3
São Luís;2009;TX_MORT_AUTO;Taxa de mortalidade de ocupantes de automóveis;por 100 mil hab.;2,4
São Luís;2010;TX_MORT_AUTO;Taxa de mortalidade de ocupantes de automóveis;por 100 mil hab.;2,6
São Luís;2011;TX_MORT_AUTO;Taxa de mortalidade de ocupantes de automóveis;por 100 mil hab.;3,8
São Luís;2012;TX_MORT_AUTO;Taxa de mortalidade de ocupantes de automóveis;por 100 mil hab.;2,9
São Luís;2013;TX_MORT_AUTO;Taxa de mortalidade de ocupantes de automóveis;por 100 mil hab.;2,4
São Luís;2014;TX_MORT_AUTO;Taxa de mortalidade de ocupantes de automóveis;por 100 mil hab.;1,6
São Luís;2015;TX_MORT_AUTO;Taxa de mortalidade de ocupantes de automóveis;por 100 mil hab.;1,3
São Luís;2016;TX_MORT_AUTO;Taxa de mortalidade de ocupantes de automóveis;por 100 mil hab.;1,5
São Luís;2017;TX_MORT_AUTO;Taxa de mortalidade de ocupantes de automóveis;por 100 mil hab.;2,2
São Luís;2018;TX_MORT_AUTO;Taxa de mortalidade de ocupantes de automóveis;por 100 mil hab.;0,4
São Luís;2019;TX_MORT_AUTO;Taxa de mortalidade de ocupantes de automóveis;por 100 mil hab.;0,5445
São Luís;2020;TX_MORT_AUTO;Taxa de mortalidade de ocupantes de automóveis;por 100 mil hab.;1,0821
São Luís;2021;TX_MORT_AUTO;Taxa de mortalidade de ocupantes de automóveis;por 100 mil hab.;0,8065
São Paulo;2000;TX_MORT_AUTO;Taxa de mortalidade de ocupantes de automóveis;por 100 mil hab.;0,1
São Paulo;2001;TX_MORT_AUTO;Taxa de mortalidade de ocupantes de automóveis;por 100 mil hab.;0,7
São Paulo;2002;TX_MORT_AUTO;Taxa de mortalidade de ocupantes de automóveis;por 100 mil hab.;0,3
São Paulo;2003;TX_MORT_AUTO;Taxa de mortalidade de ocupantes de automóveis;por 100 mil hab.;0,6
São Paulo;2004;TX_MORT_AUTO;Taxa de mortalidade de ocupantes de automóveis;por 100 mil hab.;1
São Paulo;2005;TX_MORT_AUTO;Taxa de mortalidade de ocupantes de automóveis;por 100 mil hab.;0,9
São Paulo;2006;TX_MORT_AUTO;Taxa de mortalidade de ocupantes de automóveis;por 100 mil hab.;2,2
São Paulo;2007;TX_MORT_AUTO;Taxa de mortalidade de ocupantes de automóveis;por 100 mil hab.;1,4
São Paulo;2008;TX_MORT_AUTO;Taxa de mortalidade de ocupantes de automóveis;por 100 mil hab.;1,5
São Paulo;2009;TX_MORT_AUTO;Taxa de mortalidade de ocupantes de automóveis;por 100 mil hab.;1,7
São Paulo;2010;TX_MORT_AUTO;Taxa de mortalidade de ocupantes de automóveis;por 100 mil hab.;1,5
São Paulo;2011;TX_MORT_AUTO;Taxa de mortalidade de ocupantes de automóveis;por 100 mil hab.;1,5
São Paulo;2012;TX_MORT_AUTO;Taxa de mortalidade de ocupantes de automóveis;por 100 mil hab.;1,6
São Paulo;2013;TX_MORT_AUTO;Taxa de mortalidade de ocupantes de automóveis;por 100 mil hab.;1,6
São Paulo;2014;TX_MORT_AUTO;Taxa de mortalidade de ocupantes de automóveis;por 100 mil hab.;1,6
São Paulo;2015;TX_MORT_AUTO;Taxa de mortalidade de ocupantes de automóveis;por 100 mil hab.;1,3
São Paulo;2016;TX_MORT_AUTO;Taxa de mortalidade de ocupantes de automóveis;por 100 mil hab.;1,3
São Paulo;2017;TX_MORT_AUTO;Taxa de mortalidade de ocupantes de automóveis;por 100 mil hab.;0,5
São Paulo;2018;TX_MORT_AUTO;Taxa de mortalidade de ocupantes de automóveis;por 100 mil hab.;0
São Paulo;2019;TX_MORT_AUTO;Taxa de mortalidade de ocupantes de automóveis;por 100 mil hab.;0,7264
São Paulo;2020;TX_MORT_AUTO;Taxa de mortalidade de ocupantes de automóveis;por 100 mil hab.;0,9493
São Paulo;2021;TX_MORT_AUTO;Taxa de mortalidade de ocupantes de automóveis;por 100 mil hab.;0,718
Teresina;2000;TX_MORT_AUTO;Taxa de mortalidade de ocupantes de automóveis;por 100 mil hab.;0,3
Teresina;2001;TX_MORT_AUTO;Taxa de mortalidade de ocupantes de automóveis;por 100 mil hab.;0,7
Teresina;2002;TX_MORT_AUTO;Taxa de mortalidade de ocupantes de automóveis;por 100 mil hab.;0,3
Teresina;2003;TX_MORT_AUTO;Taxa de mortalidade de ocupantes de automóveis;por 100 mil hab.;1,2
Teresina;2004;TX_MORT_AUTO;Taxa de mortalidade de ocupantes de automóveis;por 100 mil hab.;1,2
Teresina;2005;TX_MORT_AUTO;Taxa de mortalidade de ocupantes de automóveis;por 100 mil hab.;1,4
Teresina;2006;TX_MORT_AUTO;Taxa de mortalidade de ocupantes de automóveis;por 100 mil hab.;1,2
Teresina;2007;TX_MORT_AUTO;Taxa de mortalidade de ocupantes de automóveis;por 100 mil hab.;1,5
Teresina;2008;TX_MORT_AUTO;Taxa de mortalidade de ocupantes de automóveis;por 100 mil hab.;1,3
Teresina;2009;TX_MORT_AUTO;Taxa de mortalidade de ocupantes de automóveis;por 100 mil hab.;1,1
Teresina;2010;TX_MORT_AUTO;Taxa de mortalidade de ocupantes de automóveis;por 100 mil hab.;5,5
Teresina;2011;TX_MORT_AUTO;Taxa de mortalidade de ocupantes de automóveis;por 100 mil hab.;3
Teresina;2012;TX_MORT_AUTO;Taxa de mortalidade de ocupantes de automóveis;por 100 mil hab.;2,8
Teresina;2013;TX_MORT_AUTO;Taxa de mortalidade de ocupantes de automóveis;por 100 mil hab.;3,8
Teresina;2014;TX_MORT_AUTO;Taxa de mortalidade de ocupantes de automóveis;por 100 mil hab.;3,1
Teresina;2015;TX_MORT_AUTO;Taxa de mortalidade de ocupantes de automóveis;por 100 mil hab.;3,3
Teresina;2016;TX_MORT_AUTO;Taxa de mortalidade de ocupantes de automóveis;por 100 mil hab.;3,3
Teresina;2017;TX_MORT_AUTO;Taxa de mortalidade de ocupantes de automóveis;por 100 mil hab.;2,8
Teresina;2018;TX_MORT_AUTO;Taxa de mortalidade de ocupantes de automóveis;por 100 mil hab.;1,4
Teresina;2019;TX_MORT_AUTO;Taxa de mortalidade de ocupantes de automóveis;por 100 mil hab.;1,85
Teresina;2020;TX_MORT_AUTO;Taxa de mortalidade de ocupantes de automóveis;por 100 mil hab.;1,3824
Teresina;2021;TX_MORT_AUTO;Taxa de mortalidade de ocupantes de automóveis;por 100 mil hab.;1,3775
Vitória;2000;TX_MORT_AUTO;Taxa de mortalidade de ocupantes de automóveis;por 100 mil hab.;10,6
Vitória;2001;TX_MORT_AUTO;Taxa de mortalidade de ocupantes de automóveis;por 100 mil hab.;10,5
Vitória;2002;TX_MORT_AUTO;Taxa de mortalidade de ocupantes de automóveis;por 100 mil hab.;13,4
Vitória;2003;TX_MORT_AUTO;Taxa de mortalidade de ocupantes de automóveis;por 100 mil hab.;11,2
Vitória;2004;TX_MORT_AUTO;Taxa de mortalidade de ocupantes de automóveis;por 100 mil hab.;12,6
Vitória;2005;TX_MORT_AUTO;Taxa de mortalidade de ocupantes de automóveis;por 100 mil hab.;14,4
Vitória;2006;TX_MORT_AUTO;Taxa de mortalidade de ocupantes de automóveis;por 100 mil hab.;11,4
Vitória;2007;TX_MORT_AUTO;Taxa de mortalidade de ocupantes de automóveis;por 100 mil hab.;15,9
Vitória;2008;TX_MORT_AUTO;Taxa de mortalidade de ocupantes de automóveis;por 100 mil hab.;9,1
Vitória;2009;TX_MORT_AUTO;Taxa de mortalidade de ocupantes de automóveis;por 100 mil hab.;9,4
Vitória;2010;TX_MORT_AUTO;Taxa de mortalidade de ocupantes de automóveis;por 100 mil hab.;11,6
Vitória;2011;TX_MORT_AUTO;Taxa de mortalidade de ocupantes de automóveis;por 100 mil hab.;8,8
Vitória;2012;TX_MORT_AUTO;Taxa de mortalidade de ocupantes de automóveis;por 100 mil hab.;9,6
Vitória;2013;TX_MORT_AUTO;Taxa de mortalidade de ocupantes de automóveis;por 100 mil hab.;5,7
Vitória;2014;TX_MORT_AUTO;Taxa de mortalidade de ocupantes de automóveis;por 100 mil hab.;4,3
Vitória;2015;TX_MORT_AUTO;Taxa de mortalidade de ocupantes de automóveis;por 100 mil hab.;3,1
Vitória;2016;TX_MORT_AUTO;Taxa de mortalidade de ocupantes de automóveis;por 100 mil hab.;3,3
Vitória;2017;TX_MORT_AUTO;Taxa de mortalidade de ocupantes de automóveis;por 100 mil hab.;4,1
Vitória;2018;TX_MORT_AUTO;Taxa de mortalidade de ocupantes de automóveis;por 100 mil hab.;2
Vitória;2019;TX_MORT_AUTO;Taxa de mortalidade de ocupantes de automóveis;por 100 mil hab.;3,314
Vitória;2020;TX_MORT_AUTO;Taxa de mortalidade de ocupantes de automóveis;por 100 mil hab.;1,9133
Vitória;2021;TX_MORT_AUTO;Taxa de mortalidade de ocupantes de automóveis;por 100 mil hab.;8,3889
Aracaju;2000;TX_MORT_CICL;Taxa de mortalidade de ciclistas;por 100 mil hab.;0,9
Aracaju;2001;TX_MORT_CICL;Taxa de mortalidade de ciclistas;por 100 mil hab.;1,7
Aracaju;2002;TX_MORT_CICL;Taxa de mortalidade de ciclistas;por 100 mil hab.;2,1
Aracaju;2003;TX_MORT_CICL;Taxa de mortalidade de ciclistas;por 100 mil hab.;1,5
Aracaju;2004;TX_MORT_CICL;Taxa de mortalidade de ciclistas;por 100 mil hab.;1,8
Aracaju;2005;TX_MORT_CICL;Taxa de mortalidade de ciclistas;por 100 mil hab.;2,4
Aracaju;2006;TX_MORT_CICL;Taxa de mortalidade de ciclistas;por 100 mil hab.;1,2
Aracaju;2007;TX_MORT_CICL;Taxa de mortalidade de ciclistas;por 100 mil hab.;3,1
Aracaju;2008;TX_MORT_CICL;Taxa de mortalidade de ciclistas;por 100 mil hab.;2,6
Aracaju;2009;TX_MORT_CICL;Taxa de mortalidade de ciclistas;por 100 mil hab.;3,7
Aracaju;2010;TX_MORT_CICL;Taxa de mortalidade de ciclistas;por 100 mil hab.;3,9
Aracaju;2011;TX_MORT_CICL;Taxa de mortalidade de ciclistas;por 100 mil hab.;2,2
Aracaju;2012;TX_MORT_CICL;Taxa de mortalidade de ciclistas;por 100 mil hab.;1,5
Aracaju;2013;TX_MORT_CICL;Taxa de mortalidade de ciclistas;por 100 mil hab.;1,5
Aracaju;2014;TX_MORT_CICL;Taxa de mortalidade de ciclistas;por 100 mil hab.;1,3
Aracaju;2015;TX_MORT_CICL;Taxa de mortalidade de ciclistas;por 100 mil hab.;1,7
Aracaju;2016;TX_MORT_CICL;Taxa de mortalidade de ciclistas;por 100 mil hab.;2,2
Aracaju;2017;TX_MORT_CICL;Taxa de mortalidade de ciclistas;por 100 mil hab.;2,3
Aracaju;2018;TX_MORT_CICL;Taxa de mortalidade de ciclistas;por 100 mil hab.;1,5
Aracaju;2019;TX_MORT_CICL;Taxa de mortalidade de ciclistas;por 100 mil hab.;2,5875
Aracaju;2020;TX_MORT_CICL;Taxa de mortalidade de ciclistas;por 100 mil hab.;1,8048
Aracaju;2021;TX_MORT_CICL;Taxa de mortalidade de ciclistas;por 100 mil hab.;2,6761
Belém;2000;TX_MORT_CICL;Taxa de mortalidade de ciclistas;por 100 mil hab.;0
Belém;2001;TX_MORT_CICL;Taxa de mortalidade de ciclistas;por 100 mil hab.;0,1
Belém;2002;TX_MORT_CICL;Taxa de mortalidade de ciclistas;por 100 mil hab.;0,1
Belém;2003;TX_MORT_CICL;Taxa de mortalidade de ciclistas;por 100 mil hab.;0,1
Belém;2004;TX_MORT_CICL;Taxa de mortalidade de ciclistas;por 100 mil hab.;0,1
Belém;2005;TX_MORT_CICL;Taxa de mortalidade de ciclistas;por 100 mil hab.;0,5
Belém;2006;TX_MORT_CICL;Taxa de mortalidade de ciclistas;por 100 mil hab.;0,3
Belém;2007;TX_MORT_CICL;Taxa de mortalidade de ciclistas;por 100 mil hab.;0
Belém;2008;TX_MORT_CICL;Taxa de mortalidade de ciclistas;por 100 mil hab.;0,1
Belém;2009;TX_MORT_CICL;Taxa de mortalidade de ciclistas;por 100 mil hab.;0,3
Belém;2010;TX_MORT_CICL;Taxa de mortalidade de ciclistas;por 100 mil hab.;0,1
Belém;2011;TX_MORT_CICL;Taxa de mortalidade de ciclistas;por 100 mil hab.;0,3
Belém;2012;TX_MORT_CICL;Taxa de mortalidade de ciclistas;por 100 mil hab.;0,2
Belém;2013;TX_MORT_CICL;Taxa de mortalidade de ciclistas;por 100 mil hab.;0,1
Belém;2014;TX_MORT_CICL;Taxa de mortalidade de ciclistas;por 100 mil hab.;0,1
Belém;2015;TX_MORT_CICL;Taxa de mortalidade de ciclistas;por 100 mil hab.;0,1
Belém;2016;TX_MORT_CICL;Taxa de mortalidade de ciclistas;por 100 mil hab.;0,2
Belém;2017;TX_MORT_CICL;Taxa de mortalidade de ciclistas;por 100 mil hab.;0,1
Belém;2018;TX_MORT_CICL;Taxa de mortalidade de ciclistas;por 100 mil hab.;0,2
Belém;2019;TX_MORT_CICL;Taxa de mortalidade de ciclistas;por 100 mil hab.;0,067
Belém;2020;TX_MORT_CICL;Taxa de mortalidade de ciclistas;por 100 mil hab.;0,0667
Belém;2021;TX_MORT_CICL;Taxa de mortalidade de ciclistas;por 100 mil hab.;0,1991
Belo Horizonte;2000;TX_MORT_CICL;Taxa de mortalidade de ciclistas;por 100 mil hab.;0,5
Belo Horizonte;2001;TX_MORT_CICL;Taxa de mortalidade de ciclistas;por 100 mil hab.;0,9
Belo Horizonte;2002;TX_MORT_CICL;Taxa de mortalidade de ciclistas;por 100 mil hab.;1,7
Belo Horizonte;2003;TX_MORT_CICL;Taxa de mortalidade de ciclistas;por 100 mil hab.;1,4
Belo Horizonte;2004;TX_MORT_CICL;Taxa de mortalidade de ciclistas;por 100 mil hab.;1,5
Belo Horizonte;2005;TX_MORT_CICL;Taxa de mortalidade de ciclistas;por 100 mil hab.;1,3
Belo Horizonte;2006;TX_MORT_CICL;Taxa de mortalidade de ciclistas;por 100 mil hab.;1,1
Belo Horizonte;2007;TX_MORT_CICL;Taxa de mortalidade de ciclistas;por 100 mil hab.;1,7
Belo Horizonte;2008;TX_MORT_CICL;Taxa de mortalidade de ciclistas;por 100 mil hab.;0,9
Belo Horizonte;2009;TX_MORT_CICL;Taxa de mortalidade de ciclistas;por 100 mil hab.;0,6
Belo Horizonte;2010;TX_MORT_CICL;Taxa de mortalidade de ciclistas;por 100 mil hab.;0,8
Belo Horizonte;2011;TX_MORT_CICL;Taxa de mortalidade de ciclistas;por 100 mil hab.;0,8
Belo Horizonte;2012;TX_MORT_CICL;Taxa de mortalidade de ciclistas;por 100 mil hab.;0,6
Belo Horizonte;2013;TX_MORT_CICL;Taxa de mortalidade de ciclistas;por 100 mil hab.;0,6
Belo Horizonte;2014;TX_MORT_CICL;Taxa de mortalidade de ciclistas;por 100 mil hab.;0,8
Belo Horizonte;2015;TX_MORT_CICL;Taxa de mortalidade de ciclistas;por 100 mil hab.;0,6
Belo Horizonte;2016;TX_MORT_CICL;Taxa de mortalidade de ciclistas;por 100 mil hab.;0,2
Belo Horizonte;2017;TX_MORT_CICL;Taxa de mortalidade de ciclistas;por 100 mil hab.;0,4
Belo Horizonte;2018;TX_MORT_CICL;Taxa de mortalidade de ciclistas;por 100 mil hab.;0,7
Belo Horizonte;2019;TX_MORT_CICL;Taxa de mortalidade de ciclistas;por 100 mil hab.;0,2388
Belo Horizonte;2020;TX_MORT_CICL;Taxa de mortalidade de ciclistas;por 100 mil hab.;0,5156
Belo Horizonte;2021;TX_MORT_CICL;Taxa de mortalidade de ciclistas;por 100 mil hab.;0,6322
Boa Vista;2000;TX_MORT_CICL;Taxa de mortalidade de ciclistas;por 100 mil hab.;4,5
Boa Vista;2001;TX_MORT_CICL;Taxa de mortalidade de ciclistas;por 100 mil hab.;2,4
Boa Vista;2002;TX_MORT_CICL;Taxa de mortalidade de ciclistas;por 100 mil hab.;4,2
Boa Vista;2003;TX_MORT_CICL;Taxa de mortalidade de ciclistas;por 100 mil hab.;0
Boa Vista;2004;TX_MORT_CICL;Taxa de mortalidade de ciclistas;por 100 mil hab.;0,4
Boa Vista;2005;TX_MORT_CICL;Taxa de mortalidade de ciclistas;por 100 mil hab.;7
Boa Vista;2006;TX_MORT_CICL;Taxa de mortalidade de ciclistas;por 100 mil hab.;2,4
Boa Vista;2007;TX_MORT_CICL;Taxa de mortalidade de ciclistas;por 100 mil hab.;4,8
Boa Vista;2008;TX_MORT_CICL;Taxa de mortalidade de ciclistas;por 100 mil hab.;6,1
Boa Vista;2009;TX_MORT_CICL;Taxa de mortalidade de ciclistas;por 100 mil hab.;1,9
Boa Vista;2010;TX_MORT_CICL;Taxa de mortalidade de ciclistas;por 100 mil hab.;4,9
Boa Vista;2011;TX_MORT_CICL;Taxa de mortalidade de ciclistas;por 100 mil hab.;5,5
Boa Vista;2012;TX_MORT_CICL;Taxa de mortalidade de ciclistas;por 100 mil hab.;4
Boa Vista;2013;TX_MORT_CICL;Taxa de mortalidade de ciclistas;por 100 mil hab.;3,6
Boa Vista;2014;TX_MORT_CICL;Taxa de mortalidade de ciclistas;por 100 mil hab.;1,9
Boa Vista;2015;TX_MORT_CICL;Taxa de mortalidade de ciclistas;por 100 mil hab.;3,4
Boa Vista;2016;TX_MORT_CICL;Taxa de mortalidade de ciclistas;por 100 mil hab.;0,3
Boa Vista;2017;TX_MORT_CICL;Taxa de mortalidade de ciclistas;por 100 mil hab.;4,8
Boa Vista;2018;TX_MORT_CICL;Taxa de mortalidade de ciclistas;por 100 mil hab.;0,5
Boa Vista;2019;TX_MORT_CICL;Taxa de mortalidade de ciclistas;por 100 mil hab.;0,501
Boa Vista;2020;TX_MORT_CICL;Taxa de mortalidade de ciclistas;por 100 mil hab.;1,1915
Boa Vista;2021;TX_MORT_CICL;Taxa de mortalidade de ciclistas;por 100 mil hab.;0,9162
Brasília;2000;TX_MORT_CICL;Taxa de mortalidade de ciclistas;por 100 mil hab.;0,4
Brasília;2001;TX_MORT_CICL;Taxa de mortalidade de ciclistas;por 100 mil hab.;0,5
Brasília;2002;TX_MORT_CICL;Taxa de mortalidade de ciclistas;por 100 mil hab.;0,7
Brasília;2003;TX_MORT_CICL;Taxa de mortalidade de ciclistas;por 100 mil hab.;1
Brasília;2004;TX_MORT_CICL;Taxa de mortalidade de ciclistas;por 100 mil hab.;0,6
Brasília;2005;TX_MORT_CICL;Taxa de mortalidade de ciclistas;por 100 mil hab.;2,1
Brasília;2006;TX_MORT_CICL;Taxa de mortalidade de ciclistas;por 100 mil hab.;2,1
Brasília;2007;TX_MORT_CICL;Taxa de mortalidade de ciclistas;por 100 mil hab.;1,9
Brasília;2008;TX_MORT_CICL;Taxa de mortalidade de ciclistas;por 100 mil hab.;2,2
Brasília;2009;TX_MORT_CICL;Taxa de mortalidade de ciclistas;por 100 mil hab.;1,5
Brasília;2010;TX_MORT_CICL;Taxa de mortalidade de ciclistas;por 100 mil hab.;1,1
Brasília;2011;TX_MORT_CICL;Taxa de mortalidade de ciclistas;por 100 mil hab.;1,7
Brasília;2012;TX_MORT_CICL;Taxa de mortalidade de ciclistas;por 100 mil hab.;1,4
Brasília;2013;TX_MORT_CICL;Taxa de mortalidade de ciclistas;por 100 mil hab.;1,2
Brasília;2014;TX_MORT_CICL;Taxa de mortalidade de ciclistas;por 100 mil hab.;0,8
Brasília;2015;TX_MORT_CICL;Taxa de mortalidade de ciclistas;por 100 mil hab.;1,3
Brasília;2016;TX_MORT_CICL;Taxa de mortalidade de ciclistas;por 100 mil hab.;0,7
Brasília;2017;TX_MORT_CICL;Taxa de mortalidade de ciclistas;por 100 mil hab.;0,8
Brasília;2018;TX_MORT_CICL;Taxa de mortalidade de ciclistas;por 100 mil hab.;0,8
Brasília;2019;TX_MORT_CICL;Taxa de mortalidade de ciclistas;por 100 mil hab.;0,6633
Brasília;2020;TX_MORT_CICL;Taxa de mortalidade de ciclistas;por 100 mil hab.;0,8838
Brasília;2021;TX_MORT_CICL;Taxa de mortalidade de ciclistas;por 100 mil hab.;0,7756
Campo Grande;2000;TX_MORT_CICL;Taxa de mortalidade de ciclistas;por 100 mil hab.;0,8
Campo Grande;2001;TX_MORT_CICL;Taxa de mortalidade de ciclistas;por 100 mil hab.;0,7
Campo Grande;2002;TX_MORT_CICL;Taxa de mortalidade de ciclistas;por 100 mil hab.;1,2
Campo Grande;2003;TX_MORT_CICL;Taxa de mortalidade de ciclistas;por 100 mil hab.;0,8
Campo Grande;2004;TX_MORT_CICL;Taxa de mortalidade de ciclistas;por 100 mil hab.;0,8
Campo Grande;2005;TX_MORT_CICL;Taxa de mortalidade de ciclistas;por 100 mil hab.;3,2
Campo Grande;2006;TX_MORT_CICL;Taxa de mortalidade de ciclistas;por 100 mil hab.;3
Campo Grande;2007;TX_MORT_CICL;Taxa de mortalidade de ciclistas;por 100 mil hab.;1,2
Campo Grande;2008;TX_MORT_CICL;Taxa de mortalidade de ciclistas;por 100 mil hab.;2
Campo Grande;2009;TX_MORT_CICL;Taxa de mortalidade de ciclistas;por 100 mil hab.;1,6
Campo Grande;2010;TX_MORT_CICL;Taxa de mortalidade de ciclistas;por 100 mil hab.;2,3
Campo Grande;2011;TX_MORT_CICL;Taxa de mortalidade de ciclistas;por 100 mil hab.;3,5
Campo Grande;2012;TX_MORT_CICL;Taxa de mortalidade de ciclistas;por 100 mil hab.;2,7
Campo Grande;2013;TX_MORT_CICL;Taxa de mortalidade de ciclistas;por 100 mil hab.;1,9
Campo Grande;2014;TX_MORT_CICL;Taxa de mortalidade de ciclistas;por 100 mil hab.;2,1
Campo Grande;2015;TX_MORT_CICL;Taxa de mortalidade de ciclistas;por 100 mil hab.;1,2
Campo Grande;2016;TX_MORT_CICL;Taxa de mortalidade de ciclistas;por 100 mil hab.;1,2
Campo Grande;2017;TX_MORT_CICL;Taxa de mortalidade de ciclistas;por 100 mil hab.;1,1
Campo Grande;2018;TX_MORT_CICL;Taxa de mortalidade de ciclistas;por 100 mil hab.;1
Campo Grande;2019;TX_MORT_CICL;Taxa de mortalidade de ciclistas;por 100 mil hab.;1,6741
Campo Grande;2020;TX_MORT_CICL;Taxa de mortalidade de ciclistas;por 100 mil hab.;1,5451
Campo Grande;2021;TX_MORT_CICL;Taxa de mortalidade de ciclistas;por 100 mil hab.;1,7467
Cuiabá;2000;TX_MORT_CICL;Taxa de mortalidade de ciclistas;por 100 mil hab.;1
Cuiabá;2001;TX_MORT_CICL;Taxa de mortalidade de ciclistas;por 100 mil hab.;0,2
Cuiabá;2002;TX_MORT_CICL;Taxa de mortalidade de ciclistas;por 100 mil hab.;1,6
Cuiabá;2003;TX_MORT_CICL;Taxa de mortalidade de ciclistas;por 100 mil hab.;1,2
Cuiabá;2004;TX_MORT_CICL;Taxa de mortalidade de ciclistas;por 100 mil hab.;1,7
Cuiabá;2005;TX_MORT_CICL;Taxa de mortalidade de ciclistas;por 100 mil hab.;0,9
Cuiabá;2006;TX_MORT_CICL;Taxa de mortalidade de ciclistas;por 100 mil hab.;0,6
Cuiabá;2007;TX_MORT_CICL;Taxa de mortalidade de ciclistas;por 100 mil hab.;1,1
Cuiabá;2008;TX_MORT_CICL;Taxa de mortalidade de ciclistas;por 100 mil hab.;0,6
Cuiabá;2009;TX_MORT_CICL;Taxa de mortalidade de ciclistas;por 100 mil hab.;0,7
Cuiabá;2010;TX_MORT_CICL;Taxa de mortalidade de ciclistas;por 100 mil hab.;0,5
Cuiabá;2011;TX_MORT_CICL;Taxa de mortalidade de ciclistas;por 100 mil hab.;1,1
Cuiabá;2012;TX_MORT_CICL;Taxa de mortalidade de ciclistas;por 100 mil hab.;0,9
Cuiabá;2013;TX_MORT_CICL;Taxa de mortalidade de ciclistas;por 100 mil hab.;1,1
Cuiabá;2014;TX_MORT_CICL;Taxa de mortalidade de ciclistas;por 100 mil hab.;1,2
Cuiabá;2015;TX_MORT_CICL;Taxa de mortalidade de ciclistas;por 100 mil hab.;1,4
Cuiabá;2016;TX_MORT_CICL;Taxa de mortalidade de ciclistas;por 100 mil hab.;1,5
Cuiabá;2017;TX_MORT_CICL;Taxa de mortalidade de ciclistas;por 100 mil hab.;0,7
Cuiabá;2018;TX_MORT_CICL;Taxa de mortalidade de ciclistas;por 100 mil hab.;1,2
Cuiabá;2019;TX_MORT_CICL;Taxa de mortalidade de ciclistas;por 100 mil hab.;1,1428
Cuiabá;2020;TX_MORT_CICL;Taxa de mortalidade de ciclistas;por 100 mil hab.;0,6471
Cuiabá;2021;TX_MORT_CICL;Taxa de mortalidade de ciclistas;por 100 mil hab.;0,4811
Curitiba;2000;TX_MORT_CICL;Taxa de mortalidade de ciclistas;por 100 mil hab.;0,5
Curitiba;2001;TX_MORT_CICL;Taxa de mortalidade de ciclistas;por 100 mil hab.;1,7
Curitiba;2002;TX_MORT_CICL;Taxa de mortalidade de ciclistas;por 100 mil hab.;0,9
Curitiba;2003;TX_MORT_CICL;Taxa de mortalidade de ciclistas;por 100 mil hab.;2,2
Curitiba;2004;TX_MORT_CICL;Taxa de mortalidade de ciclistas;por 100 mil hab.;2,3
Curitiba;2005;TX_MORT_CICL;Taxa de mortalidade de ciclistas;por 100 mil hab.;2,5
Curitiba;2006;TX_MORT_CICL;Taxa de mortalidade de ciclistas;por 100 mil hab.;2,1
Curitiba;2007;TX_MORT_CICL;Taxa de mortalidade de ciclistas;por 100 mil hab.;2,1
Curitiba;2008;TX_MORT_CICL;Taxa de mortalidade de ciclistas;por 100 mil hab.;1,9
Curitiba;2009;TX_MORT_CICL;Taxa de mortalidade de ciclistas;por 100 mil hab.;1,7
Curitiba;2010;TX_MORT_CICL;Taxa de mortalidade de ciclistas;por 100 mil hab.;1,3
Curitiba;2011;TX_MORT_CICL;Taxa de mortalidade de ciclistas;por 100 mil hab.;1,2
Curitiba;2012;TX_MORT_CICL;Taxa de mortalidade de ciclistas;por 100 mil hab.;1
Curitiba;2013;TX_MORT_CICL;Taxa de mortalidade de ciclistas;por 100 mil hab.;1
Curitiba;2014;TX_MORT_CICL;Taxa de mortalidade de ciclistas;por 100 mil hab.;0,8
Curitiba;2015;TX_MORT_CICL;Taxa de mortalidade de ciclistas;por 100 mil hab.;1,1
Curitiba;2016;TX_MORT_CICL;Taxa de mortalidade de ciclistas;por 100 mil hab.;1,2
Curitiba;2017;TX_MORT_CICL;Taxa de mortalidade de ciclistas;por 100 mil hab.;0,6
Curitiba;2018;TX_MORT_CICL;Taxa de mortalidade de ciclistas;por 100 mil hab.;1,1
Curitiba;2019;TX_MORT_CICL;Taxa de mortalidade de ciclistas;por 100 mil hab.;1,1381
Curitiba;2020;TX_MORT_CICL;Taxa de mortalidade de ciclistas;por 100 mil hab.;1,129
Curitiba;2021;TX_MORT_CICL;Taxa de mortalidade de ciclistas;por 100 mil hab.;1,324
Florianópolis;2000;TX_MORT_CICL;Taxa de mortalidade de ciclistas;por 100 mil hab.;1,8
Florianópolis;2001;TX_MORT_CICL;Taxa de mortalidade de ciclistas;por 100 mil hab.;1,1
Florianópolis;2002;TX_MORT_CICL;Taxa de mortalidade de ciclistas;por 100 mil hab.;0,8
Florianópolis;2003;TX_MORT_CICL;Taxa de mortalidade de ciclistas;por 100 mil hab.;1,6
Florianópolis;2004;TX_MORT_CICL;Taxa de mortalidade de ciclistas;por 100 mil hab.;1,6
Florianópolis;2005;TX_MORT_CICL;Taxa de mortalidade de ciclistas;por 100 mil hab.;2
Florianópolis;2006;TX_MORT_CICL;Taxa de mortalidade de ciclistas;por 100 mil hab.;2
Florianópolis;2007;TX_MORT_CICL;Taxa de mortalidade de ciclistas;por 100 mil hab.;1,5
Florianópolis;2008;TX_MORT_CICL;Taxa de mortalidade de ciclistas;por 100 mil hab.;1,2
Florianópolis;2009;TX_MORT_CICL;Taxa de mortalidade de ciclistas;por 100 mil hab.;0,5
Florianópolis;2010;TX_MORT_CICL;Taxa de mortalidade de ciclistas;por 100 mil hab.;0,5
Florianópolis;2011;TX_MORT_CICL;Taxa de mortalidade de ciclistas;por 100 mil hab.;0,5
Florianópolis;2012;TX_MORT_CICL;Taxa de mortalidade de ciclistas;por 100 mil hab.;1,8
Florianópolis;2013;TX_MORT_CICL;Taxa de mortalidade de ciclistas;por 100 mil hab.;0,9
Florianópolis;2014;TX_MORT_CICL;Taxa de mortalidade de ciclistas;por 100 mil hab.;1,1
Florianópolis;2015;TX_MORT_CICL;Taxa de mortalidade de ciclistas;por 100 mil hab.;1,3
Florianópolis;2016;TX_MORT_CICL;Taxa de mortalidade de ciclistas;por 100 mil hab.;0,8
Florianópolis;2017;TX_MORT_CICL;Taxa de mortalidade de ciclistas;por 100 mil hab.;1,2
Florianópolis;2018;TX_MORT_CICL;Taxa de mortalidade de ciclistas;por 100 mil hab.;0,6
Florianópolis;2019;TX_MORT_CICL;Taxa de mortalidade de ciclistas;por 100 mil hab.;0,7984
Florianópolis;2020;TX_MORT_CICL;Taxa de mortalidade de ciclistas;por 100 mil hab.;0,7861
Florianópolis;2021;TX_MORT_CICL;Taxa de mortalidade de ciclistas;por 100 mil hab.;0,7744
Fortaleza;2000;TX_MORT_CICL;Taxa de mortalidade de ciclistas;por 100 mil hab.;0,9
Fortaleza;2001;TX_MORT_CICL;Taxa de mortalidade de ciclistas;por 100 mil hab.;1,3
Fortaleza;2002;TX_MORT_CICL;Taxa de mortalidade de ciclistas;por 100 mil hab.;0,5
Fortaleza;2003;TX_MORT_CICL;Taxa de mortalidade de ciclistas;por 100 mil hab.;0,5
Fortaleza;2004;TX_MORT_CICL;Taxa de mortalidade de ciclistas;por 100 mil hab.;0,1
Fortaleza;2005;TX_MORT_CICL;Taxa de mortalidade de ciclistas;por 100 mil hab.;0,1
Fortaleza;2006;TX_MORT_CICL;Taxa de mortalidade de ciclistas;por 100 mil hab.;0,2
Fortaleza;2007;TX_MORT_CICL;Taxa de mortalidade de ciclistas;por 100 mil hab.;0,3
Fortaleza;2008;TX_MORT_CICL;Taxa de mortalidade de ciclistas;por 100 mil hab.;0,1
Fortaleza;2009;TX_MORT_CICL;Taxa de mortalidade de ciclistas;por 100 mil hab.;0
Fortaleza;2010;TX_MORT_CICL;Taxa de mortalidade de ciclistas;por 100 mil hab.;0,1
Fortaleza;2011;TX_MORT_CICL;Taxa de mortalidade de ciclistas;por 100 mil hab.;0
Fortaleza;2012;TX_MORT_CICL;Taxa de mortalidade de ciclistas;por 100 mil hab.;0
Fortaleza;2013;TX_MORT_CICL;Taxa de mortalidade de ciclistas;por 100 mil hab.;0,2
Fortaleza;2014;TX_MORT_CICL;Taxa de mortalidade de ciclistas;por 100 mil hab.;0
Fortaleza;2015;TX_MORT_CICL;Taxa de mortalidade de ciclistas;por 100 mil hab.;0,4
Fortaleza;2016;TX_MORT_CICL;Taxa de mortalidade de ciclistas;por 100 mil hab.;0,7
Fortaleza;2017;TX_MORT_CICL;Taxa de mortalidade de ciclistas;por 100 mil hab.;0,7
Fortaleza;2018;TX_MORT_CICL;Taxa de mortalidade de ciclistas;por 100 mil hab.;0,7
Fortaleza;2019;TX_MORT_CICL;Taxa de mortalidade de ciclistas;por 100 mil hab.;0,3372
Fortaleza;2020;TX_MORT_CICL;Taxa de mortalidade de ciclistas;por 100 mil hab.;0,4839
Fortaleza;2021;TX_MORT_CICL;Taxa de mortalidade de ciclistas;por 100 mil hab.;0,5179
Goiânia;2000;TX_MORT_CICL;Taxa de mortalidade de ciclistas;por 100 mil hab.;2,7
Goiânia;2001;TX_MORT_CICL;Taxa de mortalidade de ciclistas;por 100 mil hab.;2,3
Goiânia;2002;TX_MORT_CICL;Taxa de mortalidade de ciclistas;por 100 mil hab.;4,3
Goiânia;2003;TX_MORT_CICL;Taxa de mortalidade de ciclistas;por 100 mil hab.;2,4
Goiânia;2004;TX_MORT_CICL;Taxa de mortalidade de ciclistas;por 100 mil hab.;3,9
Goiânia;2005;TX_MORT_CICL;Taxa de mortalidade de ciclistas;por 100 mil hab.;5,6
Goiânia;2006;TX_MORT_CICL;Taxa de mortalidade de ciclistas;por 100 mil hab.;4,1
Goiânia;2007;TX_MORT_CICL;Taxa de mortalidade de ciclistas;por 100 mil hab.;4,7
Goiânia;2008;TX_MORT_CICL;Taxa de mortalidade de ciclistas;por 100 mil hab.;3,2
Goiânia;2009;TX_MORT_CICL;Taxa de mortalidade de ciclistas;por 100 mil hab.;2,9
Goiânia;2010;TX_MORT_CICL;Taxa de mortalidade de ciclistas;por 100 mil hab.;2,1
Goiânia;2011;TX_MORT_CICL;Taxa de mortalidade de ciclistas;por 100 mil hab.;1,9
Goiânia;2012;TX_MORT_CICL;Taxa de mortalidade de ciclistas;por 100 mil hab.;2,8
Goiânia;2013;TX_MORT_CICL;Taxa de mortalidade de ciclistas;por 100 mil hab.;2,4
Goiânia;2014;TX_MORT_CICL;Taxa de mortalidade de ciclistas;por 100 mil hab.;2,7
Goiânia;2015;TX_MORT_CICL;Taxa de mortalidade de ciclistas;por 100 mil hab.;1,2
Goiânia;2016;TX_MORT_CICL;Taxa de mortalidade de ciclistas;por 100 mil hab.;2,1
Goiânia;2017;TX_MORT_CICL;Taxa de mortalidade de ciclistas;por 100 mil hab.;2,5
Goiânia;2018;TX_MORT_CICL;Taxa de mortalidade de ciclistas;por 100 mil hab.;2,5
Goiânia;2019;TX_MORT_CICL;Taxa de mortalidade de ciclistas;por 100 mil hab.;1,3851
Goiânia;2020;TX_MORT_CICL;Taxa de mortalidade de ciclistas;por 100 mil hab.;1,0416
Goiânia;2021;TX_MORT_CICL;Taxa de mortalidade de ciclistas;por 100 mil hab.;1,5428
João Pessoa;2000;TX_MORT_CICL;Taxa de mortalidade de ciclistas;por 100 mil hab.;0,3
João Pessoa;2001;TX_MORT_CICL;Taxa de mortalidade de ciclistas;por 100 mil hab.;0,3
João Pessoa;2002;TX_MORT_CICL;Taxa de mortalidade de ciclistas;por 100 mil hab.;0,3
João Pessoa;2003;TX_MORT_CICL;Taxa de mortalidade de ciclistas;por 100 mil hab.;0,8
João Pessoa;2004;TX_MORT_CICL;Taxa de mortalidade de ciclistas;por 100 mil hab.;0,2
João Pessoa;2005;TX_MORT_CICL;Taxa de mortalidade de ciclistas;por 100 mil hab.;0,8
João Pessoa;2006;TX_MORT_CICL;Taxa de mortalidade de ciclistas;por 100 mil hab.;0,3
João Pessoa;2007;TX_MORT_CICL;Taxa de mortalidade de ciclistas;por 100 mil hab.;0,4
João Pessoa;2008;TX_MORT_CICL;Taxa de mortalidade de ciclistas;por 100 mil hab.;1,3
João Pessoa;2009;TX_MORT_CICL;Taxa de mortalidade de ciclistas;por 100 mil hab.;0,7
João Pessoa;2010;TX_MORT_CICL;Taxa de mortalidade de ciclistas;por 100 mil hab.;0,6
João Pessoa;2011;TX_MORT_CICL;Taxa de mortalidade de ciclistas;por 100 mil hab.;0,5
João Pessoa;2012;TX_MORT_CICL;Taxa de mortalidade de ciclistas;por 100 mil hab.;0,3
João Pessoa;2013;TX_MORT_CICL;Taxa de mortalidade de ciclistas;por 100 mil hab.;0,5
João Pessoa;2014;TX_MORT_CICL;Taxa de mortalidade de ciclistas;por 100 mil hab.;0,3
João Pessoa;2015;TX_MORT_CICL;Taxa de mortalidade de ciclistas;por 100 mil hab.;0,5
João Pessoa;2016;TX_MORT_CICL;Taxa de mortalidade de ciclistas;por 100 mil hab.;1,1
João Pessoa;2017;TX_MORT_CICL;Taxa de mortalidade de ciclistas;por 100 mil hab.;0,7
João Pessoa;2018;TX_MORT_CICL;Taxa de mortalidade de ciclistas;por 100 mil hab.;0,9
João Pessoa;2019;TX_MORT_CICL;Taxa de mortalidade de ciclistas;por 100 mil hab.;0,4944
João Pessoa;2020;TX_MORT_CICL;Taxa de mortalidade de ciclistas;por 100 mil hab.;0,1223
João Pessoa;2021;TX_MORT_CICL;Taxa de mortalidade de ciclistas;por 100 mil hab.;0,8477
Macapá;2000;TX_MORT_CICL;Taxa de mortalidade de ciclistas;por 100 mil hab.;0,4
Macapá;2001;TX_MORT_CICL;Taxa de mortalidade de ciclistas;por 100 mil hab.;0
Macapá;2002;TX_MORT_CICL;Taxa de mortalidade de ciclistas;por 100 mil hab.;1
Macapá;2003;TX_MORT_CICL;Taxa de mortalidade de ciclistas;por 100 mil hab.;0
Macapá;2004;TX_MORT_CICL;Taxa de mortalidade de ciclistas;por 100 mil hab.;1,2
Macapá;2005;TX_MORT_CICL;Taxa de mortalidade de ciclistas;por 100 mil hab.;0,8
Macapá;2006;TX_MORT_CICL;Taxa de mortalidade de ciclistas;por 100 mil hab.;0,5
Macapá;2007;TX_MORT_CICL;Taxa de mortalidade de ciclistas;por 100 mil hab.;0
Macapá;2008;TX_MORT_CICL;Taxa de mortalidade de ciclistas;por 100 mil hab.;0,6
Macapá;2009;TX_MORT_CICL;Taxa de mortalidade de ciclistas;por 100 mil hab.;0
Macapá;2010;TX_MORT_CICL;Taxa de mortalidade de ciclistas;por 100 mil hab.;0
Macapá;2011;TX_MORT_CICL;Taxa de mortalidade de ciclistas;por 100 mil hab.;0
Macapá;2012;TX_MORT_CICL;Taxa de mortalidade de ciclistas;por 100 mil hab.;0,5
Macapá;2013;TX_MORT_CICL;Taxa de mortalidade de ciclistas;por 100 mil hab.;0,2
Macapá;2014;TX_MORT_CICL;Taxa de mortalidade de ciclistas;por 100 mil hab.;2,2
Macapá;2015;TX_MORT_CICL;Taxa de mortalidade de ciclistas;por 100 mil hab.;2,4
Macapá;2016;TX_MORT_CICL;Taxa de mortalidade de ciclistas;por 100 mil hab.;1,5
Macapá;2017;TX_MORT_CICL;Taxa de mortalidade de ciclistas;por 100 mil hab.;2,3
Macapá;2018;TX_MORT_CICL;Taxa de mortalidade de ciclistas;por 100 mil hab.;1,4
Macapá;2019;TX_MORT_CICL;Taxa de mortalidade de ciclistas;por 100 mil hab.;1,5894
Macapá;2020;TX_MORT_CICL;Taxa de mortalidade de ciclistas;por 100 mil hab.;0,7799
Macapá;2021;TX_MORT_CICL;Taxa de mortalidade de ciclistas;por 100 mil hab.;0,5743
Maceió;2000;TX_MORT_CICL;Taxa de mortalidade de ciclistas;por 100 mil hab.;0,4
Maceió;2001;TX_MORT_CICL;Taxa de mortalidade de ciclistas;por 100 mil hab.;0,5
Maceió;2002;TX_MORT_CICL;Taxa de mortalidade de ciclistas;por 100 mil hab.;0,5
Maceió;2003;TX_MORT_CICL;Taxa de mortalidade de ciclistas;por 100 mil hab.;0,4
Maceió;2004;TX_MORT_CICL;Taxa de mortalidade de ciclistas;por 100 mil hab.;0,7
Maceió;2005;TX_MORT_CICL;Taxa de mortalidade de ciclistas;por 100 mil hab.;0,9
Maceió;2006;TX_MORT_CICL;Taxa de mortalidade de ciclistas;por 100 mil hab.;0,7
Maceió;2007;TX_MORT_CICL;Taxa de mortalidade de ciclistas;por 100 mil hab.;0,2
Maceió;2008;TX_MORT_CICL;Taxa de mortalidade de ciclistas;por 100 mil hab.;0,3
Maceió;2009;TX_MORT_CICL;Taxa de mortalidade de ciclistas;por 100 mil hab.;0,4
Maceió;2010;TX_MORT_CICL;Taxa de mortalidade de ciclistas;por 100 mil hab.;0,4
Maceió;2011;TX_MORT_CICL;Taxa de mortalidade de ciclistas;por 100 mil hab.;0,4
Maceió;2012;TX_MORT_CICL;Taxa de mortalidade de ciclistas;por 100 mil hab.;0,1
Maceió;2013;TX_MORT_CICL;Taxa de mortalidade de ciclistas;por 100 mil hab.;0
Maceió;2014;TX_MORT_CICL;Taxa de mortalidade de ciclistas;por 100 mil hab.;0,1
Maceió;2015;TX_MORT_CICL;Taxa de mortalidade de ciclistas;por 100 mil hab.;0,2
Maceió;2016;TX_MORT_CICL;Taxa de mortalidade de ciclistas;por 100 mil hab.;0,2
Maceió;2017;TX_MORT_CICL;Taxa de mortalidade de ciclistas;por 100 mil hab.;1
Maceió;2018;TX_MORT_CICL;Taxa de mortalidade de ciclistas;por 100 mil hab.;1
Maceió;2019;TX_MORT_CICL;Taxa de mortalidade de ciclistas;por 100 mil hab.;0,3926
Maceió;2020;TX_MORT_CICL;Taxa de mortalidade de ciclistas;por 100 mil hab.;1,4629
Maceió;2021;TX_MORT_CICL;Taxa de mortalidade de ciclistas;por 100 mil hab.;0,2908
Manaus;2000;TX_MORT_CICL;Taxa de mortalidade de ciclistas;por 100 mil hab.;0,7
Manaus;2001;TX_MORT_CICL;Taxa de mortalidade de ciclistas;por 100 mil hab.;0,2
Manaus;2002;TX_MORT_CICL;Taxa de mortalidade de ciclistas;por 100 mil hab.;0,1
Manaus;2003;TX_MORT_CICL;Taxa de mortalidade de ciclistas;por 100 mil hab.;0,3
Manaus;2004;TX_MORT_CICL;Taxa de mortalidade de ciclistas;por 100 mil hab.;0,1
Manaus;2005;TX_MORT_CICL;Taxa de mortalidade de ciclistas;por 100 mil hab.;0,3
Manaus;2006;TX_MORT_CICL;Taxa de mortalidade de ciclistas;por 100 mil hab.;0,1
Manaus;2007;TX_MORT_CICL;Taxa de mortalidade de ciclistas;por 100 mil hab.;0
Manaus;2008;TX_MORT_CICL;Taxa de mortalidade de ciclistas;por 100 mil hab.;0,3
Manaus;2009;TX_MORT_CICL;Taxa de mortalidade de ciclistas;por 100 mil hab.;0,1
Manaus;2010;TX_MORT_CICL;Taxa de mortalidade de ciclistas;por 100 mil hab.;0,2
Manaus;2011;TX_MORT_CICL;Taxa de mortalidade de ciclistas;por 100 mil hab.;0,2
Manaus;2012;TX_MORT_CICL;Taxa de mortalidade de ciclistas;por 100 mil hab.;0,2
Manaus;2013;TX_MORT_CICL;Taxa de mortalidade de ciclistas;por 100 mil hab.;0,1
Manaus;2014;TX_MORT_CICL;Taxa de mortalidade de ciclistas;por 100 mil hab.;0
Manaus;2015;TX_MORT_CICL;Taxa de mortalidade de ciclistas;por 100 mil hab.;0
Manaus;2016;TX_MORT_CICL;Taxa de mortalidade de ciclistas;por 100 mil hab.;0,1
Manaus;2017;TX_MORT_CICL;Taxa de mortalidade de ciclistas;por 100 mil hab.;0,5
Manaus;2018;TX_MORT_CICL;Taxa de mortalidade de ciclistas;por 100 mil hab.;0,2
Manaus;2019;TX_MORT_CICL;Taxa de mortalidade de ciclistas;por 100 mil hab.;0,2291
Manaus;2020;TX_MORT_CICL;Taxa de mortalidade de ciclistas;por 100 mil hab.;0,1802
Manaus;2021;TX_MORT_CICL;Taxa de mortalidade de ciclistas;por 100 mil hab.;0,0443
Natal;2000;TX_MORT_CICL;Taxa de mortalidade de ciclistas;por 100 mil hab.;0,3
Natal;2001;TX_MORT_CICL;Taxa de mortalidade de ciclistas;por 100 mil hab.;1
Natal;2002;TX_MORT_CICL;Taxa de mortalidade de ciclistas;por 100 mil hab.;0,4
Natal;2003;TX_MORT_CICL;Taxa de mortalidade de ciclistas;por 100 mil hab.;0,7
Natal;2004;TX_MORT_CICL;Taxa de mortalidade de ciclistas;por 100 mil hab.;0,4
Natal;2005;TX_MORT_CICL;Taxa de mortalidade de ciclistas;por 100 mil hab.;0,3
Natal;2006;TX_MORT_CICL;Taxa de mortalidade de ciclistas;por 100 mil hab.;0,4
Natal;2007;TX_MORT_CICL;Taxa de mortalidade de ciclistas;por 100 mil hab.;0,5
Natal;2008;TX_MORT_CICL;Taxa de mortalidade de ciclistas;por 100 mil hab.;0,4
Natal;2009;TX_MORT_CICL;Taxa de mortalidade de ciclistas;por 100 mil hab.;0,1
Natal;2010;TX_MORT_CICL;Taxa de mortalidade de ciclistas;por 100 mil hab.;1,1
Natal;2011;TX_MORT_CICL;Taxa de mortalidade de ciclistas;por 100 mil hab.;0,7
Natal;2012;TX_MORT_CICL;Taxa de mortalidade de ciclistas;por 100 mil hab.;0
Natal;2013;TX_MORT_CICL;Taxa de mortalidade de ciclistas;por 100 mil hab.;0,4
Natal;2014;TX_MORT_CICL;Taxa de mortalidade de ciclistas;por 100 mil hab.;0,3
Natal;2015;TX_MORT_CICL;Taxa de mortalidade de ciclistas;por 100 mil hab.;0,3
Natal;2016;TX_MORT_CICL;Taxa de mortalidade de ciclistas;por 100 mil hab.;0,6
Natal;2017;TX_MORT_CICL;Taxa de mortalidade de ciclistas;por 100 mil hab.;0,6
Natal;2018;TX_MORT_CICL;Taxa de mortalidade de ciclistas;por 100 mil hab.;0,1
Natal;2019;TX_MORT_CICL;Taxa de mortalidade de ciclistas;por 100 mil hab.;0,2262
Natal;2020;TX_MORT_CICL;Taxa de mortalidade de ciclistas;por 100 mil hab.;0,5615
Natal;2021;TX_MORT_CICL;Taxa de mortalidade de ciclistas;por 100 mil hab.;0,5576
Palmas;2000;TX_MORT_CICL;Taxa de mortalidade de ciclistas;por 100 mil hab.;5,1
Palmas;2001;TX_MORT_CICL;Taxa de mortalidade de ciclistas;por 100 mil hab.;4
Palmas;2002;TX_MORT_CICL;Taxa de mortalidade de ciclistas;por 100 mil hab.;7,4
Palmas;2003;TX_MORT_CICL;Taxa de mortalidade de ciclistas;por 100 mil hab.;7
Palmas;2004;TX_MORT_CICL;Taxa de mortalidade de ciclistas;por 100 mil hab.;2,7
Palmas;2005;TX_MORT_CICL;Taxa de mortalidade de ciclistas;por 100 mil hab.;1,9
Palmas;2006;TX_MORT_CICL;Taxa de mortalidade de ciclistas;por 100 mil hab.;3,6
Palmas;2007;TX_MORT_CICL;Taxa de mortalidade de ciclistas;por 100 mil hab.;4,5
Palmas;2008;TX_MORT_CICL;Taxa de mortalidade de ciclistas;por 100 mil hab.;1,1
Palmas;2009;TX_MORT_CICL;Taxa de mortalidade de ciclistas;por 100 mil hab.;2,7
Palmas;2010;TX_MORT_CICL;Taxa de mortalidade de ciclistas;por 100 mil hab.;2,2
Palmas;2011;TX_MORT_CICL;Taxa de mortalidade de ciclistas;por 100 mil hab.;1,7
Palmas;2012;TX_MORT_CICL;Taxa de mortalidade de ciclistas;por 100 mil hab.;3,3
Palmas;2013;TX_MORT_CICL;Taxa de mortalidade de ciclistas;por 100 mil hab.;1,9
Palmas;2014;TX_MORT_CICL;Taxa de mortalidade de ciclistas;por 100 mil hab.;1,5
Palmas;2015;TX_MORT_CICL;Taxa de mortalidade de ciclistas;por 100 mil hab.;1,8
Palmas;2016;TX_MORT_CICL;Taxa de mortalidade de ciclistas;por 100 mil hab.;1,8
Palmas;2017;TX_MORT_CICL;Taxa de mortalidade de ciclistas;por 100 mil hab.;2,1
Palmas;2018;TX_MORT_CICL;Taxa de mortalidade de ciclistas;por 100 mil hab.;1,4
Palmas;2019;TX_MORT_CICL;Taxa de mortalidade de ciclistas;por 100 mil hab.;2,0058
Palmas;2020;TX_MORT_CICL;Taxa de mortalidade de ciclistas;por 100 mil hab.;2,6119
Palmas;2021;TX_MORT_CICL;Taxa de mortalidade de ciclistas;por 100 mil hab.;1,5957
Porto Alegre;2000;TX_MORT_CICL;Taxa de mortalidade de ciclistas;por 100 mil hab.;0,3
Porto Alegre;2001;TX_MORT_CICL;Taxa de mortalidade de ciclistas;por 100 mil hab.;0,1
Porto Alegre;2002;TX_MORT_CICL;Taxa de mortalidade de ciclistas;por 100 mil hab.;0,5
Porto Alegre;2003;TX_MORT_CICL;Taxa de mortalidade de ciclistas;por 100 mil hab.;0,7
Porto Alegre;2004;TX_MORT_CICL;Taxa de mortalidade de ciclistas;por 100 mil hab.;0,6
Porto Alegre;2005;TX_MORT_CICL;Taxa de mortalidade de ciclistas;por 100 mil hab.;0,7
Porto Alegre;2006;TX_MORT_CICL;Taxa de mortalidade de ciclistas;por 100 mil hab.;0,8
Porto Alegre;2007;TX_MORT_CICL;Taxa de mortalidade de ciclistas;por 100 mil hab.;0,6
Porto Alegre;2008;TX_MORT_CICL;Taxa de mortalidade de ciclistas;por 100 mil hab.;0,7
Porto Alegre;2009;TX_MORT_CICL;Taxa de mortalidade de ciclistas;por 100 mil hab.;0,4
Porto Alegre;2010;TX_MORT_CICL;Taxa de mortalidade de ciclistas;por 100 mil hab.;0,6
Porto Alegre;2011;TX_MORT_CICL;Taxa de mortalidade de ciclistas;por 100 mil hab.;0,6
Porto Alegre;2012;TX_MORT_CICL;Taxa de mortalidade de ciclistas;por 100 mil hab.;0,6
Porto Alegre;2013;TX_MORT_CICL;Taxa de mortalidade de ciclistas;por 100 mil hab.;0,6
Porto Alegre;2014;TX_MORT_CICL;Taxa de mortalidade de ciclistas;por 100 mil hab.;0,5
Porto Alegre;2015;TX_MORT_CICL;Taxa de mortalidade de ciclistas;por 100 mil hab.;0,4
Porto Alegre;2016;TX_MORT_CICL;Taxa de mortalidade de ciclistas;por 100 mil hab.;0,3
Porto Alegre;2017;TX_MORT_CICL;Taxa de mortalidade de ciclistas;por 100 mil hab.;0,3
Porto Alegre;2018;TX_MORT_CICL;Taxa de mortalidade de ciclistas;por 100 mil hab.;0,7
Porto Alegre;2019;TX_MORT_CICL;Taxa de mortalidade de ciclistas;por 100 mil hab.;0,4044
Porto Alegre;2020;TX_MORT_CICL;Taxa de mortalidade de ciclistas;por 100 mil hab.;0,4703
Porto Alegre;2021;TX_MORT_CICL;Taxa de mortalidade de ciclistas;por 100 mil hab.;0,536
Porto Velho;2000;TX_MORT_CICL;Taxa de mortalidade de ciclistas;por 100 mil hab.;0
Porto Velho;2001;TX_MORT_CICL;Taxa de mortalidade de ciclistas;por 100 mil hab.;0
Porto Velho;2002;TX_MORT_CICL;Taxa de mortalidade de ciclistas;por 100 mil hab.;2
Porto Velho;2003;TX_MORT_CICL;Taxa de mortalidade de ciclistas;por 100 mil hab.;1,7
Porto Velho;2004;TX_MORT_CICL;Taxa de mortalidade de ciclistas;por 100 mil hab.;1,1
Porto Velho;2005;TX_MORT_CICL;Taxa de mortalidade de ciclistas;por 100 mil hab.;1,1
Porto Velho;2006;TX_MORT_CICL;Taxa de mortalidade de ciclistas;por 100 mil hab.;2,1
Porto Velho;2007;TX_MORT_CICL;Taxa de mortalidade de ciclistas;por 100 mil hab.;0,8
Porto Velho;2008;TX_MORT_CICL;Taxa de mortalidade de ciclistas;por 100 mil hab.;2,4
Porto Velho;2009;TX_MORT_CICL;Taxa de mortalidade de ciclistas;por 100 mil hab.;1
Porto Velho;2010;TX_MORT_CICL;Taxa de mortalidade de ciclistas;por 100 mil hab.;0,9
Porto Velho;2011;TX_MORT_CICL;Taxa de mortalidade de ciclistas;por 100 mil hab.;1,8
Porto Velho;2012;TX_MORT_CICL;Taxa de mortalidade de ciclistas;por 100 mil hab.;1,1
Porto Velho;2013;TX_MORT_CICL;Taxa de mortalidade de ciclistas;por 100 mil hab.;4,1
Porto Velho;2014;TX_MORT_CICL;Taxa de mortalidade de ciclistas;por 100 mil hab.;1,2
Porto Velho;2015;TX_MORT_CICL;Taxa de mortalidade de ciclistas;por 100 mil hab.;2,2
Porto Velho;2016;TX_MORT_CICL;Taxa de mortalidade de ciclistas;por 100 mil hab.;1
Porto Velho;2017;TX_MORT_CICL;Taxa de mortalidade de ciclistas;por 100 mil hab.;1,2
Porto Velho;2018;TX_MORT_CICL;Taxa de mortalidade de ciclistas;por 100 mil hab.;2,1
Porto Velho;2019;TX_MORT_CICL;Taxa de mortalidade de ciclistas;por 100 mil hab.;1,3219
Porto Velho;2020;TX_MORT_CICL;Taxa de mortalidade de ciclistas;por 100 mil hab.;2,7811
Porto Velho;2021;TX_MORT_CICL;Taxa de mortalidade de ciclistas;por 100 mil hab.;1,093
Recife;2000;TX_MORT_CICL;Taxa de mortalidade de ciclistas;por 100 mil hab.;0,9
Recife;2001;TX_MORT_CICL;Taxa de mortalidade de ciclistas;por 100 mil hab.;1,3
Recife;2002;TX_MORT_CICL;Taxa de mortalidade de ciclistas;por 100 mil hab.;0,8
Recife;2003;TX_MORT_CICL;Taxa de mortalidade de ciclistas;por 100 mil hab.;0,6
Recife;2004;TX_MORT_CICL;Taxa de mortalidade de ciclistas;por 100 mil hab.;0,5
Recife;2005;TX_MORT_CICL;Taxa de mortalidade de ciclistas;por 100 mil hab.;0,8
Recife;2006;TX_MORT_CICL;Taxa de mortalidade de ciclistas;por 100 mil hab.;0,9
Recife;2007;TX_MORT_CICL;Taxa de mortalidade de ciclistas;por 100 mil hab.;1
Recife;2008;TX_MORT_CICL;Taxa de mortalidade de ciclistas;por 100 mil hab.;0,6
Recife;2009;TX_MORT_CICL;Taxa de mortalidade de ciclistas;por 100 mil hab.;0,9
Recife;2010;TX_MORT_CICL;Taxa de mortalidade de ciclistas;por 100 mil hab.;0,9
Recife;2011;TX_MORT_CICL;Taxa de mortalidade de ciclistas;por 100 mil hab.;0,8
Recife;2012;TX_MORT_CICL;Taxa de mortalidade de ciclistas;por 100 mil hab.;1
Recife;2013;TX_MORT_CICL;Taxa de mortalidade de ciclistas;por 100 mil hab.;0,3
Recife;2014;TX_MORT_CICL;Taxa de mortalidade de ciclistas;por 100 mil hab.;0,9
Recife;2015;TX_MORT_CICL;Taxa de mortalidade de ciclistas;por 100 mil hab.;1,5
Recife;2016;TX_MORT_CICL;Taxa de mortalidade de ciclistas;por 100 mil hab.;0,7
Recife;2017;TX_MORT_CICL;Taxa de mortalidade de ciclistas;por 100 mil hab.;1,3
Recife;2018;TX_MORT_CICL;Taxa de mortalidade de ciclistas;por 100 mil hab.;1,5
Recife;2019;TX_MORT_CICL;Taxa de mortalidade de ciclistas;por 100 mil hab.;2,1267
Recife;2020;TX_MORT_CICL;Taxa de mortalidade de ciclistas;por 100 mil hab.;1,6329
Recife;2021;TX_MORT_CICL;Taxa de mortalidade de ciclistas;por 100 mil hab.;1,3847
Rio Branco;2000;TX_MORT_CICL;Taxa de mortalidade de ciclistas;por 100 mil hab.;0,4
Rio Branco;2001;TX_MORT_CICL;Taxa de mortalidade de ciclistas;por 100 mil hab.;0,8
Rio Branco;2002;TX_MORT_CICL;Taxa de mortalidade de ciclistas;por 100 mil hab.;0,4
Rio Branco;2003;TX_MORT_CICL;Taxa de mortalidade de ciclistas;por 100 mil hab.;1,5
Rio Branco;2004;TX_MORT_CICL;Taxa de mortalidade de ciclistas;por 100 mil hab.;0,3
Rio Branco;2005;TX_MORT_CICL;Taxa de mortalidade de ciclistas;por 100 mil hab.;0,7
Rio Branco;2006;TX_MORT_CICL;Taxa de mortalidade de ciclistas;por 100 mil hab.;0
Rio Branco;2007;TX_MORT_CICL;Taxa de mortalidade de ciclistas;por 100 mil hab.;0
Rio Branco;2008;TX_MORT_CICL;Taxa de mortalidade de ciclistas;por 100 mil hab.;0
Rio Branco;2009;TX_MORT_CICL;Taxa de mortalidade de ciclistas;por 100 mil hab.;0,3
Rio Branco;2010;TX_MORT_CICL;Taxa de mortalidade de ciclistas;por 100 mil hab.;0
Rio Branco;2011;TX_MORT_CICL;Taxa de mortalidade de ciclistas;por 100 mil hab.;0
Rio Branco;2012;TX_MORT_CICL;Taxa de mortalidade de ciclistas;por 100 mil hab.;1,7
Rio Branco;2013;TX_MORT_CICL;Taxa de mortalidade de ciclistas;por 100 mil hab.;1,7
Rio Branco;2014;TX_MORT_CICL;Taxa de mortalidade de ciclistas;por 100 mil hab.;1,4
Rio Branco;2015;TX_MORT_CICL;Taxa de mortalidade de ciclistas;por 100 mil hab.;1,3
Rio Branco;2016;TX_MORT_CICL;Taxa de mortalidade de ciclistas;por 100 mil hab.;0,8
Rio Branco;2017;TX_MORT_CICL;Taxa de mortalidade de ciclistas;por 100 mil hab.;1
Rio Branco;2018;TX_MORT_CICL;Taxa de mortalidade de ciclistas;por 100 mil hab.;1,7
Rio Branco;2019;TX_MORT_CICL;Taxa de mortalidade de ciclistas;por 100 mil hab.;1,2275
Rio Branco;2020;TX_MORT_CICL;Taxa de mortalidade de ciclistas;por 100 mil hab.;0,4838
Rio Branco;2021;TX_MORT_CICL;Taxa de mortalidade de ciclistas;por 100 mil hab.;0,2384
Rio de Janeiro;2000;TX_MORT_CICL;Taxa de mortalidade de ciclistas;por 100 mil hab.;0
Rio de Janeiro;2001;TX_MORT_CICL;Taxa de mortalidade de ciclistas;por 100 mil hab.;0,1
Rio de Janeiro;2002;TX_MORT_CICL;Taxa de mortalidade de ciclistas;por 100 mil hab.;0,1
Rio de Janeiro;2003;TX_MORT_CICL;Taxa de mortalidade de ciclistas;por 100 mil hab.;0,1
Rio de Janeiro;2004;TX_MORT_CICL;Taxa de mortalidade de ciclistas;por 100 mil hab.;0,3
Rio de Janeiro;2005;TX_MORT_CICL;Taxa de mortalidade de ciclistas;por 100 mil hab.;0,4
Rio de Janeiro;2006;TX_MORT_CICL;Taxa de mortalidade de ciclistas;por 100 mil hab.;0,6
Rio de Janeiro;2007;TX_MORT_CICL;Taxa de mortalidade de ciclistas;por 100 mil hab.;0,4
Rio de Janeiro;2008;TX_MORT_CICL;Taxa de mortalidade de ciclistas;por 100 mil hab.;0,6
Rio de Janeiro;2009;TX_MORT_CICL;Taxa de mortalidade de ciclistas;por 100 mil hab.;0,6
Rio de Janeiro;2010;TX_MORT_CICL;Taxa de mortalidade de ciclistas;por 100 mil hab.;0,7
Rio de Janeiro;2011;TX_MORT_CICL;Taxa de mortalidade de ciclistas;por 100 mil hab.;0,2
Rio de Janeiro;2012;TX_MORT_CICL;Taxa de mortalidade de ciclistas;por 100 mil hab.;0,1
Rio de Janeiro;2013;TX_MORT_CICL;Taxa de mortalidade de ciclistas;por 100 mil hab.;0,3
Rio de Janeiro;2014;TX_MORT_CICL;Taxa de mortalidade de ciclistas;por 100 mil hab.;0,1
Rio de Janeiro;2015;TX_MORT_CICL;Taxa de mortalidade de ciclistas;por 100 mil hab.;0,2
Rio de Janeiro;2016;TX_MORT_CICL;Taxa de mortalidade de ciclistas;por 100 mil hab.;0,1
Rio de Janeiro;2017;TX_MORT_CICL;Taxa de mortalidade de ciclistas;por 100 mil hab.;0,2
Rio de Janeiro;2018;TX_MORT_CICL;Taxa de mortalidade de ciclistas;por 100 mil hab.;0,1
Rio de Janeiro;2019;TX_MORT_CICL;Taxa de mortalidade de ciclistas;por 100 mil hab.;0,1042
Rio de Janeiro;2020;TX_MORT_CICL;Taxa de mortalidade de ciclistas;por 100 mil hab.;0,0593
Rio de Janeiro;2021;TX_MORT_CICL;Taxa de mortalidade de ciclistas;por 100 mil hab.;0,2066
Salvador;2000;TX_MORT_CICL;Taxa de mortalidade de ciclistas;por 100 mil hab.;0
Salvador;2001;TX_MORT_CICL;Taxa de mortalidade de ciclistas;por 100 mil hab.;0
Salvador;2002;TX_MORT_CICL;Taxa de mortalidade de ciclistas;por 100 mil hab.;0
Salvador;2003;TX_MORT_CICL;Taxa de mortalidade de ciclistas;por 100 mil hab.;0
Salvador;2004;TX_MORT_CICL;Taxa de mortalidade de ciclistas;por 100 mil hab.;0
Salvador;2005;TX_MORT_CICL;Taxa de mortalidade de ciclistas;por 100 mil hab.;0,4
Salvador;2006;TX_MORT_CICL;Taxa de mortalidade de ciclistas;por 100 mil hab.;0,5
Salvador;2007;TX_MORT_CICL;Taxa de mortalidade de ciclistas;por 100 mil hab.;0,4
Salvador;2008;TX_MORT_CICL;Taxa de mortalidade de ciclistas;por 100 mil hab.;0,1
Salvador;2009;TX_MORT_CICL;Taxa de mortalidade de ciclistas;por 100 mil hab.;0
Salvador;2010;TX_MORT_CICL;Taxa de mortalidade de ciclistas;por 100 mil hab.;0,1
Salvador;2011;TX_MORT_CICL;Taxa de mortalidade de ciclistas;por 100 mil hab.;0,3
Salvador;2012;TX_MORT_CICL;Taxa de mortalidade de ciclistas;por 100 mil hab.;0,2
Salvador;2013;TX_MORT_CICL;Taxa de mortalidade de ciclistas;por 100 mil hab.;0,2
Salvador;2014;TX_MORT_CICL;Taxa de mortalidade de ciclistas;por 100 mil hab.;0,3
Salvador;2015;TX_MORT_CICL;Taxa de mortalidade de ciclistas;por 100 mil hab.;0,2
Salvador;2016;TX_MORT_CICL;Taxa de mortalidade de ciclistas;por 100 mil hab.;0,1
Salvador;2017;TX_MORT_CICL;Taxa de mortalidade de ciclistas;por 100 mil hab.;0,2
Salvador;2018;TX_MORT_CICL;Taxa de mortalidade de ciclistas;por 100 mil hab.;0,1
Salvador;2019;TX_MORT_CICL;Taxa de mortalidade de ciclistas;por 100 mil hab.;0,2089
Salvador;2020;TX_MORT_CICL;Taxa de mortalidade de ciclistas;por 100 mil hab.;0,1386
Salvador;2021;TX_MORT_CICL;Taxa de mortalidade de ciclistas;por 100 mil hab.;0,2414
São Luís;2000;TX_MORT_CICL;Taxa de mortalidade de ciclistas;por 100 mil hab.;0,6
São Luís;2001;TX_MORT_CICL;Taxa de mortalidade de ciclistas;por 100 mil hab.;0,3
São Luís;2002;TX_MORT_CICL;Taxa de mortalidade de ciclistas;por 100 mil hab.;0,9
São Luís;2003;TX_MORT_CICL;Taxa de mortalidade de ciclistas;por 100 mil hab.;1
São Luís;2004;TX_MORT_CICL;Taxa de mortalidade de ciclistas;por 100 mil hab.;0,9
São Luís;2005;TX_MORT_CICL;Taxa de mortalidade de ciclistas;por 100 mil hab.;2,5
São Luís;2006;TX_MORT_CICL;Taxa de mortalidade de ciclistas;por 100 mil hab.;1
São Luís;2007;TX_MORT_CICL;Taxa de mortalidade de ciclistas;por 100 mil hab.;0,8
São Luís;2008;TX_MORT_CICL;Taxa de mortalidade de ciclistas;por 100 mil hab.;1
São Luís;2009;TX_MORT_CICL;Taxa de mortalidade de ciclistas;por 100 mil hab.;1,3
São Luís;2010;TX_MORT_CICL;Taxa de mortalidade de ciclistas;por 100 mil hab.;0,9
São Luís;2011;TX_MORT_CICL;Taxa de mortalidade de ciclistas;por 100 mil hab.;0,8
São Luís;2012;TX_MORT_CICL;Taxa de mortalidade de ciclistas;por 100 mil hab.;0,5
São Luís;2013;TX_MORT_CICL;Taxa de mortalidade de ciclistas;por 100 mil hab.;0,4
São Luís;2014;TX_MORT_CICL;Taxa de mortalidade de ciclistas;por 100 mil hab.;0,3
São Luís;2015;TX_MORT_CICL;Taxa de mortalidade de ciclistas;por 100 mil hab.;0,5
São Luís;2016;TX_MORT_CICL;Taxa de mortalidade de ciclistas;por 100 mil hab.;0,4
São Luís;2017;TX_MORT_CICL;Taxa de mortalidade de ciclistas;por 100 mil hab.;0
São Luís;2018;TX_MORT_CICL;Taxa de mortalidade de ciclistas;por 100 mil hab.;0,5
São Luís;2019;TX_MORT_CICL;Taxa de mortalidade de ciclistas;por 100 mil hab.;0
São Luís;2020;TX_MORT_CICL;Taxa de mortalidade de ciclistas;por 100 mil hab.;0,2705
São Luís;2021;TX_MORT_CICL;Taxa de mortalidade de ciclistas;por 100 mil hab.;0,4481
São Paulo;2000;TX_MORT_CICL;Taxa de mortalidade de ciclistas;por 100 mil hab.;0
São Paulo;2001;TX_MORT_CICL;Taxa de mortalidade de ciclistas;por 100 mil hab.;0,2
São Paulo;2002;TX_MORT_CICL;Taxa de mortalidade de ciclistas;por 100 mil hab.;0,1
São Paulo;2003;TX_MORT_CICL;Taxa de mortalidade de ciclistas;por 100 mil hab.;0,2
São Paulo;2004;TX_MORT_CICL;Taxa de mortalidade de ciclistas;por 100 mil hab.;0,2
São Paulo;2005;TX_MORT_CICL;Taxa de mortalidade de ciclistas;por 100 mil hab.;0,4
São Paulo;2006;TX_MORT_CICL;Taxa de mortalidade de ciclistas;por 100 mil hab.;0,8
São Paulo;2007;TX_MORT_CICL;Taxa de mortalidade de ciclistas;por 100 mil hab.;0,5
São Paulo;2008;TX_MORT_CICL;Taxa de mortalidade de ciclistas;por 100 mil hab.;0,5
São Paulo;2009;TX_MORT_CICL;Taxa de mortalidade de ciclistas;por 100 mil hab.;0,6
São Paulo;2010;TX_MORT_CICL;Taxa de mortalidade de ciclistas;por 100 mil hab.;0,4
São Paulo;2011;TX_MORT_CICL;Taxa de mortalidade de ciclistas;por 100 mil hab.;0,5
São Paulo;2012;TX_MORT_CICL;Taxa de mortalidade de ciclistas;por 100 mil hab.;0,5
São Paulo;2013;TX_MORT_CICL;Taxa de mortalidade de ciclistas;por 100 mil hab.;0,3
São Paulo;2014;TX_MORT_CICL;Taxa de mortalidade de ciclistas;por 100 mil hab.;0,4
São Paulo;2015;TX_MORT_CICL;Taxa de mortalidade de ciclistas;por 100 mil hab.;0,3
São Paulo;2016;TX_MORT_CICL;Taxa de mortalidade de ciclistas;por 100 mil hab.;0,3
São Paulo;2017;TX_MORT_CICL;Taxa de mortalidade de ciclistas;por 100 mil hab.;0,2
São Paulo;2018;TX_MORT_CICL;Taxa de mortalidade de ciclistas;por 100 mil hab.;0
São Paulo;2019;TX_MORT_CICL;Taxa de mortalidade de ciclistas;por 100 mil hab.;0,2285
São Paulo;2020;TX_MORT_CICL;Taxa de mortalidade de ciclistas;por 100 mil hab.;0,2921
São Paulo;2021;TX_MORT_CICL;Taxa de mortalidade de ciclistas;por 100 mil hab.;0,2178
Teresina;2000;TX_MORT_CICL;Taxa de mortalidade de ciclistas;por 100 mil hab.;2,7
Teresina;2001;TX_MORT_CICL;Taxa de mortalidade de ciclistas;por 100 mil hab.;1,9
Teresina;2002;TX_MORT_CICL;Taxa de mortalidade de ciclistas;por 100 mil hab.;3,1
Teresina;2003;TX_MORT_CICL;Taxa de mortalidade de ciclistas;por 100 mil hab.;2,1
Teresina;2004;TX_MORT_CICL;Taxa de mortalidade de ciclistas;por 100 mil hab.;3,4
Teresina;2005;TX_MORT_CICL;Taxa de mortalidade de ciclistas;por 100 mil hab.;2,7
Teresina;2006;TX_MORT_CICL;Taxa de mortalidade de ciclistas;por 100 mil hab.;3,1
Teresina;2007;TX_MORT_CICL;Taxa de mortalidade de ciclistas;por 100 mil hab.;5
Teresina;2008;TX_MORT_CICL;Taxa de mortalidade de ciclistas;por 100 mil hab.;3,6
Teresina;2009;TX_MORT_CICL;Taxa de mortalidade de ciclistas;por 100 mil hab.;3,6
Teresina;2010;TX_MORT_CICL;Taxa de mortalidade de ciclistas;por 100 mil hab.;4,5
Teresina;2011;TX_MORT_CICL;Taxa de mortalidade de ciclistas;por 100 mil hab.;2,6
Teresina;2012;TX_MORT_CICL;Taxa de mortalidade de ciclistas;por 100 mil hab.;2,9
Teresina;2013;TX_MORT_CICL;Taxa de mortalidade de ciclistas;por 100 mil hab.;1,8
Teresina;2014;TX_MORT_CICL;Taxa de mortalidade de ciclistas;por 100 mil hab.;2,7
Teresina;2015;TX_MORT_CICL;Taxa de mortalidade de ciclistas;por 100 mil hab.;2,5
Teresina;2016;TX_MORT_CICL;Taxa de mortalidade de ciclistas;por 100 mil hab.;2,6
Teresina;2017;TX_MORT_CICL;Taxa de mortalidade de ciclistas;por 100 mil hab.;1,9
Teresina;2018;TX_MORT_CICL;Taxa de mortalidade de ciclistas;por 100 mil hab.;1,6
Teresina;2019;TX_MORT_CICL;Taxa de mortalidade de ciclistas;por 100 mil hab.;1,5032
Teresina;2020;TX_MORT_CICL;Taxa de mortalidade de ciclistas;por 100 mil hab.;1,152
Teresina;2021;TX_MORT_CICL;Taxa de mortalidade de ciclistas;por 100 mil hab.;2,0663
Vitória;2000;TX_MORT_CICL;Taxa de mortalidade de ciclistas;por 100 mil hab.;1,7
Vitória;2001;TX_MORT_CICL;Taxa de mortalidade de ciclistas;por 100 mil hab.;1,7
Vitória;2002;TX_MORT_CICL;Taxa de mortalidade de ciclistas;por 100 mil hab.;0,7
Vitória;2003;TX_MORT_CICL;Taxa de mortalidade de ciclistas;por 100 mil hab.;1,3
Vitória;2004;TX_MORT_CICL;Taxa de mortalidade de ciclistas;por 100 mil hab.;1,9
Vitória;2005;TX_MORT_CICL;Taxa de mortalidade de ciclistas;por 100 mil hab.;4,5
Vitória;2006;TX_MORT_CICL;Taxa de mortalidade de ciclistas;por 100 mil hab.;3,2
Vitória;2007;TX_MORT_CICL;Taxa de mortalidade de ciclistas;por 100 mil hab.;1
Vitória;2008;TX_MORT_CICL;Taxa de mortalidade de ciclistas;por 100 mil hab.;2,2
Vitória;2009;TX_MORT_CICL;Taxa de mortalidade de ciclistas;por 100 mil hab.;1,2
Vitória;2010;TX_MORT_CICL;Taxa de mortalidade de ciclistas;por 100 mil hab.;1,8
Vitória;2011;TX_MORT_CICL;Taxa de mortalidade de ciclistas;por 100 mil hab.;0,6
Vitória;2012;TX_MORT_CICL;Taxa de mortalidade de ciclistas;por 100 mil hab.;1,8
Vitória;2013;TX_MORT_CICL;Taxa de mortalidade de ciclistas;por 100 mil hab.;3,2
Vitória;2014;TX_MORT_CICL;Taxa de mortalidade de ciclistas;por 100 mil hab.;2,3
Vitória;2015;TX_MORT_CICL;Taxa de mortalidade de ciclistas;por 100 mil hab.;2,2
Vitória;2016;TX_MORT_CICL;Taxa de mortalidade de ciclistas;por 100 mil hab.;3,1
Vitória;2017;TX_MORT_CICL;Taxa de mortalidade de ciclistas;por 100 mil hab.;0,8
Vitória;2018;TX_MORT_CICL;Taxa de mortalidade de ciclistas;por 100 mil hab.;2,5
Vitória;2019;TX_MORT_CICL;Taxa de mortalidade de ciclistas;por 100 mil hab.;1,3808
Vitória;2020;TX_MORT_CICL;Taxa de mortalidade de ciclistas;por 100 mil hab.;4,6467
Vitória;2021;TX_MORT_CICL;Taxa de mortalidade de ciclistas;por 100 mil hab.;5,1416
Aracaju;2000;TX_MORT_MOTO;Taxa de mortalidade de motociclistas;por 100 mil hab.;4,8
Aracaju;2001;TX_MORT_MOTO;Taxa de mortalidade de motociclistas;por 100 mil hab.;5,3
Aracaju;2002;TX_MORT_MOTO;Taxa de mortalidade de motociclistas;por 100 mil hab.;9,9
Aracaju;2003;TX_MORT_MOTO;Taxa de mortalidade de motociclistas;por 100 mil hab.;11
Aracaju;2004;TX_MORT_MOTO;Taxa de mortalidade de motociclistas;por 100 mil hab.;12
Aracaju;2005;TX_MORT_MOTO;Taxa de mortalidade de motociclistas;por 100 mil hab.;11,6
Aracaju;2006;TX_MORT_MOTO;Taxa de mortalidade de motociclistas;por 100 mil hab.;16
Aracaju;2007;TX_MORT_MOTO;Taxa de mortalidade de motociclistas;por 100 mil hab.;16
Aracaju;2008;TX_MORT_MOTO;Taxa de mortalidade de motociclistas;por 100 mil hab.;17,3
Aracaju;2009;TX_MORT_MOTO;Taxa de mortalidade de motociclistas;por 100 mil hab.;23,7
Aracaju;2010;TX_MORT_MOTO;Taxa de mortalidade de motociclistas;por 100 mil hab.;23,8
Aracaju;2011;TX_MORT_MOTO;Taxa de mortalidade de motociclistas;por 100 mil hab.;28,6
Aracaju;2012;TX_MORT_MOTO;Taxa de mortalidade de motociclistas;por 100 mil hab.;27,6
Aracaju;2013;TX_MORT_MOTO;Taxa de mortalidade de motociclistas;por 100 mil hab.;27,2
Aracaju;2014;TX_MORT_MOTO;Taxa de mortalidade de motociclistas;por 100 mil hab.;20,5
Aracaju;2015;TX_MORT_MOTO;Taxa de mortalidade de motociclistas;por 100 mil hab.;21,5
Aracaju;2016;TX_MORT_MOTO;Taxa de mortalidade de motociclistas;por 100 mil hab.;17,3
Aracaju;2017;TX_MORT_MOTO;Taxa de mortalidade de motociclistas;por 100 mil hab.;16,3
Aracaju;2018;TX_MORT_MOTO;Taxa de mortalidade de motociclistas;por 100 mil hab.;14
Aracaju;2019;TX_MORT_MOTO;Taxa de mortalidade de motociclistas;por 100 mil hab.;15,2204
Aracaju;2020;TX_MORT_MOTO;Taxa de mortalidade de motociclistas;por 100 mil hab.;14,7389
Aracaju;2021;TX_MORT_MOTO;Taxa de mortalidade de motociclistas;por 100 mil hab.;14,8674
Belém;2000;TX_MORT_MOTO;Taxa de mortalidade de motociclistas;por 100 mil hab.;0,5
Belém;2001;TX_MORT_MOTO;Taxa de mortalidade de motociclistas;por 100 mil hab.;0,8
Belém;2002;TX_MORT_MOTO;Taxa de mortalidade de motociclistas;por 100 mil hab.;0,6
Belém;2003;TX_MORT_MOTO;Taxa de mortalidade de motociclistas;por 100 mil hab.;1,3
Belém;2004;TX_MORT_MOTO;Taxa de mortalidade de motociclistas;por 100 mil hab.;0,7
Belém;2005;TX_MORT_MOTO;Taxa de mortalidade de motociclistas;por 100 mil hab.;2,5
Belém;2006;TX_MORT_MOTO;Taxa de mortalidade de motociclistas;por 100 mil hab.;1,1
Belém;2007;TX_MORT_MOTO;Taxa de mortalidade de motociclistas;por 100 mil hab.;0,9
Belém;2008;TX_MORT_MOTO;Taxa de mortalidade de motociclistas;por 100 mil hab.;0,8
Belém;2009;TX_MORT_MOTO;Taxa de mortalidade de motociclistas;por 100 mil hab.;0,6
Belém;2010;TX_MORT_MOTO;Taxa de mortalidade de motociclistas;por 100 mil hab.;0,9
Belém;2011;TX_MORT_MOTO;Taxa de mortalidade de motociclistas;por 100 mil hab.;1,5
Belém;2012;TX_MORT_MOTO;Taxa de mortalidade de motociclistas;por 100 mil hab.;0,8
Belém;2013;TX_MORT_MOTO;Taxa de mortalidade de motociclistas;por 100 mil hab.;0,8
Belém;2014;TX_MORT_MOTO;Taxa de mortalidade de motociclistas;por 100 mil hab.;0,6
Belém;2015;TX_MORT_MOTO;Taxa de mortalidade de motociclistas;por 100 mil hab.;1,1
Belém;2016;TX_MORT_MOTO;Taxa de mortalidade de motociclistas;por 100 mil hab.;1,4
Belém;2017;TX_MORT_MOTO;Taxa de mortalidade de motociclistas;por 100 mil hab.;1,6
Belém;2018;TX_MORT_MOTO;Taxa de mortalidade de motociclistas;por 100 mil hab.;1,3
Belém;2019;TX_MORT_MOTO;Taxa de mortalidade de motociclistas;por 100 mil hab.;1,1388
Belém;2020;TX_MORT_MOTO;Taxa de mortalidade de motociclistas;por 100 mil hab.;1,0669
Belém;2021;TX_MORT_MOTO;Taxa de mortalidade de motociclistas;por 100 mil hab.;1,1949
Belo Horizonte;2000;TX_MORT_MOTO;Taxa de mortalidade de motociclistas;por 100 mil hab.;2
Belo Horizonte;2001;TX_MORT_MOTO;Taxa de mortalidade de motociclistas;por 100 mil hab.;2
Belo Horizonte;2002;TX_MORT_MOTO;Taxa de mortalidade de motociclistas;por 100 mil hab.;3,2
Belo Horizonte;2003;TX_MORT_MOTO;Taxa de mortalidade de motociclistas;por 100 mil hab.;2,5
Belo Horizonte;2004;TX_MORT_MOTO;Taxa de mortalidade de motociclistas;por 100 mil hab.;3,5
Belo Horizonte;2005;TX_MORT_MOTO;Taxa de mortalidade de motociclistas;por 100 mil hab.;3,6
Belo Horizonte;2006;TX_MORT_MOTO;Taxa de mortalidade de motociclistas;por 100 mil hab.;4,5
Belo Horizonte;2007;TX_MORT_MOTO;Taxa de mortalidade de motociclistas;por 100 mil hab.;5,1
Belo Horizonte;2008;TX_MORT_MOTO;Taxa de mortalidade de motociclistas;por 100 mil hab.;7,3
Belo Horizonte;2009;TX_MORT_MOTO;Taxa de mortalidade de motociclistas;por 100 mil hab.;4,2
Belo Horizonte;2010;TX_MORT_MOTO;Taxa de mortalidade de motociclistas;por 100 mil hab.;6,6
Belo Horizonte;2011;TX_MORT_MOTO;Taxa de mortalidade de motociclistas;por 100 mil hab.;7,2
Belo Horizonte;2012;TX_MORT_MOTO;Taxa de mortalidade de motociclistas;por 100 mil hab.;5,4
Belo Horizonte;2013;TX_MORT_MOTO;Taxa de mortalidade de motociclistas;por 100 mil hab.;6,3
Belo Horizonte;2014;TX_MORT_MOTO;Taxa de mortalidade de motociclistas;por 100 mil hab.;6
Belo Horizonte;2015;TX_MORT_MOTO;Taxa de mortalidade de motociclistas;por 100 mil hab.;5,1
Belo Horizonte;2016;TX_MORT_MOTO;Taxa de mortalidade de motociclistas;por 100 mil hab.;3,8
Belo Horizonte;2017;TX_MORT_MOTO;Taxa de mortalidade de motociclistas;por 100 mil hab.;2,9
Belo Horizonte;2018;TX_MORT_MOTO;Taxa de mortalidade de motociclistas;por 100 mil hab.;3,5
Belo Horizonte;2019;TX_MORT_MOTO;Taxa de mortalidade de motociclistas;por 100 mil hab.;3,0652
Belo Horizonte;2020;TX_MORT_MOTO;Taxa de mortalidade de motociclistas;por 100 mil hab.;3,5692
Belo Horizonte;2021;TX_MORT_MOTO;Taxa de mortalidade de motociclistas;por 100 mil hab.;3,0426
Boa Vista;2000;TX_MORT_MOTO;Taxa de mortalidade de motociclistas;por 100 mil hab.;11,5
Boa Vista;2001;TX_MORT_MOTO;Taxa de mortalidade de motociclistas;por 100 mil hab.;13,4
Boa Vista;2002;TX_MORT_MOTO;Taxa de mortalidade de motociclistas;por 100 mil hab.;15,8
Boa Vista;2003;TX_MORT_MOTO;Taxa de mortalidade de motociclistas;por 100 mil hab.;1,4
Boa Vista;2004;TX_MORT_MOTO;Taxa de mortalidade de motociclistas;por 100 mil hab.;0,4
Boa Vista;2005;TX_MORT_MOTO;Taxa de mortalidade de motociclistas;por 100 mil hab.;7
Boa Vista;2006;TX_MORT_MOTO;Taxa de mortalidade de motociclistas;por 100 mil hab.;6,4
Boa Vista;2007;TX_MORT_MOTO;Taxa de mortalidade de motociclistas;por 100 mil hab.;15,6
Boa Vista;2008;TX_MORT_MOTO;Taxa de mortalidade de motociclistas;por 100 mil hab.;14,6
Boa Vista;2009;TX_MORT_MOTO;Taxa de mortalidade de motociclistas;por 100 mil hab.;5,6
Boa Vista;2010;TX_MORT_MOTO;Taxa de mortalidade de motociclistas;por 100 mil hab.;15,5
Boa Vista;2011;TX_MORT_MOTO;Taxa de mortalidade de motociclistas;por 100 mil hab.;11,7
Boa Vista;2012;TX_MORT_MOTO;Taxa de mortalidade de motociclistas;por 100 mil hab.;16,2
Boa Vista;2013;TX_MORT_MOTO;Taxa de mortalidade de motociclistas;por 100 mil hab.;16,8
Boa Vista;2014;TX_MORT_MOTO;Taxa de mortalidade de motociclistas;por 100 mil hab.;10,2
Boa Vista;2015;TX_MORT_MOTO;Taxa de mortalidade de motociclistas;por 100 mil hab.;15,3
Boa Vista;2016;TX_MORT_MOTO;Taxa de mortalidade de motociclistas;por 100 mil hab.;7,7
Boa Vista;2017;TX_MORT_MOTO;Taxa de mortalidade de motociclistas;por 100 mil hab.;14,2
Boa Vista;2018;TX_MORT_MOTO;Taxa de mortalidade de motociclistas;por 100 mil hab.;4,5
Boa Vista;2019;TX_MORT_MOTO;Taxa de mortalidade de motociclistas;por 100 mil hab.;5,0099
Boa Vista;2020;TX_MORT_MOTO;Taxa de mortalidade de motociclistas;por 100 mil hab.;4,7659
Boa Vista;2021;TX_MORT_MOTO;Taxa de mortalidade de motociclistas;por 100 mil hab.;2,0614
Brasília;2000;TX_MORT_MOTO;Taxa de mortalidade de motociclistas;por 100 mil hab.;0,7
Brasília;2001;TX_MORT_MOTO;Taxa de mortalidade de motociclistas;por 100 mil hab.;0,8
Brasília;2002;TX_MORT_MOTO;Taxa de mortalidade de motociclistas;por 100 mil hab.;2,7
Brasília;2003;TX_MORT_MOTO;Taxa de mortalidade de motociclistas;por 100 mil hab.;2,4
Brasília;2004;TX_MORT_MOTO;Taxa de mortalidade de motociclistas;por 100 mil hab.;2
Brasília;2005;TX_MORT_MOTO;Taxa de mortalidade de motociclistas;por 100 mil hab.;3,9
Brasília;2006;TX_MORT_MOTO;Taxa de mortalidade de motociclistas;por 100 mil hab.;3,8
Brasília;2007;TX_MORT_MOTO;Taxa de mortalidade de motociclistas;por 100 mil hab.;5,7
Brasília;2008;TX_MORT_MOTO;Taxa de mortalidade de motociclistas;por 100 mil hab.;5
Brasília;2009;TX_MORT_MOTO;Taxa de mortalidade de motociclistas;por 100 mil hab.;5,1
Brasília;2010;TX_MORT_MOTO;Taxa de mortalidade de motociclistas;por 100 mil hab.;5,8
Brasília;2011;TX_MORT_MOTO;Taxa de mortalidade de motociclistas;por 100 mil hab.;5
Brasília;2012;TX_MORT_MOTO;Taxa de mortalidade de motociclistas;por 100 mil hab.;4,9
Brasília;2013;TX_MORT_MOTO;Taxa de mortalidade de motociclistas;por 100 mil hab.;4,7
Brasília;2014;TX_MORT_MOTO;Taxa de mortalidade de motociclistas;por 100 mil hab.;4,5
Brasília;2015;TX_MORT_MOTO;Taxa de mortalidade de motociclistas;por 100 mil hab.;4,2
Brasília;2016;TX_MORT_MOTO;Taxa de mortalidade de motociclistas;por 100 mil hab.;4,4
Brasília;2017;TX_MORT_MOTO;Taxa de mortalidade de motociclistas;por 100 mil hab.;3
Brasília;2018;TX_MORT_MOTO;Taxa de mortalidade de motociclistas;por 100 mil hab.;2,9
Brasília;2019;TX_MORT_MOTO;Taxa de mortalidade de motociclistas;por 100 mil hab.;3,217
Brasília;2020;TX_MORT_MOTO;Taxa de mortalidade de motociclistas;por 100 mil hab.;3,2732
Brasília;2021;TX_MORT_MOTO;Taxa de mortalidade de motociclistas;por 100 mil hab.;3,1348
Campo Grande;2000;TX_MORT_MOTO;Taxa de mortalidade de motociclistas;por 100 mil hab.;2,6
Campo Grande;2001;TX_MORT_MOTO;Taxa de mortalidade de motociclistas;por 100 mil hab.;1,3
Campo Grande;2002;TX_MORT_MOTO;Taxa de mortalidade de motociclistas;por 100 mil hab.;2,3
Campo Grande;2003;TX_MORT_MOTO;Taxa de mortalidade de motociclistas;por 100 mil hab.;3,3
Campo Grande;2004;TX_MORT_MOTO;Taxa de mortalidade de motociclistas;por 100 mil hab.;2,5
Campo Grande;2005;TX_MORT_MOTO;Taxa de mortalidade de motociclistas;por 100 mil hab.;6,9
Campo Grande;2006;TX_MORT_MOTO;Taxa de mortalidade de motociclistas;por 100 mil hab.;6
Campo Grande;2007;TX_MORT_MOTO;Taxa de mortalidade de motociclistas;por 100 mil hab.;8,1
Campo Grande;2008;TX_MORT_MOTO;Taxa de mortalidade de motociclistas;por 100 mil hab.;11,5
Campo Grande;2009;TX_MORT_MOTO;Taxa de mortalidade de motociclistas;por 100 mil hab.;10,1
Campo Grande;2010;TX_MORT_MOTO;Taxa de mortalidade de motociclistas;por 100 mil hab.;10,2
Campo Grande;2011;TX_MORT_MOTO;Taxa de mortalidade de motociclistas;por 100 mil hab.;12,1
Campo Grande;2012;TX_MORT_MOTO;Taxa de mortalidade de motociclistas;por 100 mil hab.;11,9
Campo Grande;2013;TX_MORT_MOTO;Taxa de mortalidade de motociclistas;por 100 mil hab.;8,9
Campo Grande;2014;TX_MORT_MOTO;Taxa de mortalidade de motociclistas;por 100 mil hab.;10,9
Campo Grande;2015;TX_MORT_MOTO;Taxa de mortalidade de motociclistas;por 100 mil hab.;10,2
Campo Grande;2016;TX_MORT_MOTO;Taxa de mortalidade de motociclistas;por 100 mil hab.;8
Campo Grande;2017;TX_MORT_MOTO;Taxa de mortalidade de motociclistas;por 100 mil hab.;6,1
Campo Grande;2018;TX_MORT_MOTO;Taxa de mortalidade de motociclistas;por 100 mil hab.;8
Campo Grande;2019;TX_MORT_MOTO;Taxa de mortalidade de motociclistas;por 100 mil hab.;8,8171
Campo Grande;2020;TX_MORT_MOTO;Taxa de mortalidade de motociclistas;por 100 mil hab.;10,3742
Campo Grande;2021;TX_MORT_MOTO;Taxa de mortalidade de motociclistas;por 100 mil hab.;11,2445
Cuiabá;2000;TX_MORT_MOTO;Taxa de mortalidade de motociclistas;por 100 mil hab.;4,1
Cuiabá;2001;TX_MORT_MOTO;Taxa de mortalidade de motociclistas;por 100 mil hab.;6,7
Cuiabá;2002;TX_MORT_MOTO;Taxa de mortalidade de motociclistas;por 100 mil hab.;7,2
Cuiabá;2003;TX_MORT_MOTO;Taxa de mortalidade de motociclistas;por 100 mil hab.;5,9
Cuiabá;2004;TX_MORT_MOTO;Taxa de mortalidade de motociclistas;por 100 mil hab.;5,5
Cuiabá;2005;TX_MORT_MOTO;Taxa de mortalidade de motociclistas;por 100 mil hab.;6,6
Cuiabá;2006;TX_MORT_MOTO;Taxa de mortalidade de motociclistas;por 100 mil hab.;6,6
Cuiabá;2007;TX_MORT_MOTO;Taxa de mortalidade de motociclistas;por 100 mil hab.;8,5
Cuiabá;2008;TX_MORT_MOTO;Taxa de mortalidade de motociclistas;por 100 mil hab.;10,3
Cuiabá;2009;TX_MORT_MOTO;Taxa de mortalidade de motociclistas;por 100 mil hab.;9,8
Cuiabá;2010;TX_MORT_MOTO;Taxa de mortalidade de motociclistas;por 100 mil hab.;13,1
Cuiabá;2011;TX_MORT_MOTO;Taxa de mortalidade de motociclistas;por 100 mil hab.;13,1
Cuiabá;2012;TX_MORT_MOTO;Taxa de mortalidade de motociclistas;por 100 mil hab.;15,3
Cuiabá;2013;TX_MORT_MOTO;Taxa de mortalidade de motociclistas;por 100 mil hab.;12,5
Cuiabá;2014;TX_MORT_MOTO;Taxa de mortalidade de motociclistas;por 100 mil hab.;11,6
Cuiabá;2015;TX_MORT_MOTO;Taxa de mortalidade de motociclistas;por 100 mil hab.;14,5
Cuiabá;2016;TX_MORT_MOTO;Taxa de mortalidade de motociclistas;por 100 mil hab.;14,2
Cuiabá;2017;TX_MORT_MOTO;Taxa de mortalidade de motociclistas;por 100 mil hab.;15,6
Cuiabá;2018;TX_MORT_MOTO;Taxa de mortalidade de motociclistas;por 100 mil hab.;13,8
Cuiabá;2019;TX_MORT_MOTO;Taxa de mortalidade de motociclistas;por 100 mil hab.;10,6114
Cuiabá;2020;TX_MORT_MOTO;Taxa de mortalidade de motociclistas;por 100 mil hab.;10,3539
Cuiabá;2021;TX_MORT_MOTO;Taxa de mortalidade de motociclistas;por 100 mil hab.;11,3852
Curitiba;2000;TX_MORT_MOTO;Taxa de mortalidade de motociclistas;por 100 mil hab.;1,3
Curitiba;2001;TX_MORT_MOTO;Taxa de mortalidade de motociclistas;por 100 mil hab.;2
Curitiba;2002;TX_MORT_MOTO;Taxa de mortalidade de motociclistas;por 100 mil hab.;1,4
Curitiba;2003;TX_MORT_MOTO;Taxa de mortalidade de motociclistas;por 100 mil hab.;2,8
Curitiba;2004;TX_MORT_MOTO;Taxa de mortalidade de motociclistas;por 100 mil hab.;3,2
Curitiba;2005;TX_MORT_MOTO;Taxa de mortalidade de motociclistas;por 100 mil hab.;7,1
Curitiba;2006;TX_MORT_MOTO;Taxa de mortalidade de motociclistas;por 100 mil hab.;6,3
Curitiba;2007;TX_MORT_MOTO;Taxa de mortalidade de motociclistas;por 100 mil hab.;7,7
Curitiba;2008;TX_MORT_MOTO;Taxa de mortalidade de motociclistas;por 100 mil hab.;7,8
Curitiba;2009;TX_MORT_MOTO;Taxa de mortalidade de motociclistas;por 100 mil hab.;6,8
Curitiba;2010;TX_MORT_MOTO;Taxa de mortalidade de motociclistas;por 100 mil hab.;6,4
Curitiba;2011;TX_MORT_MOTO;Taxa de mortalidade de motociclistas;por 100 mil hab.;7,1
Curitiba;2012;TX_MORT_MOTO;Taxa de mortalidade de motociclistas;por 100 mil hab.;5,8
Curitiba;2013;TX_MORT_MOTO;Taxa de mortalidade de motociclistas;por 100 mil hab.;5,2
Curitiba;2014;TX_MORT_MOTO;Taxa de mortalidade de motociclistas;por 100 mil hab.;5,1
Curitiba;2015;TX_MORT_MOTO;Taxa de mortalidade de motociclistas;por 100 mil hab.;3,7
Curitiba;2016;TX_MORT_MOTO;Taxa de mortalidade de motociclistas;por 100 mil hab.;4,5
Curitiba;2017;TX_MORT_MOTO;Taxa de mortalidade de motociclistas;por 100 mil hab.;4,5
Curitiba;2018;TX_MORT_MOTO;Taxa de mortalidade de motociclistas;por 100 mil hab.;4,3
Curitiba;2019;TX_MORT_MOTO;Taxa de mortalidade de motociclistas;por 100 mil hab.;4,2936
Curitiba;2020;TX_MORT_MOTO;Taxa de mortalidade de motociclistas;por 100 mil hab.;4,362
Curitiba;2021;TX_MORT_MOTO;Taxa de mortalidade de motociclistas;por 100 mil hab.;6,671
Florianópolis;2000;TX_MORT_MOTO;Taxa de mortalidade de motociclistas;por 100 mil hab.;3,8
Florianópolis;2001;TX_MORT_MOTO;Taxa de mortalidade de motociclistas;por 100 mil hab.;4,3
Florianópolis;2002;TX_MORT_MOTO;Taxa de mortalidade de motociclistas;por 100 mil hab.;4,2
Florianópolis;2003;TX_MORT_MOTO;Taxa de mortalidade de motociclistas;por 100 mil hab.;2,7
Florianópolis;2004;TX_MORT_MOTO;Taxa de mortalidade de motociclistas;por 100 mil hab.;4,4
Florianópolis;2005;TX_MORT_MOTO;Taxa de mortalidade de motociclistas;por 100 mil hab.;5,5
Florianópolis;2006;TX_MORT_MOTO;Taxa de mortalidade de motociclistas;por 100 mil hab.;9,8
Florianópolis;2007;TX_MORT_MOTO;Taxa de mortalidade de motociclistas;por 100 mil hab.;6,3
Florianópolis;2008;TX_MORT_MOTO;Taxa de mortalidade de motociclistas;por 100 mil hab.;2,5
Florianópolis;2009;TX_MORT_MOTO;Taxa de mortalidade de motociclistas;por 100 mil hab.;7,6
Florianópolis;2010;TX_MORT_MOTO;Taxa de mortalidade de motociclistas;por 100 mil hab.;6,9
Florianópolis;2011;TX_MORT_MOTO;Taxa de mortalidade de motociclistas;por 100 mil hab.;5,6
Florianópolis;2012;TX_MORT_MOTO;Taxa de mortalidade de motociclistas;por 100 mil hab.;9,7
Florianópolis;2013;TX_MORT_MOTO;Taxa de mortalidade de motociclistas;por 100 mil hab.;5,5
Florianópolis;2014;TX_MORT_MOTO;Taxa de mortalidade de motociclistas;por 100 mil hab.;8,5
Florianópolis;2015;TX_MORT_MOTO;Taxa de mortalidade de motociclistas;por 100 mil hab.;4,9
Florianópolis;2016;TX_MORT_MOTO;Taxa de mortalidade de motociclistas;por 100 mil hab.;7,1
Florianópolis;2017;TX_MORT_MOTO;Taxa de mortalidade de motociclistas;por 100 mil hab.;4,9
Florianópolis;2018;TX_MORT_MOTO;Taxa de mortalidade de motociclistas;por 100 mil hab.;5,7
Florianópolis;2019;TX_MORT_MOTO;Taxa de mortalidade de motociclistas;por 100 mil hab.;3,593
Florianópolis;2020;TX_MORT_MOTO;Taxa de mortalidade de motociclistas;por 100 mil hab.;4,1271
Florianópolis;2021;TX_MORT_MOTO;Taxa de mortalidade de motociclistas;por 100 mil hab.;3,872
Fortaleza;2000;TX_MORT_MOTO;Taxa de mortalidade de motociclistas;por 100 mil hab.;3,2
Fortaleza;2001;TX_MORT_MOTO;Taxa de mortalidade de motociclistas;por 100 mil hab.;4,9
Fortaleza;2002;TX_MORT_MOTO;Taxa de mortalidade de motociclistas;por 100 mil hab.;6,6
Fortaleza;2003;TX_MORT_MOTO;Taxa de mortalidade de motociclistas;por 100 mil hab.;5,6
Fortaleza;2004;TX_MORT_MOTO;Taxa de mortalidade de motociclistas;por 100 mil hab.;5,7
Fortaleza;2005;TX_MORT_MOTO;Taxa de mortalidade de motociclistas;por 100 mil hab.;5,4
Fortaleza;2006;TX_MORT_MOTO;Taxa de mortalidade de motociclistas;por 100 mil hab.;5,7
Fortaleza;2007;TX_MORT_MOTO;Taxa de mortalidade de motociclistas;por 100 mil hab.;4,9
Fortaleza;2008;TX_MORT_MOTO;Taxa de mortalidade de motociclistas;por 100 mil hab.;3,6
Fortaleza;2009;TX_MORT_MOTO;Taxa de mortalidade de motociclistas;por 100 mil hab.;3,2
Fortaleza;2010;TX_MORT_MOTO;Taxa de mortalidade de motociclistas;por 100 mil hab.;6,5
Fortaleza;2011;TX_MORT_MOTO;Taxa de mortalidade de motociclistas;por 100 mil hab.;7,9
Fortaleza;2012;TX_MORT_MOTO;Taxa de mortalidade de motociclistas;por 100 mil hab.;10
Fortaleza;2013;TX_MORT_MOTO;Taxa de mortalidade de motociclistas;por 100 mil hab.;10,1
Fortaleza;2014;TX_MORT_MOTO;Taxa de mortalidade de motociclistas;por 100 mil hab.;8,8
Fortaleza;2015;TX_MORT_MOTO;Taxa de mortalidade de motociclistas;por 100 mil hab.;9,1
Fortaleza;2016;TX_MORT_MOTO;Taxa de mortalidade de motociclistas;por 100 mil hab.;7,1
Fortaleza;2017;TX_MORT_MOTO;Taxa de mortalidade de motociclistas;por 100 mil hab.;6,9
Fortaleza;2018;TX_MORT_MOTO;Taxa de mortalidade de motociclistas;por 100 mil hab.;5,8
Fortaleza;2019;TX_MORT_MOTO;Taxa de mortalidade de motociclistas;por 100 mil hab.;3,971
Fortaleza;2020;TX_MORT_MOTO;Taxa de mortalidade de motociclistas;por 100 mil hab.;4,3549
Fortaleza;2021;TX_MORT_MOTO;Taxa de mortalidade de motociclistas;por 100 mil hab.;4,069
Goiânia;2000;TX_MORT_MOTO;Taxa de mortalidade de motociclistas;por 100 mil hab.;8,2
Goiânia;2001;TX_MORT_MOTO;Taxa de mortalidade de motociclistas;por 100 mil hab.;7,7
Goiânia;2002;TX_MORT_MOTO;Taxa de mortalidade de motociclistas;por 100 mil hab.;9,9
Goiânia;2003;TX_MORT_MOTO;Taxa de mortalidade de motociclistas;por 100 mil hab.;8,3
Goiânia;2004;TX_MORT_MOTO;Taxa de mortalidade de motociclistas;por 100 mil hab.;13,1
Goiânia;2005;TX_MORT_MOTO;Taxa de mortalidade de motociclistas;por 100 mil hab.;13,6
Goiânia;2006;TX_MORT_MOTO;Taxa de mortalidade de motociclistas;por 100 mil hab.;14,3
Goiânia;2007;TX_MORT_MOTO;Taxa de mortalidade de motociclistas;por 100 mil hab.;16,4
Goiânia;2008;TX_MORT_MOTO;Taxa de mortalidade de motociclistas;por 100 mil hab.;16
Goiânia;2009;TX_MORT_MOTO;Taxa de mortalidade de motociclistas;por 100 mil hab.;17,8
Goiânia;2010;TX_MORT_MOTO;Taxa de mortalidade de motociclistas;por 100 mil hab.;17,8
Goiânia;2011;TX_MORT_MOTO;Taxa de mortalidade de motociclistas;por 100 mil hab.;14,4
Goiânia;2012;TX_MORT_MOTO;Taxa de mortalidade de motociclistas;por 100 mil hab.;16
Goiânia;2013;TX_MORT_MOTO;Taxa de mortalidade de motociclistas;por 100 mil hab.;12,1
Goiânia;2014;TX_MORT_MOTO;Taxa de mortalidade de motociclistas;por 100 mil hab.;14,2
Goiânia;2015;TX_MORT_MOTO;Taxa de mortalidade de motociclistas;por 100 mil hab.;11,7
Goiânia;2016;TX_MORT_MOTO;Taxa de mortalidade de motociclistas;por 100 mil hab.;12,7
Goiânia;2017;TX_MORT_MOTO;Taxa de mortalidade de motociclistas;por 100 mil hab.;12,7
Goiânia;2018;TX_MORT_MOTO;Taxa de mortalidade de motociclistas;por 100 mil hab.;13,2
Goiânia;2019;TX_MORT_MOTO;Taxa de mortalidade de motociclistas;por 100 mil hab.;12,0703
Goiânia;2020;TX_MORT_MOTO;Taxa de mortalidade de motociclistas;por 100 mil hab.;8,3979
Goiânia;2021;TX_MORT_MOTO;Taxa de mortalidade de motociclistas;por 100 mil hab.;9,6424
João Pessoa;2000;TX_MORT_MOTO;Taxa de mortalidade de motociclistas;por 100 mil hab.;0,7
João Pessoa;2001;TX_MORT_MOTO;Taxa de mortalidade de motociclistas;por 100 mil hab.;0,5
João Pessoa;2002;TX_MORT_MOTO;Taxa de mortalidade de motociclistas;por 100 mil hab.;4,2
João Pessoa;2003;TX_MORT_MOTO;Taxa de mortalidade de motociclistas;por 100 mil hab.;1,7
João Pessoa;2004;TX_MORT_MOTO;Taxa de mortalidade de motociclistas;por 100 mil hab.;3,8
João Pessoa;2005;TX_MORT_MOTO;Taxa de mortalidade de motociclistas;por 100 mil hab.;5,3
João Pessoa;2006;TX_MORT_MOTO;Taxa de mortalidade de motociclistas;por 100 mil hab.;4,6
João Pessoa;2007;TX_MORT_MOTO;Taxa de mortalidade de motociclistas;por 100 mil hab.;6,7
João Pessoa;2008;TX_MORT_MOTO;Taxa de mortalidade de motociclistas;por 100 mil hab.;6,2
João Pessoa;2009;TX_MORT_MOTO;Taxa de mortalidade de motociclistas;por 100 mil hab.;8,7
João Pessoa;2010;TX_MORT_MOTO;Taxa de mortalidade de motociclistas;por 100 mil hab.;9,3
João Pessoa;2011;TX_MORT_MOTO;Taxa de mortalidade de motociclistas;por 100 mil hab.;8,9
João Pessoa;2012;TX_MORT_MOTO;Taxa de mortalidade de motociclistas;por 100 mil hab.;11
João Pessoa;2013;TX_MORT_MOTO;Taxa de mortalidade de motociclistas;por 100 mil hab.;10,3
João Pessoa;2014;TX_MORT_MOTO;Taxa de mortalidade de motociclistas;por 100 mil hab.;10
João Pessoa;2015;TX_MORT_MOTO;Taxa de mortalidade de motociclistas;por 100 mil hab.;11,1
João Pessoa;2016;TX_MORT_MOTO;Taxa de mortalidade de motociclistas;por 100 mil hab.;14,7
João Pessoa;2017;TX_MORT_MOTO;Taxa de mortalidade de motociclistas;por 100 mil hab.;12,2
João Pessoa;2018;TX_MORT_MOTO;Taxa de mortalidade de motociclistas;por 100 mil hab.;11,7
João Pessoa;2019;TX_MORT_MOTO;Taxa de mortalidade de motociclistas;por 100 mil hab.;11,001
João Pessoa;2020;TX_MORT_MOTO;Taxa de mortalidade de motociclistas;por 100 mil hab.;9,4188
João Pessoa;2021;TX_MORT_MOTO;Taxa de mortalidade de motociclistas;por 100 mil hab.;9,9298
Macapá;2000;TX_MORT_MOTO;Taxa de mortalidade de motociclistas;por 100 mil hab.;0,7
Macapá;2001;TX_MORT_MOTO;Taxa de mortalidade de motociclistas;por 100 mil hab.;0,7
Macapá;2002;TX_MORT_MOTO;Taxa de mortalidade de motociclistas;por 100 mil hab.;1
Macapá;2003;TX_MORT_MOTO;Taxa de mortalidade de motociclistas;por 100 mil hab.;1,3
Macapá;2004;TX_MORT_MOTO;Taxa de mortalidade de motociclistas;por 100 mil hab.;2,5
Macapá;2005;TX_MORT_MOTO;Taxa de mortalidade de motociclistas;por 100 mil hab.;0,3
Macapá;2006;TX_MORT_MOTO;Taxa de mortalidade de motociclistas;por 100 mil hab.;1,9
Macapá;2007;TX_MORT_MOTO;Taxa de mortalidade de motociclistas;por 100 mil hab.;0,9
Macapá;2008;TX_MORT_MOTO;Taxa de mortalidade de motociclistas;por 100 mil hab.;0,6
Macapá;2009;TX_MORT_MOTO;Taxa de mortalidade de motociclistas;por 100 mil hab.;1,6
Macapá;2010;TX_MORT_MOTO;Taxa de mortalidade de motociclistas;por 100 mil hab.;0,3
Macapá;2011;TX_MORT_MOTO;Taxa de mortalidade de motociclistas;por 100 mil hab.;0
Macapá;2012;TX_MORT_MOTO;Taxa de mortalidade de motociclistas;por 100 mil hab.;0,5
Macapá;2013;TX_MORT_MOTO;Taxa de mortalidade de motociclistas;por 100 mil hab.;0,7
Macapá;2014;TX_MORT_MOTO;Taxa de mortalidade de motociclistas;por 100 mil hab.;7,6
Macapá;2015;TX_MORT_MOTO;Taxa de mortalidade de motociclistas;por 100 mil hab.;5
Macapá;2016;TX_MORT_MOTO;Taxa de mortalidade de motociclistas;por 100 mil hab.;5,2
Macapá;2017;TX_MORT_MOTO;Taxa de mortalidade de motociclistas;por 100 mil hab.;5,7
Macapá;2018;TX_MORT_MOTO;Taxa de mortalidade de motociclistas;por 100 mil hab.;3
Macapá;2019;TX_MORT_MOTO;Taxa de mortalidade de motociclistas;por 100 mil hab.;2,3841
Macapá;2020;TX_MORT_MOTO;Taxa de mortalidade de motociclistas;por 100 mil hab.;7,0189
Macapá;2021;TX_MORT_MOTO;Taxa de mortalidade de motociclistas;por 100 mil hab.;3,063
Maceió;2000;TX_MORT_MOTO;Taxa de mortalidade de motociclistas;por 100 mil hab.;1,6
Maceió;2001;TX_MORT_MOTO;Taxa de mortalidade de motociclistas;por 100 mil hab.;2,4
Maceió;2002;TX_MORT_MOTO;Taxa de mortalidade de motociclistas;por 100 mil hab.;2,9
Maceió;2003;TX_MORT_MOTO;Taxa de mortalidade de motociclistas;por 100 mil hab.;4,4
Maceió;2004;TX_MORT_MOTO;Taxa de mortalidade de motociclistas;por 100 mil hab.;3,1
Maceió;2005;TX_MORT_MOTO;Taxa de mortalidade de motociclistas;por 100 mil hab.;3,3
Maceió;2006;TX_MORT_MOTO;Taxa de mortalidade de motociclistas;por 100 mil hab.;2,6
Maceió;2007;TX_MORT_MOTO;Taxa de mortalidade de motociclistas;por 100 mil hab.;1,8
Maceió;2008;TX_MORT_MOTO;Taxa de mortalidade de motociclistas;por 100 mil hab.;1,9
Maceió;2009;TX_MORT_MOTO;Taxa de mortalidade de motociclistas;por 100 mil hab.;1,8
Maceió;2010;TX_MORT_MOTO;Taxa de mortalidade de motociclistas;por 100 mil hab.;1,5
Maceió;2011;TX_MORT_MOTO;Taxa de mortalidade de motociclistas;por 100 mil hab.;2,3
Maceió;2012;TX_MORT_MOTO;Taxa de mortalidade de motociclistas;por 100 mil hab.;3,7
Maceió;2013;TX_MORT_MOTO;Taxa de mortalidade de motociclistas;por 100 mil hab.;4,8
Maceió;2014;TX_MORT_MOTO;Taxa de mortalidade de motociclistas;por 100 mil hab.;2,1
Maceió;2015;TX_MORT_MOTO;Taxa de mortalidade de motociclistas;por 100 mil hab.;2,3
Maceió;2016;TX_MORT_MOTO;Taxa de mortalidade de motociclistas;por 100 mil hab.;2,2
Maceió;2017;TX_MORT_MOTO;Taxa de mortalidade de motociclistas;por 100 mil hab.;8,1
Maceió;2018;TX_MORT_MOTO;Taxa de mortalidade de motociclistas;por 100 mil hab.;8,2
Maceió;2019;TX_MORT_MOTO;Taxa de mortalidade de motociclistas;por 100 mil hab.;4,907
Maceió;2020;TX_MORT_MOTO;Taxa de mortalidade de motociclistas;por 100 mil hab.;11,2156
Maceió;2021;TX_MORT_MOTO;Taxa de mortalidade de motociclistas;por 100 mil hab.;7,0764
Manaus;2000;TX_MORT_MOTO;Taxa de mortalidade de motociclistas;por 100 mil hab.;3,3
Manaus;2001;TX_MORT_MOTO;Taxa de mortalidade de motociclistas;por 100 mil hab.;2,8
Manaus;2002;TX_MORT_MOTO;Taxa de mortalidade de motociclistas;por 100 mil hab.;1,9
Manaus;2003;TX_MORT_MOTO;Taxa de mortalidade de motociclistas;por 100 mil hab.;1,9
Manaus;2004;TX_MORT_MOTO;Taxa de mortalidade de motociclistas;por 100 mil hab.;1,6
Manaus;2005;TX_MORT_MOTO;Taxa de mortalidade de motociclistas;por 100 mil hab.;2,7
Manaus;2006;TX_MORT_MOTO;Taxa de mortalidade de motociclistas;por 100 mil hab.;2,1
Manaus;2007;TX_MORT_MOTO;Taxa de mortalidade de motociclistas;por 100 mil hab.;2,4
Manaus;2008;TX_MORT_MOTO;Taxa de mortalidade de motociclistas;por 100 mil hab.;2,9
Manaus;2009;TX_MORT_MOTO;Taxa de mortalidade de motociclistas;por 100 mil hab.;2,2
Manaus;2010;TX_MORT_MOTO;Taxa de mortalidade de motociclistas;por 100 mil hab.;2,7
Manaus;2011;TX_MORT_MOTO;Taxa de mortalidade de motociclistas;por 100 mil hab.;3
Manaus;2012;TX_MORT_MOTO;Taxa de mortalidade de motociclistas;por 100 mil hab.;3,5
Manaus;2013;TX_MORT_MOTO;Taxa de mortalidade de motociclistas;por 100 mil hab.;3,7
Manaus;2014;TX_MORT_MOTO;Taxa de mortalidade de motociclistas;por 100 mil hab.;4,7
Manaus;2015;TX_MORT_MOTO;Taxa de mortalidade de motociclistas;por 100 mil hab.;5,6
Manaus;2016;TX_MORT_MOTO;Taxa de mortalidade de motociclistas;por 100 mil hab.;5,5
Manaus;2017;TX_MORT_MOTO;Taxa de mortalidade de motociclistas;por 100 mil hab.;6,8
Manaus;2018;TX_MORT_MOTO;Taxa de mortalidade de motociclistas;por 100 mil hab.;5,5
Manaus;2019;TX_MORT_MOTO;Taxa de mortalidade de motociclistas;por 100 mil hab.;5,3602
Manaus;2020;TX_MORT_MOTO;Taxa de mortalidade de motociclistas;por 100 mil hab.;6,6679
Manaus;2021;TX_MORT_MOTO;Taxa de mortalidade de motociclistas;por 100 mil hab.;5,807
Natal;2000;TX_MORT_MOTO;Taxa de mortalidade de motociclistas;por 100 mil hab.;4,2
Natal;2001;TX_MORT_MOTO;Taxa de mortalidade de motociclistas;por 100 mil hab.;4
Natal;2002;TX_MORT_MOTO;Taxa de mortalidade de motociclistas;por 100 mil hab.;1,8
Natal;2003;TX_MORT_MOTO;Taxa de mortalidade de motociclistas;por 100 mil hab.;3,1
Natal;2004;TX_MORT_MOTO;Taxa de mortalidade de motociclistas;por 100 mil hab.;1,3
Natal;2005;TX_MORT_MOTO;Taxa de mortalidade de motociclistas;por 100 mil hab.;2,2
Natal;2006;TX_MORT_MOTO;Taxa de mortalidade de motociclistas;por 100 mil hab.;1,9
Natal;2007;TX_MORT_MOTO;Taxa de mortalidade de motociclistas;por 100 mil hab.;1,3
Natal;2008;TX_MORT_MOTO;Taxa de mortalidade de motociclistas;por 100 mil hab.;2,9
Natal;2009;TX_MORT_MOTO;Taxa de mortalidade de motociclistas;por 100 mil hab.;4
Natal;2010;TX_MORT_MOTO;Taxa de mortalidade de motociclistas;por 100 mil hab.;6,1
Natal;2011;TX_MORT_MOTO;Taxa de mortalidade de motociclistas;por 100 mil hab.;4,4
Natal;2012;TX_MORT_MOTO;Taxa de mortalidade de motociclistas;por 100 mil hab.;4,6
Natal;2013;TX_MORT_MOTO;Taxa de mortalidade de motociclistas;por 100 mil hab.;6,2
Natal;2014;TX_MORT_MOTO;Taxa de mortalidade de motociclistas;por 100 mil hab.;5,9
Natal;2015;TX_MORT_MOTO;Taxa de mortalidade de motociclistas;por 100 mil hab.;4
Natal;2016;TX_MORT_MOTO;Taxa de mortalidade de motociclistas;por 100 mil hab.;5,1
Natal;2017;TX_MORT_MOTO;Taxa de mortalidade de motociclistas;por 100 mil hab.;5
Natal;2018;TX_MORT_MOTO;Taxa de mortalidade de motociclistas;por 100 mil hab.;4
Natal;2019;TX_MORT_MOTO;Taxa de mortalidade de motociclistas;por 100 mil hab.;2,9408
Natal;2020;TX_MORT_MOTO;Taxa de mortalidade de motociclistas;por 100 mil hab.;3,369
Natal;2021;TX_MORT_MOTO;Taxa de mortalidade de motociclistas;por 100 mil hab.;2,4534
Palmas;2000;TX_MORT_MOTO;Taxa de mortalidade de motociclistas;por 100 mil hab.;6,6
Palmas;2001;TX_MORT_MOTO;Taxa de mortalidade de motociclistas;por 100 mil hab.;14,6
Palmas;2002;TX_MORT_MOTO;Taxa de mortalidade de motociclistas;por 100 mil hab.;13,7
Palmas;2003;TX_MORT_MOTO;Taxa de mortalidade de motociclistas;por 100 mil hab.;18
Palmas;2004;TX_MORT_MOTO;Taxa de mortalidade de motociclistas;por 100 mil hab.;11,2
Palmas;2005;TX_MORT_MOTO;Taxa de mortalidade de motociclistas;por 100 mil hab.;11,5
Palmas;2006;TX_MORT_MOTO;Taxa de mortalidade de motociclistas;por 100 mil hab.;14,9
Palmas;2007;TX_MORT_MOTO;Taxa de mortalidade de motociclistas;por 100 mil hab.;24,1
Palmas;2008;TX_MORT_MOTO;Taxa de mortalidade de motociclistas;por 100 mil hab.;16,3
Palmas;2009;TX_MORT_MOTO;Taxa de mortalidade de motociclistas;por 100 mil hab.;12,7
Palmas;2010;TX_MORT_MOTO;Taxa de mortalidade de motociclistas;por 100 mil hab.;12,7
Palmas;2011;TX_MORT_MOTO;Taxa de mortalidade de motociclistas;por 100 mil hab.;16,6
Palmas;2012;TX_MORT_MOTO;Taxa de mortalidade de motociclistas;por 100 mil hab.;13,6
Palmas;2013;TX_MORT_MOTO;Taxa de mortalidade de motociclistas;por 100 mil hab.;18,6
Palmas;2014;TX_MORT_MOTO;Taxa de mortalidade de motociclistas;por 100 mil hab.;13,9
Palmas;2015;TX_MORT_MOTO;Taxa de mortalidade de motociclistas;por 100 mil hab.;19,8
Palmas;2016;TX_MORT_MOTO;Taxa de mortalidade de motociclistas;por 100 mil hab.;20
Palmas;2017;TX_MORT_MOTO;Taxa de mortalidade de motociclistas;por 100 mil hab.;21,6
Palmas;2018;TX_MORT_MOTO;Taxa de mortalidade de motociclistas;por 100 mil hab.;20,9
Palmas;2019;TX_MORT_MOTO;Taxa de mortalidade de motociclistas;por 100 mil hab.;21,3956
Palmas;2020;TX_MORT_MOTO;Taxa de mortalidade de motociclistas;por 100 mil hab.;15,0182
Palmas;2021;TX_MORT_MOTO;Taxa de mortalidade de motociclistas;por 100 mil hab.;21,0628
Porto Alegre;2000;TX_MORT_MOTO;Taxa de mortalidade de motociclistas;por 100 mil hab.;1,1
Porto Alegre;2001;TX_MORT_MOTO;Taxa de mortalidade de motociclistas;por 100 mil hab.;1,5
Porto Alegre;2002;TX_MORT_MOTO;Taxa de mortalidade de motociclistas;por 100 mil hab.;1,5
Porto Alegre;2003;TX_MORT_MOTO;Taxa de mortalidade de motociclistas;por 100 mil hab.;1,8
Porto Alegre;2004;TX_MORT_MOTO;Taxa de mortalidade de motociclistas;por 100 mil hab.;2,3
Porto Alegre;2005;TX_MORT_MOTO;Taxa de mortalidade de motociclistas;por 100 mil hab.;2,1
Porto Alegre;2006;TX_MORT_MOTO;Taxa de mortalidade de motociclistas;por 100 mil hab.;3,1
Porto Alegre;2007;TX_MORT_MOTO;Taxa de mortalidade de motociclistas;por 100 mil hab.;3,2
Porto Alegre;2008;TX_MORT_MOTO;Taxa de mortalidade de motociclistas;por 100 mil hab.;2,7
Porto Alegre;2009;TX_MORT_MOTO;Taxa de mortalidade de motociclistas;por 100 mil hab.;2,6
Porto Alegre;2010;TX_MORT_MOTO;Taxa de mortalidade de motociclistas;por 100 mil hab.;3,3
Porto Alegre;2011;TX_MORT_MOTO;Taxa de mortalidade de motociclistas;por 100 mil hab.;3,2
Porto Alegre;2012;TX_MORT_MOTO;Taxa de mortalidade de motociclistas;por 100 mil hab.;3,2
Porto Alegre;2013;TX_MORT_MOTO;Taxa de mortalidade de motociclistas;por 100 mil hab.;3,5
Porto Alegre;2014;TX_MORT_MOTO;Taxa de mortalidade de motociclistas;por 100 mil hab.;3,5
Porto Alegre;2015;TX_MORT_MOTO;Taxa de mortalidade de motociclistas;por 100 mil hab.;2,4
Porto Alegre;2016;TX_MORT_MOTO;Taxa de mortalidade de motociclistas;por 100 mil hab.;2,5
Porto Alegre;2017;TX_MORT_MOTO;Taxa de mortalidade de motociclistas;por 100 mil hab.;3
Porto Alegre;2018;TX_MORT_MOTO;Taxa de mortalidade de motociclistas;por 100 mil hab.;2
Porto Alegre;2019;TX_MORT_MOTO;Taxa de mortalidade de motociclistas;por 100 mil hab.;3,235
Porto Alegre;2020;TX_MORT_MOTO;Taxa de mortalidade de motociclistas;por 100 mil hab.;2,8221
Porto Alegre;2021;TX_MORT_MOTO;Taxa de mortalidade de motociclistas;por 100 mil hab.;2,345
Porto Velho;2000;TX_MORT_MOTO;Taxa de mortalidade de motociclistas;por 100 mil hab.;1,5
Porto Velho;2001;TX_MORT_MOTO;Taxa de mortalidade de motociclistas;por 100 mil hab.;3,8
Porto Velho;2002;TX_MORT_MOTO;Taxa de mortalidade de motociclistas;por 100 mil hab.;5,5
Porto Velho;2003;TX_MORT_MOTO;Taxa de mortalidade de motociclistas;por 100 mil hab.;3,4
Porto Velho;2004;TX_MORT_MOTO;Taxa de mortalidade de motociclistas;por 100 mil hab.;2,9
Porto Velho;2005;TX_MORT_MOTO;Taxa de mortalidade de motociclistas;por 100 mil hab.;3,5
Porto Velho;2006;TX_MORT_MOTO;Taxa de mortalidade de motociclistas;por 100 mil hab.;6
Porto Velho;2007;TX_MORT_MOTO;Taxa de mortalidade de motociclistas;por 100 mil hab.;5,7
Porto Velho;2008;TX_MORT_MOTO;Taxa de mortalidade de motociclistas;por 100 mil hab.;6,3
Porto Velho;2009;TX_MORT_MOTO;Taxa de mortalidade de motociclistas;por 100 mil hab.;8,6
Porto Velho;2010;TX_MORT_MOTO;Taxa de mortalidade de motociclistas;por 100 mil hab.;9,6
Porto Velho;2011;TX_MORT_MOTO;Taxa de mortalidade de motociclistas;por 100 mil hab.;12,4
Porto Velho;2012;TX_MORT_MOTO;Taxa de mortalidade de motociclistas;por 100 mil hab.;14
Porto Velho;2013;TX_MORT_MOTO;Taxa de mortalidade de motociclistas;por 100 mil hab.;19,8
Porto Velho;2014;TX_MORT_MOTO;Taxa de mortalidade de motociclistas;por 100 mil hab.;11,9
Porto Velho;2015;TX_MORT_MOTO;Taxa de mortalidade de motociclistas;por 100 mil hab.;13,1
Porto Velho;2016;TX_MORT_MOTO;Taxa de mortalidade de motociclistas;por 100 mil hab.;11,5
Porto Velho;2017;TX_MORT_MOTO;Taxa de mortalidade de motociclistas;por 100 mil hab.;11,7
Porto Velho;2018;TX_MORT_MOTO;Taxa de mortalidade de motociclistas;por 100 mil hab.;10
Porto Velho;2019;TX_MORT_MOTO;Taxa de mortalidade de motociclistas;por 100 mil hab.;7,9314
Porto Velho;2020;TX_MORT_MOTO;Taxa de mortalidade de motociclistas;por 100 mil hab.;8,1579
Porto Velho;2021;TX_MORT_MOTO;Taxa de mortalidade de motociclistas;por 100 mil hab.;8,9261
Recife;2000;TX_MORT_MOTO;Taxa de mortalidade de motociclistas;por 100 mil hab.;2,8
Recife;2001;TX_MORT_MOTO;Taxa de mortalidade de motociclistas;por 100 mil hab.;2,2
Recife;2002;TX_MORT_MOTO;Taxa de mortalidade de motociclistas;por 100 mil hab.;3,1
Recife;2003;TX_MORT_MOTO;Taxa de mortalidade de motociclistas;por 100 mil hab.;4,4
Recife;2004;TX_MORT_MOTO;Taxa de mortalidade de motociclistas;por 100 mil hab.;6,1
Recife;2005;TX_MORT_MOTO;Taxa de mortalidade de motociclistas;por 100 mil hab.;5,1
Recife;2006;TX_MORT_MOTO;Taxa de mortalidade de motociclistas;por 100 mil hab.;5
Recife;2007;TX_MORT_MOTO;Taxa de mortalidade de motociclistas;por 100 mil hab.;6,3
Recife;2008;TX_MORT_MOTO;Taxa de mortalidade de motociclistas;por 100 mil hab.;5
Recife;2009;TX_MORT_MOTO;Taxa de mortalidade de motociclistas;por 100 mil hab.;8,6
Recife;2010;TX_MORT_MOTO;Taxa de mortalidade de motociclistas;por 100 mil hab.;13
Recife;2011;TX_MORT_MOTO;Taxa de mortalidade de motociclistas;por 100 mil hab.;15,8
Recife;2012;TX_MORT_MOTO;Taxa de mortalidade de motociclistas;por 100 mil hab.;14,7
Recife;2013;TX_MORT_MOTO;Taxa de mortalidade de motociclistas;por 100 mil hab.;8,4
Recife;2014;TX_MORT_MOTO;Taxa de mortalidade de motociclistas;por 100 mil hab.;16,6
Recife;2015;TX_MORT_MOTO;Taxa de mortalidade de motociclistas;por 100 mil hab.;15
Recife;2016;TX_MORT_MOTO;Taxa de mortalidade de motociclistas;por 100 mil hab.;15,3
Recife;2017;TX_MORT_MOTO;Taxa de mortalidade de motociclistas;por 100 mil hab.;14,2
Recife;2018;TX_MORT_MOTO;Taxa de mortalidade de motociclistas;por 100 mil hab.;13,4
Recife;2019;TX_MORT_MOTO;Taxa de mortalidade de motociclistas;por 100 mil hab.;10,5728
Recife;2020;TX_MORT_MOTO;Taxa de mortalidade de motociclistas;por 100 mil hab.;12,2168
Recife;2021;TX_MORT_MOTO;Taxa de mortalidade de motociclistas;por 100 mil hab.;10,7765
Rio Branco;2000;TX_MORT_MOTO;Taxa de mortalidade de motociclistas;por 100 mil hab.;5,1
Rio Branco;2001;TX_MORT_MOTO;Taxa de mortalidade de motociclistas;por 100 mil hab.;4,2
Rio Branco;2002;TX_MORT_MOTO;Taxa de mortalidade de motociclistas;por 100 mil hab.;4,5
Rio Branco;2003;TX_MORT_MOTO;Taxa de mortalidade de motociclistas;por 100 mil hab.;0,7
Rio Branco;2004;TX_MORT_MOTO;Taxa de mortalidade de motociclistas;por 100 mil hab.;1
Rio Branco;2005;TX_MORT_MOTO;Taxa de mortalidade de motociclistas;por 100 mil hab.;0,7
Rio Branco;2006;TX_MORT_MOTO;Taxa de mortalidade de motociclistas;por 100 mil hab.;0
Rio Branco;2007;TX_MORT_MOTO;Taxa de mortalidade de motociclistas;por 100 mil hab.;0
Rio Branco;2008;TX_MORT_MOTO;Taxa de mortalidade de motociclistas;por 100 mil hab.;0
Rio Branco;2009;TX_MORT_MOTO;Taxa de mortalidade de motociclistas;por 100 mil hab.;0
Rio Branco;2010;TX_MORT_MOTO;Taxa de mortalidade de motociclistas;por 100 mil hab.;0
Rio Branco;2011;TX_MORT_MOTO;Taxa de mortalidade de motociclistas;por 100 mil hab.;0
Rio Branco;2012;TX_MORT_MOTO;Taxa de mortalidade de motociclistas;por 100 mil hab.;7,2
Rio Branco;2013;TX_MORT_MOTO;Taxa de mortalidade de motociclistas;por 100 mil hab.;8,1
Rio Branco;2014;TX_MORT_MOTO;Taxa de mortalidade de motociclistas;por 100 mil hab.;5,8
Rio Branco;2015;TX_MORT_MOTO;Taxa de mortalidade de motociclistas;por 100 mil hab.;4,9
Rio Branco;2016;TX_MORT_MOTO;Taxa de mortalidade de motociclistas;por 100 mil hab.;5,3
Rio Branco;2017;TX_MORT_MOTO;Taxa de mortalidade de motociclistas;por 100 mil hab.;6,5
Rio Branco;2018;TX_MORT_MOTO;Taxa de mortalidade de motociclistas;por 100 mil hab.;4,2
Rio Branco;2019;TX_MORT_MOTO;Taxa de mortalidade de motociclistas;por 100 mil hab.;4,1736
Rio Branco;2020;TX_MORT_MOTO;Taxa de mortalidade de motociclistas;por 100 mil hab.;2,9026
Rio Branco;2021;TX_MORT_MOTO;Taxa de mortalidade de motociclistas;por 100 mil hab.;3,8145
Rio de Janeiro;2000;TX_MORT_MOTO;Taxa de mortalidade de motociclistas;por 100 mil hab.;0,2
Rio de Janeiro;2001;TX_MORT_MOTO;Taxa de mortalidade de motociclistas;por 100 mil hab.;0,8
Rio de Janeiro;2002;TX_MORT_MOTO;Taxa de mortalidade de motociclistas;por 100 mil hab.;1,2
Rio de Janeiro;2003;TX_MORT_MOTO;Taxa de mortalidade de motociclistas;por 100 mil hab.;1,4
Rio de Janeiro;2004;TX_MORT_MOTO;Taxa de mortalidade de motociclistas;por 100 mil hab.;1,8
Rio de Janeiro;2005;TX_MORT_MOTO;Taxa de mortalidade de motociclistas;por 100 mil hab.;2,3
Rio de Janeiro;2006;TX_MORT_MOTO;Taxa de mortalidade de motociclistas;por 100 mil hab.;3,5
Rio de Janeiro;2007;TX_MORT_MOTO;Taxa de mortalidade de motociclistas;por 100 mil hab.;2,2
Rio de Janeiro;2008;TX_MORT_MOTO;Taxa de mortalidade de motociclistas;por 100 mil hab.;3,3
Rio de Janeiro;2009;TX_MORT_MOTO;Taxa de mortalidade de motociclistas;por 100 mil hab.;3,4
Rio de Janeiro;2010;TX_MORT_MOTO;Taxa de mortalidade de motociclistas;por 100 mil hab.;3
Rio de Janeiro;2011;TX_MORT_MOTO;Taxa de mortalidade de motociclistas;por 100 mil hab.;1,5
Rio de Janeiro;2012;TX_MORT_MOTO;Taxa de mortalidade de motociclistas;por 100 mil hab.;1,3
Rio de Janeiro;2013;TX_MORT_MOTO;Taxa de mortalidade de motociclistas;por 100 mil hab.;1,6
Rio de Janeiro;2014;TX_MORT_MOTO;Taxa de mortalidade de motociclistas;por 100 mil hab.;1,6
Rio de Janeiro;2015;TX_MORT_MOTO;Taxa de mortalidade de motociclistas;por 100 mil hab.;2,5
Rio de Janeiro;2016;TX_MORT_MOTO;Taxa de mortalidade de motociclistas;por 100 mil hab.;0,9
Rio de Janeiro;2017;TX_MORT_MOTO;Taxa de mortalidade de motociclistas;por 100 mil hab.;1,2
Rio de Janeiro;2018;TX_MORT_MOTO;Taxa de mortalidade de motociclistas;por 100 mil hab.;1,1
Rio de Janeiro;2019;TX_MORT_MOTO;Taxa de mortalidade de motociclistas;por 100 mil hab.;0,64
Rio de Janeiro;2020;TX_MORT_MOTO;Taxa de mortalidade de motociclistas;por 100 mil hab.;1,2004
Rio de Janeiro;2021;TX_MORT_MOTO;Taxa de mortalidade de motociclistas;por 100 mil hab.;1,1512
Salvador;2000;TX_MORT_MOTO;Taxa de mortalidade de motociclistas;por 100 mil hab.;0,2
Salvador;2001;TX_MORT_MOTO;Taxa de mortalidade de motociclistas;por 100 mil hab.;0,4
Salvador;2002;TX_MORT_MOTO;Taxa de mortalidade de motociclistas;por 100 mil hab.;0,5
Salvador;2003;TX_MORT_MOTO;Taxa de mortalidade de motociclistas;por 100 mil hab.;0,6
Salvador;2004;TX_MORT_MOTO;Taxa de mortalidade de motociclistas;por 100 mil hab.;0,6
Salvador;2005;TX_MORT_MOTO;Taxa de mortalidade de motociclistas;por 100 mil hab.;3,9
Salvador;2006;TX_MORT_MOTO;Taxa de mortalidade de motociclistas;por 100 mil hab.;3,1
Salvador;2007;TX_MORT_MOTO;Taxa de mortalidade de motociclistas;por 100 mil hab.;3
Salvador;2008;TX_MORT_MOTO;Taxa de mortalidade de motociclistas;por 100 mil hab.;0,7
Salvador;2009;TX_MORT_MOTO;Taxa de mortalidade de motociclistas;por 100 mil hab.;0,8
Salvador;2010;TX_MORT_MOTO;Taxa de mortalidade de motociclistas;por 100 mil hab.;5,2
Salvador;2011;TX_MORT_MOTO;Taxa de mortalidade de motociclistas;por 100 mil hab.;3,4
Salvador;2012;TX_MORT_MOTO;Taxa de mortalidade de motociclistas;por 100 mil hab.;4,2
Salvador;2013;TX_MORT_MOTO;Taxa de mortalidade de motociclistas;por 100 mil hab.;4,6
Salvador;2014;TX_MORT_MOTO;Taxa de mortalidade de motociclistas;por 100 mil hab.;5,2
Salvador;2015;TX_MORT_MOTO;Taxa de mortalidade de motociclistas;por 100 mil hab.;4,1
Salvador;2016;TX_MORT_MOTO;Taxa de mortalidade de motociclistas;por 100 mil hab.;3,5
Salvador;2017;TX_MORT_MOTO;Taxa de mortalidade de motociclistas;por 100 mil hab.;3,5
Salvador;2018;TX_MORT_MOTO;Taxa de mortalidade de motociclistas;por 100 mil hab.;2,4
Salvador;2019;TX_MORT_MOTO;Taxa de mortalidade de motociclistas;por 100 mil hab.;1,8452
Salvador;2020;TX_MORT_MOTO;Taxa de mortalidade de motociclistas;por 100 mil hab.;1,9746
Salvador;2021;TX_MORT_MOTO;Taxa de mortalidade de motociclistas;por 100 mil hab.;2,0343
São Luís;2000;TX_MORT_MOTO;Taxa de mortalidade de motociclistas;por 100 mil hab.;1
São Luís;2001;TX_MORT_MOTO;Taxa de mortalidade de motociclistas;por 100 mil hab.;1,7
São Luís;2002;TX_MORT_MOTO;Taxa de mortalidade de motociclistas;por 100 mil hab.;3,1
São Luís;2003;TX_MORT_MOTO;Taxa de mortalidade de motociclistas;por 100 mil hab.;2,3
São Luís;2004;TX_MORT_MOTO;Taxa de mortalidade de motociclistas;por 100 mil hab.;2,1
São Luís;2005;TX_MORT_MOTO;Taxa de mortalidade de motociclistas;por 100 mil hab.;3,8
São Luís;2006;TX_MORT_MOTO;Taxa de mortalidade de motociclistas;por 100 mil hab.;4,7
São Luís;2007;TX_MORT_MOTO;Taxa de mortalidade de motociclistas;por 100 mil hab.;4,9
São Luís;2008;TX_MORT_MOTO;Taxa de mortalidade de motociclistas;por 100 mil hab.;6,4
São Luís;2009;TX_MORT_MOTO;Taxa de mortalidade de motociclistas;por 100 mil hab.;6,5
São Luís;2010;TX_MORT_MOTO;Taxa de mortalidade de motociclistas;por 100 mil hab.;7,5
São Luís;2011;TX_MORT_MOTO;Taxa de mortalidade de motociclistas;por 100 mil hab.;7,3
São Luís;2012;TX_MORT_MOTO;Taxa de mortalidade de motociclistas;por 100 mil hab.;8,8
São Luís;2013;TX_MORT_MOTO;Taxa de mortalidade de motociclistas;por 100 mil hab.;5,6
São Luís;2014;TX_MORT_MOTO;Taxa de mortalidade de motociclistas;por 100 mil hab.;6
São Luís;2015;TX_MORT_MOTO;Taxa de mortalidade de motociclistas;por 100 mil hab.;6
São Luís;2016;TX_MORT_MOTO;Taxa de mortalidade de motociclistas;por 100 mil hab.;5,9
São Luís;2017;TX_MORT_MOTO;Taxa de mortalidade de motociclistas;por 100 mil hab.;4,1
São Luís;2018;TX_MORT_MOTO;Taxa de mortalidade de motociclistas;por 100 mil hab.;2,6
São Luís;2019;TX_MORT_MOTO;Taxa de mortalidade de motociclistas;por 100 mil hab.;2,2688
São Luís;2020;TX_MORT_MOTO;Taxa de mortalidade de motociclistas;por 100 mil hab.;5,3202
São Luís;2021;TX_MORT_MOTO;Taxa de mortalidade de motociclistas;por 100 mil hab.;6,0936
São Paulo;2000;TX_MORT_MOTO;Taxa de mortalidade de motociclistas;por 100 mil hab.;0,3
São Paulo;2001;TX_MORT_MOTO;Taxa de mortalidade de motociclistas;por 100 mil hab.;1,2
São Paulo;2002;TX_MORT_MOTO;Taxa de mortalidade de motociclistas;por 100 mil hab.;0,3
São Paulo;2003;TX_MORT_MOTO;Taxa de mortalidade de motociclistas;por 100 mil hab.;0,9
São Paulo;2004;TX_MORT_MOTO;Taxa de mortalidade de motociclistas;por 100 mil hab.;1,3
São Paulo;2005;TX_MORT_MOTO;Taxa de mortalidade de motociclistas;por 100 mil hab.;1,6
São Paulo;2006;TX_MORT_MOTO;Taxa de mortalidade de motociclistas;por 100 mil hab.;3,5
São Paulo;2007;TX_MORT_MOTO;Taxa de mortalidade de motociclistas;por 100 mil hab.;3
São Paulo;2008;TX_MORT_MOTO;Taxa de mortalidade de motociclistas;por 100 mil hab.;3,9
São Paulo;2009;TX_MORT_MOTO;Taxa de mortalidade de motociclistas;por 100 mil hab.;3,8
São Paulo;2010;TX_MORT_MOTO;Taxa de mortalidade de motociclistas;por 100 mil hab.;4,2
São Paulo;2011;TX_MORT_MOTO;Taxa de mortalidade de motociclistas;por 100 mil hab.;4,5
São Paulo;2012;TX_MORT_MOTO;Taxa de mortalidade de motociclistas;por 100 mil hab.;3,9
São Paulo;2013;TX_MORT_MOTO;Taxa de mortalidade de motociclistas;por 100 mil hab.;3,2
São Paulo;2014;TX_MORT_MOTO;Taxa de mortalidade de motociclistas;por 100 mil hab.;3,6
São Paulo;2015;TX_MORT_MOTO;Taxa de mortalidade de motociclistas;por 100 mil hab.;3,1
São Paulo;2016;TX_MORT_MOTO;Taxa de mortalidade de motociclistas;por 100 mil hab.;2,8
São Paulo;2017;TX_MORT_MOTO;Taxa de mortalidade de motociclistas;por 100 mil hab.;1,7
São Paulo;2018;TX_MORT_MOTO;Taxa de mortalidade de motociclistas;por 100 mil hab.;0,4
São Paulo;2019;TX_MORT_MOTO;Taxa de mortalidade de motociclistas;por 100 mil hab.;2,3098
São Paulo;2020;TX_MORT_MOTO;Taxa de mortalidade de motociclistas;por 100 mil hab.;2,7991
São Paulo;2021;TX_MORT_MOTO;Taxa de mortalidade de motociclistas;por 100 mil hab.;2,533
Teresina;2000;TX_MORT_MOTO;Taxa de mortalidade de motociclistas;por 100 mil hab.;5,5
Teresina;2001;TX_MORT_MOTO;Taxa de mortalidade de motociclistas;por 100 mil hab.;5,2
Teresina;2002;TX_MORT_MOTO;Taxa de mortalidade de motociclistas;por 100 mil hab.;6,9
Teresina;2003;TX_MORT_MOTO;Taxa de mortalidade de motociclistas;por 100 mil hab.;7,1
Teresina;2004;TX_MORT_MOTO;Taxa de mortalidade de motociclistas;por 100 mil hab.;11
Teresina;2005;TX_MORT_MOTO;Taxa de mortalidade de motociclistas;por 100 mil hab.;12,9
Teresina;2006;TX_MORT_MOTO;Taxa de mortalidade de motociclistas;por 100 mil hab.;13,1
Teresina;2007;TX_MORT_MOTO;Taxa de mortalidade de motociclistas;por 100 mil hab.;16,7
Teresina;2008;TX_MORT_MOTO;Taxa de mortalidade de motociclistas;por 100 mil hab.;16,9
Teresina;2009;TX_MORT_MOTO;Taxa de mortalidade de motociclistas;por 100 mil hab.;20,3
Teresina;2010;TX_MORT_MOTO;Taxa de mortalidade de motociclistas;por 100 mil hab.;31,4
Teresina;2011;TX_MORT_MOTO;Taxa de mortalidade de motociclistas;por 100 mil hab.;29,8
Teresina;2012;TX_MORT_MOTO;Taxa de mortalidade de motociclistas;por 100 mil hab.;31,9
Teresina;2013;TX_MORT_MOTO;Taxa de mortalidade de motociclistas;por 100 mil hab.;28,9
Teresina;2014;TX_MORT_MOTO;Taxa de mortalidade de motociclistas;por 100 mil hab.;30,9
Teresina;2015;TX_MORT_MOTO;Taxa de mortalidade de motociclistas;por 100 mil hab.;28,5
Teresina;2016;TX_MORT_MOTO;Taxa de mortalidade de motociclistas;por 100 mil hab.;31,2
Teresina;2017;TX_MORT_MOTO;Taxa de mortalidade de motociclistas;por 100 mil hab.;23,4
Teresina;2018;TX_MORT_MOTO;Taxa de mortalidade de motociclistas;por 100 mil hab.;22,8
Teresina;2019;TX_MORT_MOTO;Taxa de mortalidade de motociclistas;por 100 mil hab.;20,9286
Teresina;2020;TX_MORT_MOTO;Taxa de mortalidade de motociclistas;por 100 mil hab.;21,0811
Teresina;2021;TX_MORT_MOTO;Taxa de mortalidade de motociclistas;por 100 mil hab.;21,1221
Vitória;2000;TX_MORT_MOTO;Taxa de mortalidade de motociclistas;por 100 mil hab.;3,1
Vitória;2001;TX_MORT_MOTO;Taxa de mortalidade de motociclistas;por 100 mil hab.;3,4
Vitória;2002;TX_MORT_MOTO;Taxa de mortalidade de motociclistas;por 100 mil hab.;8,7
Vitória;2003;TX_MORT_MOTO;Taxa de mortalidade de motociclistas;por 100 mil hab.;8,6
Vitória;2004;TX_MORT_MOTO;Taxa de mortalidade de motociclistas;por 100 mil hab.;9,4
Vitória;2005;TX_MORT_MOTO;Taxa de mortalidade de motociclistas;por 100 mil hab.;10,5
Vitória;2006;TX_MORT_MOTO;Taxa de mortalidade de motociclistas;por 100 mil hab.;12
Vitória;2007;TX_MORT_MOTO;Taxa de mortalidade de motociclistas;por 100 mil hab.;11,5
Vitória;2008;TX_MORT_MOTO;Taxa de mortalidade de motociclistas;por 100 mil hab.;17
Vitória;2009;TX_MORT_MOTO;Taxa de mortalidade de motociclistas;por 100 mil hab.;13,4
Vitória;2010;TX_MORT_MOTO;Taxa de mortalidade de motociclistas;por 100 mil hab.;12,8
Vitória;2011;TX_MORT_MOTO;Taxa de mortalidade de motociclistas;por 100 mil hab.;12,7
Vitória;2012;TX_MORT_MOTO;Taxa de mortalidade de motociclistas;por 100 mil hab.;9,9
Vitória;2013;TX_MORT_MOTO;Taxa de mortalidade de motociclistas;por 100 mil hab.;11,5
Vitória;2014;TX_MORT_MOTO;Taxa de mortalidade de motociclistas;por 100 mil hab.;8,2
Vitória;2015;TX_MORT_MOTO;Taxa de mortalidade de motociclistas;por 100 mil hab.;9,3
Vitória;2016;TX_MORT_MOTO;Taxa de mortalidade de motociclistas;por 100 mil hab.;12
Vitória;2017;TX_MORT_MOTO;Taxa de mortalidade de motociclistas;por 100 mil hab.;12,1
Vitória;2018;TX_MORT_MOTO;Taxa de mortalidade de motociclistas;por 100 mil hab.;8,4
Vitória;2019;TX_MORT_MOTO;Taxa de mortalidade de motociclistas;por 100 mil hab.;8,8374
Vitória;2020;TX_MORT_MOTO;Taxa de mortalidade de motociclistas;por 100 mil hab.;14,4866
Vitória;2021;TX_MORT_MOTO;Taxa de mortalidade de motociclistas;por 100 mil hab.;15,6954
Aracaju;2000;TX_MORT_PED;Taxa de mortalidade de pedestres;por 100 mil hab.;11,9
Aracaju;2001;TX_MORT_PED;Taxa de mortalidade de pedestres;por 100 mil hab.;12,4
Aracaju;2002;TX_MORT_PED;Taxa de mortalidade de pedestres;por 100 mil hab.;11,2
Aracaju;2003;TX_MORT_PED;Taxa de mortalidade de pedestres;por 100 mil hab.;16,9
Aracaju;2004;TX_MORT_PED;Taxa de mortalidade de pedestres;por 100 mil hab.;15,5
Aracaju;2005;TX_MORT_PED;Taxa de mortalidade de pedestres;por 100 mil hab.;13,8
Aracaju;2006;TX_MORT_PED;Taxa de mortalidade de pedestres;por 100 mil hab.;13,1
Aracaju;2007;TX_MORT_PED;Taxa de mortalidade de pedestres;por 100 mil hab.;8,3
Aracaju;2008;TX_MORT_PED;Taxa de mortalidade de pedestres;por 100 mil hab.;13
Aracaju;2009;TX_MORT_PED;Taxa de mortalidade de pedestres;por 100 mil hab.;13,6
Aracaju;2010;TX_MORT_PED;Taxa de mortalidade de pedestres;por 100 mil hab.;10,9
Aracaju;2011;TX_MORT_PED;Taxa de mortalidade de pedestres;por 100 mil hab.;9,1
Aracaju;2012;TX_MORT_PED;Taxa de mortalidade de pedestres;por 100 mil hab.;7,5
Aracaju;2013;TX_MORT_PED;Taxa de mortalidade de pedestres;por 100 mil hab.;9,3
Aracaju;2014;TX_MORT_PED;Taxa de mortalidade de pedestres;por 100 mil hab.;9
Aracaju;2015;TX_MORT_PED;Taxa de mortalidade de pedestres;por 100 mil hab.;7,6
Aracaju;2016;TX_MORT_PED;Taxa de mortalidade de pedestres;por 100 mil hab.;4,5
Aracaju;2017;TX_MORT_PED;Taxa de mortalidade de pedestres;por 100 mil hab.;4,8
Aracaju;2018;TX_MORT_PED;Taxa de mortalidade de pedestres;por 100 mil hab.;4,8
Aracaju;2019;TX_MORT_PED;Taxa de mortalidade de pedestres;por 100 mil hab.;3,5007
Aracaju;2020;TX_MORT_PED;Taxa de mortalidade de pedestres;por 100 mil hab.;3,4591
Aracaju;2021;TX_MORT_PED;Taxa de mortalidade de pedestres;por 100 mil hab.;3,4195
Belém;2000;TX_MORT_PED;Taxa de mortalidade de pedestres;por 100 mil hab.;15,1
Belém;2001;TX_MORT_PED;Taxa de mortalidade de pedestres;por 100 mil hab.;12,5
Belém;2002;TX_MORT_PED;Taxa de mortalidade de pedestres;por 100 mil hab.;19,4
Belém;2003;TX_MORT_PED;Taxa de mortalidade de pedestres;por 100 mil hab.;19,3
Belém;2004;TX_MORT_PED;Taxa de mortalidade de pedestres;por 100 mil hab.;15,6
Belém;2005;TX_MORT_PED;Taxa de mortalidade de pedestres;por 100 mil hab.;17,4
Belém;2006;TX_MORT_PED;Taxa de mortalidade de pedestres;por 100 mil hab.;9,8
Belém;2007;TX_MORT_PED;Taxa de mortalidade de pedestres;por 100 mil hab.;8,9
Belém;2008;TX_MORT_PED;Taxa de mortalidade de pedestres;por 100 mil hab.;8,6
Belém;2009;TX_MORT_PED;Taxa de mortalidade de pedestres;por 100 mil hab.;7,6
Belém;2010;TX_MORT_PED;Taxa de mortalidade de pedestres;por 100 mil hab.;9,3
Belém;2011;TX_MORT_PED;Taxa de mortalidade de pedestres;por 100 mil hab.;8,8
Belém;2012;TX_MORT_PED;Taxa de mortalidade de pedestres;por 100 mil hab.;8,1
Belém;2013;TX_MORT_PED;Taxa de mortalidade de pedestres;por 100 mil hab.;6,5
Belém;2014;TX_MORT_PED;Taxa de mortalidade de pedestres;por 100 mil hab.;5,9
Belém;2015;TX_MORT_PED;Taxa de mortalidade de pedestres;por 100 mil hab.;4
Belém;2016;TX_MORT_PED;Taxa de mortalidade de pedestres;por 100 mil hab.;4,5
Belém;2017;TX_MORT_PED;Taxa de mortalidade de pedestres;por 100 mil hab.;5,1
Belém;2018;TX_MORT_PED;Taxa de mortalidade de pedestres;por 100 mil hab.;3,4
Belém;2019;TX_MORT_PED;Taxa de mortalidade de pedestres;por 100 mil hab.;2,7466
Belém;2020;TX_MORT_PED;Taxa de mortalidade de pedestres;por 100 mil hab.;3,3341
Belém;2021;TX_MORT_PED;Taxa de mortalidade de pedestres;por 100 mil hab.;2,1906
Belo Horizonte;2000;TX_MORT_PED;Taxa de mortalidade de pedestres;por 100 mil hab.;10,1
Belo Horizonte;2001;TX_MORT_PED;Taxa de mortalidade de pedestres;por 100 mil hab.;11
Belo Horizonte;2002;TX_MORT_PED;Taxa de mortalidade de pedestres;por 100 mil hab.;10,1
Belo Horizonte;2003;TX_MORT_PED;Taxa de mortalidade de pedestres;por 100 mil hab.;9,2
Belo Horizonte;2004;TX_MORT_PED;Taxa de mortalidade de pedestres;por 100 mil hab.;9,9
Belo Horizonte;2005;TX_MORT_PED;Taxa de mortalidade de pedestres;por 100 mil hab.;9,9
Belo Horizonte;2006;TX_MORT_PED;Taxa de mortalidade de pedestres;por 100 mil hab.;10,9
Belo Horizonte;2007;TX_MORT_PED;Taxa de mortalidade de pedestres;por 100 mil hab.;10,7
Belo Horizonte;2008;TX_MORT_PED;Taxa de mortalidade de pedestres;por 100 mil hab.;10,7
Belo Horizonte;2009;TX_MORT_PED;Taxa de mortalidade de pedestres;por 100 mil hab.;8,8
Belo Horizonte;2010;TX_MORT_PED;Taxa de mortalidade de pedestres;por 100 mil hab.;10,5
Belo Horizonte;2011;TX_MORT_PED;Taxa de mortalidade de pedestres;por 100 mil hab.;8,4
Belo Horizonte;2012;TX_MORT_PED;Taxa de mortalidade de pedestres;por 100 mil hab.;8,2
Belo Horizonte;2013;TX_MORT_PED;Taxa de mortalidade de pedestres;por 100 mil hab.;7
Belo Horizonte;2014;TX_MORT_PED;Taxa de mortalidade de pedestres;por 100 mil hab.;7,7
Belo Horizonte;2015;TX_MORT_PED;Taxa de mortalidade de pedestres;por 100 mil hab.;5,1
Belo Horizonte;2016;TX_MORT_PED;Taxa de mortalidade de pedestres;por 100 mil hab.;5,5
Belo Horizonte;2017;TX_MORT_PED;Taxa de mortalidade de pedestres;por 100 mil hab.;4,6
Belo Horizonte;2018;TX_MORT_PED;Taxa de mortalidade de pedestres;por 100 mil hab.;4,3
Belo Horizonte;2019;TX_MORT_PED;Taxa de mortalidade de pedestres;por 100 mil hab.;4,1002
Belo Horizonte;2020;TX_MORT_PED;Taxa de mortalidade de pedestres;por 100 mil hab.;3,9261
Belo Horizonte;2021;TX_MORT_PED;Taxa de mortalidade de pedestres;por 100 mil hab.;4,1095
Boa Vista;2000;TX_MORT_PED;Taxa de mortalidade de pedestres;por 100 mil hab.;6,5
Boa Vista;2001;TX_MORT_PED;Taxa de mortalidade de pedestres;por 100 mil hab.;8,2
Boa Vista;2002;TX_MORT_PED;Taxa de mortalidade de pedestres;por 100 mil hab.;5,1
Boa Vista;2003;TX_MORT_PED;Taxa de mortalidade de pedestres;por 100 mil hab.;0,5
Boa Vista;2004;TX_MORT_PED;Taxa de mortalidade de pedestres;por 100 mil hab.;2,1
Boa Vista;2005;TX_MORT_PED;Taxa de mortalidade de pedestres;por 100 mil hab.;4,5
Boa Vista;2006;TX_MORT_PED;Taxa de mortalidade de pedestres;por 100 mil hab.;4
Boa Vista;2007;TX_MORT_PED;Taxa de mortalidade de pedestres;por 100 mil hab.;7,2
Boa Vista;2008;TX_MORT_PED;Taxa de mortalidade de pedestres;por 100 mil hab.;2,7
Boa Vista;2009;TX_MORT_PED;Taxa de mortalidade de pedestres;por 100 mil hab.;1,9
Boa Vista;2010;TX_MORT_PED;Taxa de mortalidade de pedestres;por 100 mil hab.;3,2
Boa Vista;2011;TX_MORT_PED;Taxa de mortalidade de pedestres;por 100 mil hab.;3,1
Boa Vista;2012;TX_MORT_PED;Taxa de mortalidade de pedestres;por 100 mil hab.;3
Boa Vista;2013;TX_MORT_PED;Taxa de mortalidade de pedestres;por 100 mil hab.;5,2
Boa Vista;2014;TX_MORT_PED;Taxa de mortalidade de pedestres;por 100 mil hab.;9,2
Boa Vista;2015;TX_MORT_PED;Taxa de mortalidade de pedestres;por 100 mil hab.;1,9
Boa Vista;2016;TX_MORT_PED;Taxa de mortalidade de pedestres;por 100 mil hab.;3,7
Boa Vista;2017;TX_MORT_PED;Taxa de mortalidade de pedestres;por 100 mil hab.;4,2
Boa Vista;2018;TX_MORT_PED;Taxa de mortalidade de pedestres;por 100 mil hab.;1,9
Boa Vista;2019;TX_MORT_PED;Taxa de mortalidade de pedestres;por 100 mil hab.;1,002
Boa Vista;2020;TX_MORT_PED;Taxa de mortalidade de pedestres;por 100 mil hab.;0,4766
Boa Vista;2021;TX_MORT_PED;Taxa de mortalidade de pedestres;por 100 mil hab.;2,2905
Brasília;2000;TX_MORT_PED;Taxa de mortalidade de pedestres;por 100 mil hab.;11,1
Brasília;2001;TX_MORT_PED;Taxa de mortalidade de pedestres;por 100 mil hab.;10,6
Brasília;2002;TX_MORT_PED;Taxa de mortalidade de pedestres;por 100 mil hab.;11,1
Brasília;2003;TX_MORT_PED;Taxa de mortalidade de pedestres;por 100 mil hab.;11,1
Brasília;2004;TX_MORT_PED;Taxa de mortalidade de pedestres;por 100 mil hab.;9,3
Brasília;2005;TX_MORT_PED;Taxa de mortalidade de pedestres;por 100 mil hab.;9,3
Brasília;2006;TX_MORT_PED;Taxa de mortalidade de pedestres;por 100 mil hab.;8,6
Brasília;2007;TX_MORT_PED;Taxa de mortalidade de pedestres;por 100 mil hab.;8,9
Brasília;2008;TX_MORT_PED;Taxa de mortalidade de pedestres;por 100 mil hab.;8,9
Brasília;2009;TX_MORT_PED;Taxa de mortalidade de pedestres;por 100 mil hab.;7
Brasília;2010;TX_MORT_PED;Taxa de mortalidade de pedestres;por 100 mil hab.;9,1
Brasília;2011;TX_MORT_PED;Taxa de mortalidade de pedestres;por 100 mil hab.;7,3
Brasília;2012;TX_MORT_PED;Taxa de mortalidade de pedestres;por 100 mil hab.;5,8
Brasília;2013;TX_MORT_PED;Taxa de mortalidade de pedestres;por 100 mil hab.;6,1
Brasília;2014;TX_MORT_PED;Taxa de mortalidade de pedestres;por 100 mil hab.;5,9
Brasília;2015;TX_MORT_PED;Taxa de mortalidade de pedestres;por 100 mil hab.;5,1
Brasília;2016;TX_MORT_PED;Taxa de mortalidade de pedestres;por 100 mil hab.;5,2
Brasília;2017;TX_MORT_PED;Taxa de mortalidade de pedestres;por 100 mil hab.;3,6
Brasília;2018;TX_MORT_PED;Taxa de mortalidade de pedestres;por 100 mil hab.;4,2
Brasília;2019;TX_MORT_PED;Taxa de mortalidade de pedestres;por 100 mil hab.;3,5486
Brasília;2020;TX_MORT_PED;Taxa de mortalidade de pedestres;por 100 mil hab.;3,5023
Brasília;2021;TX_MORT_PED;Taxa de mortalidade de pedestres;por 100 mil hab.;3,1671
Campo Grande;2000;TX_MORT_PED;Taxa de mortalidade de pedestres;por 100 mil hab.;3,6
Campo Grande;2001;TX_MORT_PED;Taxa de mortalidade de pedestres;por 100 mil hab.;5,2
Campo Grande;2002;TX_MORT_PED;Taxa de mortalidade de pedestres;por 100 mil hab.;5,1
Campo Grande;2003;TX_MORT_PED;Taxa de mortalidade de pedestres;por 100 mil hab.;5,1
Campo Grande;2004;TX_MORT_PED;Taxa de mortalidade de pedestres;por 100 mil hab.;6,5
Campo Grande;2005;TX_MORT_PED;Taxa de mortalidade de pedestres;por 100 mil hab.;7,5
Campo Grande;2006;TX_MORT_PED;Taxa de mortalidade de pedestres;por 100 mil hab.;6,3
Campo Grande;2007;TX_MORT_PED;Taxa de mortalidade de pedestres;por 100 mil hab.;3,9
Campo Grande;2008;TX_MORT_PED;Taxa de mortalidade de pedestres;por 100 mil hab.;5,1
Campo Grande;2009;TX_MORT_PED;Taxa de mortalidade de pedestres;por 100 mil hab.;5,2
Campo Grande;2010;TX_MORT_PED;Taxa de mortalidade de pedestres;por 100 mil hab.;4,1
Campo Grande;2011;TX_MORT_PED;Taxa de mortalidade de pedestres;por 100 mil hab.;4,1
Campo Grande;2012;TX_MORT_PED;Taxa de mortalidade de pedestres;por 100 mil hab.;2,2
Campo Grande;2013;TX_MORT_PED;Taxa de mortalidade de pedestres;por 100 mil hab.;3,1
Campo Grande;2014;TX_MORT_PED;Taxa de mortalidade de pedestres;por 100 mil hab.;2
Campo Grande;2015;TX_MORT_PED;Taxa de mortalidade de pedestres;por 100 mil hab.;2,6
Campo Grande;2016;TX_MORT_PED;Taxa de mortalidade de pedestres;por 100 mil hab.;2,5
Campo Grande;2017;TX_MORT_PED;Taxa de mortalidade de pedestres;por 100 mil hab.;3,1
Campo Grande;2018;TX_MORT_PED;Taxa de mortalidade de pedestres;por 100 mil hab.;3,8
Campo Grande;2019;TX_MORT_PED;Taxa de mortalidade de pedestres;por 100 mil hab.;2,6786
Campo Grande;2020;TX_MORT_PED;Taxa de mortalidade de pedestres;por 100 mil hab.;2,7591
Campo Grande;2021;TX_MORT_PED;Taxa de mortalidade de pedestres;por 100 mil hab.;2,9476
Cuiabá;2000;TX_MORT_PED;Taxa de mortalidade de pedestres;por 100 mil hab.;11,8
Cuiabá;2001;TX_MORT_PED;Taxa de mortalidade de pedestres;por 100 mil hab.;8,7
Cuiabá;2002;TX_MORT_PED;Taxa de mortalidade de pedestres;por 100 mil hab.;14,4
Cuiabá;2003;TX_MORT_PED;Taxa de mortalidade de pedestres;por 100 mil hab.;10
Cuiabá;2004;TX_MORT_PED;Taxa de mortalidade de pedestres;por 100 mil hab.;7,8
Cuiabá;2005;TX_MORT_PED;Taxa de mortalidade de pedestres;por 100 mil hab.;6,9
Cuiabá;2006;TX_MORT_PED;Taxa de mortalidade de pedestres;por 100 mil hab.;6,8
Cuiabá;2007;TX_MORT_PED;Taxa de mortalidade de pedestres;por 100 mil hab.;6,8
Cuiabá;2008;TX_MORT_PED;Taxa de mortalidade de pedestres;por 100 mil hab.;7,9
Cuiabá;2009;TX_MORT_PED;Taxa de mortalidade de pedestres;por 100 mil hab.;8,2
Cuiabá;2010;TX_MORT_PED;Taxa de mortalidade de pedestres;por 100 mil hab.;9,1
Cuiabá;2011;TX_MORT_PED;Taxa de mortalidade de pedestres;por 100 mil hab.;8,8
Cuiabá;2012;TX_MORT_PED;Taxa de mortalidade de pedestres;por 100 mil hab.;6,2
Cuiabá;2013;TX_MORT_PED;Taxa de mortalidade de pedestres;por 100 mil hab.;5,4
Cuiabá;2014;TX_MORT_PED;Taxa de mortalidade de pedestres;por 100 mil hab.;7
Cuiabá;2015;TX_MORT_PED;Taxa de mortalidade de pedestres;por 100 mil hab.;2,8
Cuiabá;2016;TX_MORT_PED;Taxa de mortalidade de pedestres;por 100 mil hab.;3,9
Cuiabá;2017;TX_MORT_PED;Taxa de mortalidade de pedestres;por 100 mil hab.;4,2
Cuiabá;2018;TX_MORT_PED;Taxa de mortalidade de pedestres;por 100 mil hab.;5,4
Cuiabá;2019;TX_MORT_PED;Taxa de mortalidade de pedestres;por 100 mil hab.;2,9386
Cuiabá;2020;TX_MORT_PED;Taxa de mortalidade de pedestres;por 100 mil hab.;4,0445
Cuiabá;2021;TX_MORT_PED;Taxa de mortalidade de pedestres;por 100 mil hab.;2,245
Curitiba;2000;TX_MORT_PED;Taxa de mortalidade de pedestres;por 100 mil hab.;6,2
Curitiba;2001;TX_MORT_PED;Taxa de mortalidade de pedestres;por 100 mil hab.;7,7
Curitiba;2002;TX_MORT_PED;Taxa de mortalidade de pedestres;por 100 mil hab.;7,5
Curitiba;2003;TX_MORT_PED;Taxa de mortalidade de pedestres;por 100 mil hab.;7,2
Curitiba;2004;TX_MORT_PED;Taxa de mortalidade de pedestres;por 100 mil hab.;10
Curitiba;2005;TX_MORT_PED;Taxa de mortalidade de pedestres;por 100 mil hab.;10,3
Curitiba;2006;TX_MORT_PED;Taxa de mortalidade de pedestres;por 100 mil hab.;10,2
Curitiba;2007;TX_MORT_PED;Taxa de mortalidade de pedestres;por 100 mil hab.;10,6
Curitiba;2008;TX_MORT_PED;Taxa de mortalidade de pedestres;por 100 mil hab.;10,4
Curitiba;2009;TX_MORT_PED;Taxa de mortalidade de pedestres;por 100 mil hab.;9,7
Curitiba;2010;TX_MORT_PED;Taxa de mortalidade de pedestres;por 100 mil hab.;8,2
Curitiba;2011;TX_MORT_PED;Taxa de mortalidade de pedestres;por 100 mil hab.;8,1
Curitiba;2012;TX_MORT_PED;Taxa de mortalidade de pedestres;por 100 mil hab.;7,6
Curitiba;2013;TX_MORT_PED;Taxa de mortalidade de pedestres;por 100 mil hab.;5,9
Curitiba;2014;TX_MORT_PED;Taxa de mortalidade de pedestres;por 100 mil hab.;6,6
Curitiba;2015;TX_MORT_PED;Taxa de mortalidade de pedestres;por 100 mil hab.;5,1
Curitiba;2016;TX_MORT_PED;Taxa de mortalidade de pedestres;por 100 mil hab.;4,4
Curitiba;2017;TX_MORT_PED;Taxa de mortalidade de pedestres;por 100 mil hab.;4,7
Curitiba;2018;TX_MORT_PED;Taxa de mortalidade de pedestres;por 100 mil hab.;4,8
Curitiba;2019;TX_MORT_PED;Taxa de mortalidade de pedestres;por 100 mil hab.;5,0178
Curitiba;2020;TX_MORT_PED;Taxa de mortalidade de pedestres;por 100 mil hab.;4,362
Curitiba;2021;TX_MORT_PED;Taxa de mortalidade de pedestres;por 100 mil hab.;3,7683
Florianópolis;2000;TX_MORT_PED;Taxa de mortalidade de pedestres;por 100 mil hab.;11,7
Florianópolis;2001;TX_MORT_PED;Taxa de mortalidade de pedestres;por 100 mil hab.;10,5
Florianópolis;2002;TX_MORT_PED;Taxa de mortalidade de pedestres;por 100 mil hab.;7,8
Florianópolis;2003;TX_MORT_PED;Taxa de mortalidade de pedestres;por 100 mil hab.;7
Florianópolis;2004;TX_MORT_PED;Taxa de mortalidade de pedestres;por 100 mil hab.;7
Florianópolis;2005;TX_MORT_PED;Taxa de mortalidade de pedestres;por 100 mil hab.;7,6
Florianópolis;2006;TX_MORT_PED;Taxa de mortalidade de pedestres;por 100 mil hab.;7,6
Florianópolis;2007;TX_MORT_PED;Taxa de mortalidade de pedestres;por 100 mil hab.;6,8
Florianópolis;2008;TX_MORT_PED;Taxa de mortalidade de pedestres;por 100 mil hab.;8,9
Florianópolis;2009;TX_MORT_PED;Taxa de mortalidade de pedestres;por 100 mil hab.;4,7
Florianópolis;2010;TX_MORT_PED;Taxa de mortalidade de pedestres;por 100 mil hab.;6,2
Florianópolis;2011;TX_MORT_PED;Taxa de mortalidade de pedestres;por 100 mil hab.;6,8
Florianópolis;2012;TX_MORT_PED;Taxa de mortalidade de pedestres;por 100 mil hab.;4,2
Florianópolis;2013;TX_MORT_PED;Taxa de mortalidade de pedestres;por 100 mil hab.;3,3
Florianópolis;2014;TX_MORT_PED;Taxa de mortalidade de pedestres;por 100 mil hab.;5,9
Florianópolis;2015;TX_MORT_PED;Taxa de mortalidade de pedestres;por 100 mil hab.;3,8
Florianópolis;2016;TX_MORT_PED;Taxa de mortalidade de pedestres;por 100 mil hab.;4,6
Florianópolis;2017;TX_MORT_PED;Taxa de mortalidade de pedestres;por 100 mil hab.;2,7
Florianópolis;2018;TX_MORT_PED;Taxa de mortalidade de pedestres;por 100 mil hab.;2,6
Florianópolis;2019;TX_MORT_PED;Taxa de mortalidade de pedestres;por 100 mil hab.;3,3934
Florianópolis;2020;TX_MORT_PED;Taxa de mortalidade de pedestres;por 100 mil hab.;2,948
Florianópolis;2021;TX_MORT_PED;Taxa de mortalidade de pedestres;por 100 mil hab.;2,3232
Fortaleza;2000;TX_MORT_PED;Taxa de mortalidade de pedestres;por 100 mil hab.;9,8
Fortaleza;2001;TX_MORT_PED;Taxa de mortalidade de pedestres;por 100 mil hab.;10,9
Fortaleza;2002;TX_MORT_PED;Taxa de mortalidade de pedestres;por 100 mil hab.;13,5
Fortaleza;2003;TX_MORT_PED;Taxa de mortalidade de pedestres;por 100 mil hab.;12,1
Fortaleza;2004;TX_MORT_PED;Taxa de mortalidade de pedestres;por 100 mil hab.;12,9
Fortaleza;2005;TX_MORT_PED;Taxa de mortalidade de pedestres;por 100 mil hab.;13,1
Fortaleza;2006;TX_MORT_PED;Taxa de mortalidade de pedestres;por 100 mil hab.;11
Fortaleza;2007;TX_MORT_PED;Taxa de mortalidade de pedestres;por 100 mil hab.;12,7
Fortaleza;2008;TX_MORT_PED;Taxa de mortalidade de pedestres;por 100 mil hab.;7,3
Fortaleza;2009;TX_MORT_PED;Taxa de mortalidade de pedestres;por 100 mil hab.;7,6
Fortaleza;2010;TX_MORT_PED;Taxa de mortalidade de pedestres;por 100 mil hab.;11
Fortaleza;2011;TX_MORT_PED;Taxa de mortalidade de pedestres;por 100 mil hab.;10,1
Fortaleza;2012;TX_MORT_PED;Taxa de mortalidade de pedestres;por 100 mil hab.;10,8
Fortaleza;2013;TX_MORT_PED;Taxa de mortalidade de pedestres;por 100 mil hab.;10,3
Fortaleza;2014;TX_MORT_PED;Taxa de mortalidade de pedestres;por 100 mil hab.;7,5
Fortaleza;2015;TX_MORT_PED;Taxa de mortalidade de pedestres;por 100 mil hab.;7,1
Fortaleza;2016;TX_MORT_PED;Taxa de mortalidade de pedestres;por 100 mil hab.;5,2
Fortaleza;2017;TX_MORT_PED;Taxa de mortalidade de pedestres;por 100 mil hab.;5,3
Fortaleza;2018;TX_MORT_PED;Taxa de mortalidade de pedestres;por 100 mil hab.;4,4
Fortaleza;2019;TX_MORT_PED;Taxa de mortalidade de pedestres;por 100 mil hab.;3,1843
Fortaleza;2020;TX_MORT_PED;Taxa de mortalidade de pedestres;por 100 mil hab.;2,3077
Fortaleza;2021;TX_MORT_PED;Taxa de mortalidade de pedestres;por 100 mil hab.;2,1824
Goiânia;2000;TX_MORT_PED;Taxa de mortalidade de pedestres;por 100 mil hab.;8,3
Goiânia;2001;TX_MORT_PED;Taxa de mortalidade de pedestres;por 100 mil hab.;9,1
Goiânia;2002;TX_MORT_PED;Taxa de mortalidade de pedestres;por 100 mil hab.;9,9
Goiânia;2003;TX_MORT_PED;Taxa de mortalidade de pedestres;por 100 mil hab.;10,1
Goiânia;2004;TX_MORT_PED;Taxa de mortalidade de pedestres;por 100 mil hab.;9,6
Goiânia;2005;TX_MORT_PED;Taxa de mortalidade de pedestres;por 100 mil hab.;11,6
Goiânia;2006;TX_MORT_PED;Taxa de mortalidade de pedestres;por 100 mil hab.;9,1
Goiânia;2007;TX_MORT_PED;Taxa de mortalidade de pedestres;por 100 mil hab.;9,7
Goiânia;2008;TX_MORT_PED;Taxa de mortalidade de pedestres;por 100 mil hab.;9,4
Goiânia;2009;TX_MORT_PED;Taxa de mortalidade de pedestres;por 100 mil hab.;8
Goiânia;2010;TX_MORT_PED;Taxa de mortalidade de pedestres;por 100 mil hab.;10,9
Goiânia;2011;TX_MORT_PED;Taxa de mortalidade de pedestres;por 100 mil hab.;8,2
Goiânia;2012;TX_MORT_PED;Taxa de mortalidade de pedestres;por 100 mil hab.;9,2
Goiânia;2013;TX_MORT_PED;Taxa de mortalidade de pedestres;por 100 mil hab.;8,1
Goiânia;2014;TX_MORT_PED;Taxa de mortalidade de pedestres;por 100 mil hab.;8,4
Goiânia;2015;TX_MORT_PED;Taxa de mortalidade de pedestres;por 100 mil hab.;5,7
Goiânia;2016;TX_MORT_PED;Taxa de mortalidade de pedestres;por 100 mil hab.;5
Goiânia;2017;TX_MORT_PED;Taxa de mortalidade de pedestres;por 100 mil hab.;5,7
Goiânia;2018;TX_MORT_PED;Taxa de mortalidade de pedestres;por 100 mil hab.;4,7
Goiânia;2019;TX_MORT_PED;Taxa de mortalidade de pedestres;por 100 mil hab.;4,2873
Goiânia;2020;TX_MORT_PED;Taxa de mortalidade de pedestres;por 100 mil hab.;4,1013
Goiânia;2021;TX_MORT_PED;Taxa de mortalidade de pedestres;por 100 mil hab.;4,9498
João Pessoa;2000;TX_MORT_PED;Taxa de mortalidade de pedestres;por 100 mil hab.;5,5
João Pessoa;2001;TX_MORT_PED;Taxa de mortalidade de pedestres;por 100 mil hab.;5,9
João Pessoa;2002;TX_MORT_PED;Taxa de mortalidade de pedestres;por 100 mil hab.;12,1
João Pessoa;2003;TX_MORT_PED;Taxa de mortalidade de pedestres;por 100 mil hab.;11,1
João Pessoa;2004;TX_MORT_PED;Taxa de mortalidade de pedestres;por 100 mil hab.;9,1
João Pessoa;2005;TX_MORT_PED;Taxa de mortalidade de pedestres;por 100 mil hab.;13
João Pessoa;2006;TX_MORT_PED;Taxa de mortalidade de pedestres;por 100 mil hab.;9,8
João Pessoa;2007;TX_MORT_PED;Taxa de mortalidade de pedestres;por 100 mil hab.;8,2
João Pessoa;2008;TX_MORT_PED;Taxa de mortalidade de pedestres;por 100 mil hab.;9,2
João Pessoa;2009;TX_MORT_PED;Taxa de mortalidade de pedestres;por 100 mil hab.;5,4
João Pessoa;2010;TX_MORT_PED;Taxa de mortalidade de pedestres;por 100 mil hab.;8,3
João Pessoa;2011;TX_MORT_PED;Taxa de mortalidade de pedestres;por 100 mil hab.;6,4
João Pessoa;2012;TX_MORT_PED;Taxa de mortalidade de pedestres;por 100 mil hab.;8,8
João Pessoa;2013;TX_MORT_PED;Taxa de mortalidade de pedestres;por 100 mil hab.;6,5
João Pessoa;2014;TX_MORT_PED;Taxa de mortalidade de pedestres;por 100 mil hab.;6,1
João Pessoa;2015;TX_MORT_PED;Taxa de mortalidade de pedestres;por 100 mil hab.;6,1
João Pessoa;2016;TX_MORT_PED;Taxa de mortalidade de pedestres;por 100 mil hab.;5,2
João Pessoa;2017;TX_MORT_PED;Taxa de mortalidade de pedestres;por 100 mil hab.;5,9
João Pessoa;2018;TX_MORT_PED;Taxa de mortalidade de pedestres;por 100 mil hab.;5,9
João Pessoa;2019;TX_MORT_PED;Taxa de mortalidade de pedestres;por 100 mil hab.;5,3151
João Pessoa;2020;TX_MORT_PED;Taxa de mortalidade de pedestres;por 100 mil hab.;2,8134
João Pessoa;2021;TX_MORT_PED;Taxa de mortalidade de pedestres;por 100 mil hab.;2,543
Macapá;2000;TX_MORT_PED;Taxa de mortalidade de pedestres;por 100 mil hab.;9,2
Macapá;2001;TX_MORT_PED;Taxa de mortalidade de pedestres;por 100 mil hab.;30,4
Macapá;2002;TX_MORT_PED;Taxa de mortalidade de pedestres;por 100 mil hab.;26,7
Macapá;2003;TX_MORT_PED;Taxa de mortalidade de pedestres;por 100 mil hab.;26,7
Macapá;2004;TX_MORT_PED;Taxa de mortalidade de pedestres;por 100 mil hab.;20,8
Macapá;2005;TX_MORT_PED;Taxa de mortalidade de pedestres;por 100 mil hab.;22,8
Macapá;2006;TX_MORT_PED;Taxa de mortalidade de pedestres;por 100 mil hab.;14,9
Macapá;2007;TX_MORT_PED;Taxa de mortalidade de pedestres;por 100 mil hab.;0
Macapá;2008;TX_MORT_PED;Taxa de mortalidade de pedestres;por 100 mil hab.;1,4
Macapá;2009;TX_MORT_PED;Taxa de mortalidade de pedestres;por 100 mil hab.;0
Macapá;2010;TX_MORT_PED;Taxa de mortalidade de pedestres;por 100 mil hab.;0,3
Macapá;2011;TX_MORT_PED;Taxa de mortalidade de pedestres;por 100 mil hab.;0,7
Macapá;2012;TX_MORT_PED;Taxa de mortalidade de pedestres;por 100 mil hab.;1,9
Macapá;2013;TX_MORT_PED;Taxa de mortalidade de pedestres;por 100 mil hab.;1,8
Macapá;2014;TX_MORT_PED;Taxa de mortalidade de pedestres;por 100 mil hab.;4,9
Macapá;2015;TX_MORT_PED;Taxa de mortalidade de pedestres;por 100 mil hab.;2,8
Macapá;2016;TX_MORT_PED;Taxa de mortalidade de pedestres;por 100 mil hab.;3,7
Macapá;2017;TX_MORT_PED;Taxa de mortalidade de pedestres;por 100 mil hab.;4,2
Macapá;2018;TX_MORT_PED;Taxa de mortalidade de pedestres;por 100 mil hab.;3,8
Macapá;2019;TX_MORT_PED;Taxa de mortalidade de pedestres;por 100 mil hab.;1,9868
Macapá;2020;TX_MORT_PED;Taxa de mortalidade de pedestres;por 100 mil hab.;1,3648
Macapá;2021;TX_MORT_PED;Taxa de mortalidade de pedestres;por 100 mil hab.;1,5315
Maceió;2000;TX_MORT_PED;Taxa de mortalidade de pedestres;por 100 mil hab.;23,1
Maceió;2001;TX_MORT_PED;Taxa de mortalidade de pedestres;por 100 mil hab.;27,8
Maceió;2002;TX_MORT_PED;Taxa de mortalidade de pedestres;por 100 mil hab.;22,4
Maceió;2003;TX_MORT_PED;Taxa de mortalidade de pedestres;por 100 mil hab.;10,5
Maceió;2004;TX_MORT_PED;Taxa de mortalidade de pedestres;por 100 mil hab.;11,4
Maceió;2005;TX_MORT_PED;Taxa de mortalidade de pedestres;por 100 mil hab.;13
Maceió;2006;TX_MORT_PED;Taxa de mortalidade de pedestres;por 100 mil hab.;10,3
Maceió;2007;TX_MORT_PED;Taxa de mortalidade de pedestres;por 100 mil hab.;11,1
Maceió;2008;TX_MORT_PED;Taxa de mortalidade de pedestres;por 100 mil hab.;5,4
Maceió;2009;TX_MORT_PED;Taxa de mortalidade de pedestres;por 100 mil hab.;5,7
Maceió;2010;TX_MORT_PED;Taxa de mortalidade de pedestres;por 100 mil hab.;3,9
Maceió;2011;TX_MORT_PED;Taxa de mortalidade de pedestres;por 100 mil hab.;5,1
Maceió;2012;TX_MORT_PED;Taxa de mortalidade de pedestres;por 100 mil hab.;5,7
Maceió;2013;TX_MORT_PED;Taxa de mortalidade de pedestres;por 100 mil hab.;3,1
Maceió;2014;TX_MORT_PED;Taxa de mortalidade de pedestres;por 100 mil hab.;2,8
Maceió;2015;TX_MORT_PED;Taxa de mortalidade de pedestres;por 100 mil hab.;2,1
Maceió;2016;TX_MORT_PED;Taxa de mortalidade de pedestres;por 100 mil hab.;0,9
Maceió;2017;TX_MORT_PED;Taxa de mortalidade de pedestres;por 100 mil hab.;2,5
Maceió;2018;TX_MORT_PED;Taxa de mortalidade de pedestres;por 100 mil hab.;3
Maceió;2019;TX_MORT_PED;Taxa de mortalidade de pedestres;por 100 mil hab.;1,8647
Maceió;2020;TX_MORT_PED;Taxa de mortalidade de pedestres;por 100 mil hab.;2,7307
Maceió;2021;TX_MORT_PED;Taxa de mortalidade de pedestres;por 100 mil hab.;2,6173
Manaus;2000;TX_MORT_PED;Taxa de mortalidade de pedestres;por 100 mil hab.;8,8
Manaus;2001;TX_MORT_PED;Taxa de mortalidade de pedestres;por 100 mil hab.;7,7
Manaus;2002;TX_MORT_PED;Taxa de mortalidade de pedestres;por 100 mil hab.;7,9
Manaus;2003;TX_MORT_PED;Taxa de mortalidade de pedestres;por 100 mil hab.;8,8
Manaus;2004;TX_MORT_PED;Taxa de mortalidade de pedestres;por 100 mil hab.;7
Manaus;2005;TX_MORT_PED;Taxa de mortalidade de pedestres;por 100 mil hab.;7,1
Manaus;2006;TX_MORT_PED;Taxa de mortalidade de pedestres;por 100 mil hab.;8,2
Manaus;2007;TX_MORT_PED;Taxa de mortalidade de pedestres;por 100 mil hab.;7,2
Manaus;2008;TX_MORT_PED;Taxa de mortalidade de pedestres;por 100 mil hab.;6,3
Manaus;2009;TX_MORT_PED;Taxa de mortalidade de pedestres;por 100 mil hab.;6
Manaus;2010;TX_MORT_PED;Taxa de mortalidade de pedestres;por 100 mil hab.;8,2
Manaus;2011;TX_MORT_PED;Taxa de mortalidade de pedestres;por 100 mil hab.;9,1
Manaus;2012;TX_MORT_PED;Taxa de mortalidade de pedestres;por 100 mil hab.;7,1
Manaus;2013;TX_MORT_PED;Taxa de mortalidade de pedestres;por 100 mil hab.;6,7
Manaus;2014;TX_MORT_PED;Taxa de mortalidade de pedestres;por 100 mil hab.;5,5
Manaus;2015;TX_MORT_PED;Taxa de mortalidade de pedestres;por 100 mil hab.;5,6
Manaus;2016;TX_MORT_PED;Taxa de mortalidade de pedestres;por 100 mil hab.;4,7
Manaus;2017;TX_MORT_PED;Taxa de mortalidade de pedestres;por 100 mil hab.;3,7
Manaus;2018;TX_MORT_PED;Taxa de mortalidade de pedestres;por 100 mil hab.;5,1
Manaus;2019;TX_MORT_PED;Taxa de mortalidade de pedestres;por 100 mil hab.;4,3981
Manaus;2020;TX_MORT_PED;Taxa de mortalidade de pedestres;por 100 mil hab.;3,8296
Manaus;2021;TX_MORT_PED;Taxa de mortalidade de pedestres;por 100 mil hab.;3,2803
Natal;2000;TX_MORT_PED;Taxa de mortalidade de pedestres;por 100 mil hab.;7,2
Natal;2001;TX_MORT_PED;Taxa de mortalidade de pedestres;por 100 mil hab.;5,7
Natal;2002;TX_MORT_PED;Taxa de mortalidade de pedestres;por 100 mil hab.;5,2
Natal;2003;TX_MORT_PED;Taxa de mortalidade de pedestres;por 100 mil hab.;5,2
Natal;2004;TX_MORT_PED;Taxa de mortalidade de pedestres;por 100 mil hab.;5,6
Natal;2005;TX_MORT_PED;Taxa de mortalidade de pedestres;por 100 mil hab.;4,1
Natal;2006;TX_MORT_PED;Taxa de mortalidade de pedestres;por 100 mil hab.;2,7
Natal;2007;TX_MORT_PED;Taxa de mortalidade de pedestres;por 100 mil hab.;2,8
Natal;2008;TX_MORT_PED;Taxa de mortalidade de pedestres;por 100 mil hab.;1,9
Natal;2009;TX_MORT_PED;Taxa de mortalidade de pedestres;por 100 mil hab.;1,7
Natal;2010;TX_MORT_PED;Taxa de mortalidade de pedestres;por 100 mil hab.;4,4
Natal;2011;TX_MORT_PED;Taxa de mortalidade de pedestres;por 100 mil hab.;4,6
Natal;2012;TX_MORT_PED;Taxa de mortalidade de pedestres;por 100 mil hab.;2,3
Natal;2013;TX_MORT_PED;Taxa de mortalidade de pedestres;por 100 mil hab.;2,2
Natal;2014;TX_MORT_PED;Taxa de mortalidade de pedestres;por 100 mil hab.;2,6
Natal;2015;TX_MORT_PED;Taxa de mortalidade de pedestres;por 100 mil hab.;2,1
Natal;2016;TX_MORT_PED;Taxa de mortalidade de pedestres;por 100 mil hab.;2,5
Natal;2017;TX_MORT_PED;Taxa de mortalidade de pedestres;por 100 mil hab.;3,4
Natal;2018;TX_MORT_PED;Taxa de mortalidade de pedestres;por 100 mil hab.;1,8
Natal;2019;TX_MORT_PED;Taxa de mortalidade de pedestres;por 100 mil hab.;1,8097
Natal;2020;TX_MORT_PED;Taxa de mortalidade de pedestres;por 100 mil hab.;1,6845
Natal;2021;TX_MORT_PED;Taxa de mortalidade de pedestres;por 100 mil hab.;2,3419
Palmas;2000;TX_MORT_PED;Taxa de mortalidade de pedestres;por 100 mil hab.;10,2
Palmas;2001;TX_MORT_PED;Taxa de mortalidade de pedestres;por 100 mil hab.;7,3
Palmas;2002;TX_MORT_PED;Taxa de mortalidade de pedestres;por 100 mil hab.;6,2
Palmas;2003;TX_MORT_PED;Taxa de mortalidade de pedestres;por 100 mil hab.;7,6
Palmas;2004;TX_MORT_PED;Taxa de mortalidade de pedestres;por 100 mil hab.;8
Palmas;2005;TX_MORT_PED;Taxa de mortalidade de pedestres;por 100 mil hab.;4,3
Palmas;2006;TX_MORT_PED;Taxa de mortalidade de pedestres;por 100 mil hab.;6,3
Palmas;2007;TX_MORT_PED;Taxa de mortalidade de pedestres;por 100 mil hab.;9
Palmas;2008;TX_MORT_PED;Taxa de mortalidade de pedestres;por 100 mil hab.;14,1
Palmas;2009;TX_MORT_PED;Taxa de mortalidade de pedestres;por 100 mil hab.;4,8
Palmas;2010;TX_MORT_PED;Taxa de mortalidade de pedestres;por 100 mil hab.;4,4
Palmas;2011;TX_MORT_PED;Taxa de mortalidade de pedestres;por 100 mil hab.;3,4
Palmas;2012;TX_MORT_PED;Taxa de mortalidade de pedestres;por 100 mil hab.;7,4
Palmas;2013;TX_MORT_PED;Taxa de mortalidade de pedestres;por 100 mil hab.;3,5
Palmas;2014;TX_MORT_PED;Taxa de mortalidade de pedestres;por 100 mil hab.;7,2
Palmas;2015;TX_MORT_PED;Taxa de mortalidade de pedestres;por 100 mil hab.;5,5
Palmas;2016;TX_MORT_PED;Taxa de mortalidade de pedestres;por 100 mil hab.;4,6
Palmas;2017;TX_MORT_PED;Taxa de mortalidade de pedestres;por 100 mil hab.;3,1
Palmas;2018;TX_MORT_PED;Taxa de mortalidade de pedestres;por 100 mil hab.;5,1
Palmas;2019;TX_MORT_PED;Taxa de mortalidade de pedestres;por 100 mil hab.;2,6744
Palmas;2020;TX_MORT_PED;Taxa de mortalidade de pedestres;por 100 mil hab.;3,2648
Palmas;2021;TX_MORT_PED;Taxa de mortalidade de pedestres;por 100 mil hab.;4,1487
Porto Alegre;2000;TX_MORT_PED;Taxa de mortalidade de pedestres;por 100 mil hab.;8,2
Porto Alegre;2001;TX_MORT_PED;Taxa de mortalidade de pedestres;por 100 mil hab.;7,3
Porto Alegre;2002;TX_MORT_PED;Taxa de mortalidade de pedestres;por 100 mil hab.;9,5
Porto Alegre;2003;TX_MORT_PED;Taxa de mortalidade de pedestres;por 100 mil hab.;7,5
Porto Alegre;2004;TX_MORT_PED;Taxa de mortalidade de pedestres;por 100 mil hab.;7,6
Porto Alegre;2005;TX_MORT_PED;Taxa de mortalidade de pedestres;por 100 mil hab.;7,1
Porto Alegre;2006;TX_MORT_PED;Taxa de mortalidade de pedestres;por 100 mil hab.;5,8
Porto Alegre;2007;TX_MORT_PED;Taxa de mortalidade de pedestres;por 100 mil hab.;5,2
Porto Alegre;2008;TX_MORT_PED;Taxa de mortalidade de pedestres;por 100 mil hab.;7,2
Porto Alegre;2009;TX_MORT_PED;Taxa de mortalidade de pedestres;por 100 mil hab.;6,9
Porto Alegre;2010;TX_MORT_PED;Taxa de mortalidade de pedestres;por 100 mil hab.;6,6
Porto Alegre;2011;TX_MORT_PED;Taxa de mortalidade de pedestres;por 100 mil hab.;5,3
Porto Alegre;2012;TX_MORT_PED;Taxa de mortalidade de pedestres;por 100 mil hab.;3,6
Porto Alegre;2013;TX_MORT_PED;Taxa de mortalidade de pedestres;por 100 mil hab.;4,4
Porto Alegre;2014;TX_MORT_PED;Taxa de mortalidade de pedestres;por 100 mil hab.;4,8
Porto Alegre;2015;TX_MORT_PED;Taxa de mortalidade de pedestres;por 100 mil hab.;3,9
Porto Alegre;2016;TX_MORT_PED;Taxa de mortalidade de pedestres;por 100 mil hab.;4,5
Porto Alegre;2017;TX_MORT_PED;Taxa de mortalidade de pedestres;por 100 mil hab.;3,6
Porto Alegre;2018;TX_MORT_PED;Taxa de mortalidade de pedestres;por 100 mil hab.;2,7
Porto Alegre;2019;TX_MORT_PED;Taxa de mortalidade de pedestres;por 100 mil hab.;3,235
Porto Alegre;2020;TX_MORT_PED;Taxa de mortalidade de pedestres;por 100 mil hab.;2,1502
Porto Alegre;2021;TX_MORT_PED;Taxa de mortalidade de pedestres;por 100 mil hab.;2,479
Porto Velho;2000;TX_MORT_PED;Taxa de mortalidade de pedestres;por 100 mil hab.;0
Porto Velho;2001;TX_MORT_PED;Taxa de mortalidade de pedestres;por 100 mil hab.;0,9
Porto Velho;2002;TX_MORT_PED;Taxa de mortalidade de pedestres;por 100 mil hab.;4,3
Porto Velho;2003;TX_MORT_PED;Taxa de mortalidade de pedestres;por 100 mil hab.;2
Porto Velho;2004;TX_MORT_PED;Taxa de mortalidade de pedestres;por 100 mil hab.;0,8
Porto Velho;2005;TX_MORT_PED;Taxa de mortalidade de pedestres;por 100 mil hab.;1,1
Porto Velho;2006;TX_MORT_PED;Taxa de mortalidade de pedestres;por 100 mil hab.;2,4
Porto Velho;2007;TX_MORT_PED;Taxa de mortalidade de pedestres;por 100 mil hab.;2,4
Porto Velho;2008;TX_MORT_PED;Taxa de mortalidade de pedestres;por 100 mil hab.;0,3
Porto Velho;2009;TX_MORT_PED;Taxa de mortalidade de pedestres;por 100 mil hab.;6
Porto Velho;2010;TX_MORT_PED;Taxa de mortalidade de pedestres;por 100 mil hab.;6,5
Porto Velho;2011;TX_MORT_PED;Taxa de mortalidade de pedestres;por 100 mil hab.;3,4
Porto Velho;2012;TX_MORT_PED;Taxa de mortalidade de pedestres;por 100 mil hab.;5,9
Porto Velho;2013;TX_MORT_PED;Taxa de mortalidade de pedestres;por 100 mil hab.;5,2
Porto Velho;2014;TX_MORT_PED;Taxa de mortalidade de pedestres;por 100 mil hab.;3,8
Porto Velho;2015;TX_MORT_PED;Taxa de mortalidade de pedestres;por 100 mil hab.;4,8
Porto Velho;2016;TX_MORT_PED;Taxa de mortalidade de pedestres;por 100 mil hab.;4,7
Porto Velho;2017;TX_MORT_PED;Taxa de mortalidade de pedestres;por 100 mil hab.;2,9
Porto Velho;2018;TX_MORT_PED;Taxa de mortalidade de pedestres;por 100 mil hab.;4,4
Porto Velho;2019;TX_MORT_PED;Taxa de mortalidade de pedestres;por 100 mil hab.;2,2661
Porto Velho;2020;TX_MORT_PED;Taxa de mortalidade de pedestres;por 100 mil hab.;3,1519
Porto Velho;2021;TX_MORT_PED;Taxa de mortalidade de pedestres;por 100 mil hab.;1,4573
Recife;2000;TX_MORT_PED;Taxa de mortalidade de pedestres;por 100 mil hab.;16,9
Recife;2001;TX_MORT_PED;Taxa de mortalidade de pedestres;por 100 mil hab.;15
Recife;2002;TX_MORT_PED;Taxa de mortalidade de pedestres;por 100 mil hab.;15,5
Recife;2003;TX_MORT_PED;Taxa de mortalidade de pedestres;por 100 mil hab.;15,5
Recife;2004;TX_MORT_PED;Taxa de mortalidade de pedestres;por 100 mil hab.;17,9
Recife;2005;TX_MORT_PED;Taxa de mortalidade de pedestres;por 100 mil hab.;15,5
Recife;2006;TX_MORT_PED;Taxa de mortalidade de pedestres;por 100 mil hab.;16,2
Recife;2007;TX_MORT_PED;Taxa de mortalidade de pedestres;por 100 mil hab.;13
Recife;2008;TX_MORT_PED;Taxa de mortalidade de pedestres;por 100 mil hab.;14,4
Recife;2009;TX_MORT_PED;Taxa de mortalidade de pedestres;por 100 mil hab.;14,3
Recife;2010;TX_MORT_PED;Taxa de mortalidade de pedestres;por 100 mil hab.;15,7
Recife;2011;TX_MORT_PED;Taxa de mortalidade de pedestres;por 100 mil hab.;10,2
Recife;2012;TX_MORT_PED;Taxa de mortalidade de pedestres;por 100 mil hab.;10
Recife;2013;TX_MORT_PED;Taxa de mortalidade de pedestres;por 100 mil hab.;8
Recife;2014;TX_MORT_PED;Taxa de mortalidade de pedestres;por 100 mil hab.;10,8
Recife;2015;TX_MORT_PED;Taxa de mortalidade de pedestres;por 100 mil hab.;9,3
Recife;2016;TX_MORT_PED;Taxa de mortalidade de pedestres;por 100 mil hab.;8,7
Recife;2017;TX_MORT_PED;Taxa de mortalidade de pedestres;por 100 mil hab.;8,8
Recife;2018;TX_MORT_PED;Taxa de mortalidade de pedestres;por 100 mil hab.;9
Recife;2019;TX_MORT_PED;Taxa de mortalidade de pedestres;por 100 mil hab.;8,1423
Recife;2020;TX_MORT_PED;Taxa de mortalidade de pedestres;por 100 mil hab.;7,5599
Recife;2021;TX_MORT_PED;Taxa de mortalidade de pedestres;por 100 mil hab.;6,0806
Rio Branco;2000;TX_MORT_PED;Taxa de mortalidade de pedestres;por 100 mil hab.;12,6
Rio Branco;2001;TX_MORT_PED;Taxa de mortalidade de pedestres;por 100 mil hab.;15,3
Rio Branco;2002;TX_MORT_PED;Taxa de mortalidade de pedestres;por 100 mil hab.;9
Rio Branco;2003;TX_MORT_PED;Taxa de mortalidade de pedestres;por 100 mil hab.;5,8
Rio Branco;2004;TX_MORT_PED;Taxa de mortalidade de pedestres;por 100 mil hab.;7,3
Rio Branco;2005;TX_MORT_PED;Taxa de mortalidade de pedestres;por 100 mil hab.;2
Rio Branco;2006;TX_MORT_PED;Taxa de mortalidade de pedestres;por 100 mil hab.;4,1
Rio Branco;2007;TX_MORT_PED;Taxa de mortalidade de pedestres;por 100 mil hab.;2,1
Rio Branco;2008;TX_MORT_PED;Taxa de mortalidade de pedestres;por 100 mil hab.;0,7
Rio Branco;2009;TX_MORT_PED;Taxa de mortalidade de pedestres;por 100 mil hab.;0,3
Rio Branco;2010;TX_MORT_PED;Taxa de mortalidade de pedestres;por 100 mil hab.;0
Rio Branco;2011;TX_MORT_PED;Taxa de mortalidade de pedestres;por 100 mil hab.;1,2
Rio Branco;2012;TX_MORT_PED;Taxa de mortalidade de pedestres;por 100 mil hab.;4,6
Rio Branco;2013;TX_MORT_PED;Taxa de mortalidade de pedestres;por 100 mil hab.;2,8
Rio Branco;2014;TX_MORT_PED;Taxa de mortalidade de pedestres;por 100 mil hab.;3,8
Rio Branco;2015;TX_MORT_PED;Taxa de mortalidade de pedestres;por 100 mil hab.;2,7
Rio Branco;2016;TX_MORT_PED;Taxa de mortalidade de pedestres;por 100 mil hab.;1,9
Rio Branco;2017;TX_MORT_PED;Taxa de mortalidade de pedestres;por 100 mil hab.;2,1
Rio Branco;2018;TX_MORT_PED;Taxa de mortalidade de pedestres;por 100 mil hab.;2,5
Rio Branco;2019;TX_MORT_PED;Taxa de mortalidade de pedestres;por 100 mil hab.;1,7186
Rio Branco;2020;TX_MORT_PED;Taxa de mortalidade de pedestres;por 100 mil hab.;0,2419
Rio Branco;2021;TX_MORT_PED;Taxa de mortalidade de pedestres;por 100 mil hab.;0,7152
Rio de Janeiro;2000;TX_MORT_PED;Taxa de mortalidade de pedestres;por 100 mil hab.;10,9
Rio de Janeiro;2001;TX_MORT_PED;Taxa de mortalidade de pedestres;por 100 mil hab.;12,1
Rio de Janeiro;2002;TX_MORT_PED;Taxa de mortalidade de pedestres;por 100 mil hab.;11,9
Rio de Janeiro;2003;TX_MORT_PED;Taxa de mortalidade de pedestres;por 100 mil hab.;10,6
Rio de Janeiro;2004;TX_MORT_PED;Taxa de mortalidade de pedestres;por 100 mil hab.;11,4
Rio de Janeiro;2005;TX_MORT_PED;Taxa de mortalidade de pedestres;por 100 mil hab.;8,9
Rio de Janeiro;2006;TX_MORT_PED;Taxa de mortalidade de pedestres;por 100 mil hab.;9,4
Rio de Janeiro;2007;TX_MORT_PED;Taxa de mortalidade de pedestres;por 100 mil hab.;5,9
Rio de Janeiro;2008;TX_MORT_PED;Taxa de mortalidade de pedestres;por 100 mil hab.;7,3
Rio de Janeiro;2009;TX_MORT_PED;Taxa de mortalidade de pedestres;por 100 mil hab.;7
Rio de Janeiro;2010;TX_MORT_PED;Taxa de mortalidade de pedestres;por 100 mil hab.;8,6
Rio de Janeiro;2011;TX_MORT_PED;Taxa de mortalidade de pedestres;por 100 mil hab.;6,4
Rio de Janeiro;2012;TX_MORT_PED;Taxa de mortalidade de pedestres;por 100 mil hab.;6,4
Rio de Janeiro;2013;TX_MORT_PED;Taxa de mortalidade de pedestres;por 100 mil hab.;6,3
Rio de Janeiro;2014;TX_MORT_PED;Taxa de mortalidade de pedestres;por 100 mil hab.;6
Rio de Janeiro;2015;TX_MORT_PED;Taxa de mortalidade de pedestres;por 100 mil hab.;4,3
Rio de Janeiro;2016;TX_MORT_PED;Taxa de mortalidade de pedestres;por 100 mil hab.;3,1
Rio de Janeiro;2017;TX_MORT_PED;Taxa de mortalidade de pedestres;por 100 mil hab.;4,3
Rio de Janeiro;2018;TX_MORT_PED;Taxa de mortalidade de pedestres;por 100 mil hab.;5,2
Rio de Janeiro;2019;TX_MORT_PED;Taxa de mortalidade de pedestres;por 100 mil hab.;1,786
Rio de Janeiro;2020;TX_MORT_PED;Taxa de mortalidade de pedestres;por 100 mil hab.;3,9717
Rio de Janeiro;2021;TX_MORT_PED;Taxa de mortalidade de pedestres;por 100 mil hab.;4,3096
Salvador;2000;TX_MORT_PED;Taxa de mortalidade de pedestres;por 100 mil hab.;1,3
Salvador;2001;TX_MORT_PED;Taxa de mortalidade de pedestres;por 100 mil hab.;3,1
Salvador;2002;TX_MORT_PED;Taxa de mortalidade de pedestres;por 100 mil hab.;3,7
Salvador;2003;TX_MORT_PED;Taxa de mortalidade de pedestres;por 100 mil hab.;3,8
Salvador;2004;TX_MORT_PED;Taxa de mortalidade de pedestres;por 100 mil hab.;2,5
Salvador;2005;TX_MORT_PED;Taxa de mortalidade de pedestres;por 100 mil hab.;8,2
Salvador;2006;TX_MORT_PED;Taxa de mortalidade de pedestres;por 100 mil hab.;7,4
Salvador;2007;TX_MORT_PED;Taxa de mortalidade de pedestres;por 100 mil hab.;6
Salvador;2008;TX_MORT_PED;Taxa de mortalidade de pedestres;por 100 mil hab.;1,9
Salvador;2009;TX_MORT_PED;Taxa de mortalidade de pedestres;por 100 mil hab.;2,2
Salvador;2010;TX_MORT_PED;Taxa de mortalidade de pedestres;por 100 mil hab.;7
Salvador;2011;TX_MORT_PED;Taxa de mortalidade de pedestres;por 100 mil hab.;6,1
Salvador;2012;TX_MORT_PED;Taxa de mortalidade de pedestres;por 100 mil hab.;6,1
Salvador;2013;TX_MORT_PED;Taxa de mortalidade de pedestres;por 100 mil hab.;4,6
Salvador;2014;TX_MORT_PED;Taxa de mortalidade de pedestres;por 100 mil hab.;4,8
Salvador;2015;TX_MORT_PED;Taxa de mortalidade de pedestres;por 100 mil hab.;4
Salvador;2016;TX_MORT_PED;Taxa de mortalidade de pedestres;por 100 mil hab.;2,7
Salvador;2017;TX_MORT_PED;Taxa de mortalidade de pedestres;por 100 mil hab.;2,6
Salvador;2018;TX_MORT_PED;Taxa de mortalidade de pedestres;por 100 mil hab.;2,3
Salvador;2019;TX_MORT_PED;Taxa de mortalidade de pedestres;por 100 mil hab.;1,9148
Salvador;2020;TX_MORT_PED;Taxa de mortalidade de pedestres;por 100 mil hab.;2,1131
Salvador;2021;TX_MORT_PED;Taxa de mortalidade de pedestres;por 100 mil hab.;1,586
São Luís;2000;TX_MORT_PED;Taxa de mortalidade de pedestres;por 100 mil hab.;4,8
São Luís;2001;TX_MORT_PED;Taxa de mortalidade de pedestres;por 100 mil hab.;6,2
São Luís;2002;TX_MORT_PED;Taxa de mortalidade de pedestres;por 100 mil hab.;9,9
São Luís;2003;TX_MORT_PED;Taxa de mortalidade de pedestres;por 100 mil hab.;7,3
São Luís;2004;TX_MORT_PED;Taxa de mortalidade de pedestres;por 100 mil hab.;8,2
São Luís;2005;TX_MORT_PED;Taxa de mortalidade de pedestres;por 100 mil hab.;9,8
São Luís;2006;TX_MORT_PED;Taxa de mortalidade de pedestres;por 100 mil hab.;7,9
São Luís;2007;TX_MORT_PED;Taxa de mortalidade de pedestres;por 100 mil hab.;7,4
São Luís;2008;TX_MORT_PED;Taxa de mortalidade de pedestres;por 100 mil hab.;6,6
São Luís;2009;TX_MORT_PED;Taxa de mortalidade de pedestres;por 100 mil hab.;7,2
São Luís;2010;TX_MORT_PED;Taxa de mortalidade de pedestres;por 100 mil hab.;9,6
São Luís;2011;TX_MORT_PED;Taxa de mortalidade de pedestres;por 100 mil hab.;6,2
São Luís;2012;TX_MORT_PED;Taxa de mortalidade de pedestres;por 100 mil hab.;7
São Luís;2013;TX_MORT_PED;Taxa de mortalidade de pedestres;por 100 mil hab.;3,7
São Luís;2014;TX_MORT_PED;Taxa de mortalidade de pedestres;por 100 mil hab.;3,1
São Luís;2015;TX_MORT_PED;Taxa de mortalidade de pedestres;por 100 mil hab.;2,7
São Luís;2016;TX_MORT_PED;Taxa de mortalidade de pedestres;por 100 mil hab.;3,8
São Luís;2017;TX_MORT_PED;Taxa de mortalidade de pedestres;por 100 mil hab.;6
São Luís;2018;TX_MORT_PED;Taxa de mortalidade de pedestres;por 100 mil hab.;1,7
São Luís;2019;TX_MORT_PED;Taxa de mortalidade de pedestres;por 100 mil hab.;2,1781
São Luís;2020;TX_MORT_PED;Taxa de mortalidade de pedestres;por 100 mil hab.;4,148
São Luís;2021;TX_MORT_PED;Taxa de mortalidade de pedestres;por 100 mil hab.;3,3156
São Paulo;2000;TX_MORT_PED;Taxa de mortalidade de pedestres;por 100 mil hab.;2,7
São Paulo;2001;TX_MORT_PED;Taxa de mortalidade de pedestres;por 100 mil hab.;7,4
São Paulo;2002;TX_MORT_PED;Taxa de mortalidade de pedestres;por 100 mil hab.;3,2
São Paulo;2003;TX_MORT_PED;Taxa de mortalidade de pedestres;por 100 mil hab.;6,4
São Paulo;2004;TX_MORT_PED;Taxa de mortalidade de pedestres;por 100 mil hab.;6,3
São Paulo;2005;TX_MORT_PED;Taxa de mortalidade de pedestres;por 100 mil hab.;6,9
São Paulo;2006;TX_MORT_PED;Taxa de mortalidade de pedestres;por 100 mil hab.;7,2
São Paulo;2007;TX_MORT_PED;Taxa de mortalidade de pedestres;por 100 mil hab.;6,6
São Paulo;2008;TX_MORT_PED;Taxa de mortalidade de pedestres;por 100 mil hab.;6,3
São Paulo;2009;TX_MORT_PED;Taxa de mortalidade de pedestres;por 100 mil hab.;6,3
São Paulo;2010;TX_MORT_PED;Taxa de mortalidade de pedestres;por 100 mil hab.;5,8
São Paulo;2011;TX_MORT_PED;Taxa de mortalidade de pedestres;por 100 mil hab.;5,8
São Paulo;2012;TX_MORT_PED;Taxa de mortalidade de pedestres;por 100 mil hab.;5,2
São Paulo;2013;TX_MORT_PED;Taxa de mortalidade de pedestres;por 100 mil hab.;4,5
São Paulo;2014;TX_MORT_PED;Taxa de mortalidade de pedestres;por 100 mil hab.;4,9
São Paulo;2015;TX_MORT_PED;Taxa de mortalidade de pedestres;por 100 mil hab.;4
São Paulo;2016;TX_MORT_PED;Taxa de mortalidade de pedestres;por 100 mil hab.;3,2
São Paulo;2017;TX_MORT_PED;Taxa de mortalidade de pedestres;por 100 mil hab.;2,5
São Paulo;2018;TX_MORT_PED;Taxa de mortalidade de pedestres;por 100 mil hab.;0,8
São Paulo;2019;TX_MORT_PED;Taxa de mortalidade de pedestres;por 100 mil hab.;2,7342
São Paulo;2020;TX_MORT_PED;Taxa de mortalidade de pedestres;por 100 mil hab.;1,4929
São Paulo;2021;TX_MORT_PED;Taxa de mortalidade de pedestres;por 100 mil hab.;1,5811
Teresina;2000;TX_MORT_PED;Taxa de mortalidade de pedestres;por 100 mil hab.;6,8
Teresina;2001;TX_MORT_PED;Taxa de mortalidade de pedestres;por 100 mil hab.;8,8
Teresina;2002;TX_MORT_PED;Taxa de mortalidade de pedestres;por 100 mil hab.;8
Teresina;2003;TX_MORT_PED;Taxa de mortalidade de pedestres;por 100 mil hab.;9,8
Teresina;2004;TX_MORT_PED;Taxa de mortalidade de pedestres;por 100 mil hab.;9
Teresina;2005;TX_MORT_PED;Taxa de mortalidade de pedestres;por 100 mil hab.;9,3
Teresina;2006;TX_MORT_PED;Taxa de mortalidade de pedestres;por 100 mil hab.;8,5
Teresina;2007;TX_MORT_PED;Taxa de mortalidade de pedestres;por 100 mil hab.;8,7
Teresina;2008;TX_MORT_PED;Taxa de mortalidade de pedestres;por 100 mil hab.;9,6
Teresina;2009;TX_MORT_PED;Taxa de mortalidade de pedestres;por 100 mil hab.;8,6
Teresina;2010;TX_MORT_PED;Taxa de mortalidade de pedestres;por 100 mil hab.;10,3
Teresina;2011;TX_MORT_PED;Taxa de mortalidade de pedestres;por 100 mil hab.;8,3
Teresina;2012;TX_MORT_PED;Taxa de mortalidade de pedestres;por 100 mil hab.;8,3
Teresina;2013;TX_MORT_PED;Taxa de mortalidade de pedestres;por 100 mil hab.;7,3
Teresina;2014;TX_MORT_PED;Taxa de mortalidade de pedestres;por 100 mil hab.;8,3
Teresina;2015;TX_MORT_PED;Taxa de mortalidade de pedestres;por 100 mil hab.;6,4
Teresina;2016;TX_MORT_PED;Taxa de mortalidade de pedestres;por 100 mil hab.;5,3
Teresina;2017;TX_MORT_PED;Taxa de mortalidade de pedestres;por 100 mil hab.;4,4
Teresina;2018;TX_MORT_PED;Taxa de mortalidade de pedestres;por 100 mil hab.;5,3
Teresina;2019;TX_MORT_PED;Taxa de mortalidade de pedestres;por 100 mil hab.;3,7001
Teresina;2020;TX_MORT_PED;Taxa de mortalidade de pedestres;por 100 mil hab.;3,5711
Teresina;2021;TX_MORT_PED;Taxa de mortalidade de pedestres;por 100 mil hab.;3,903
Vitória;2000;TX_MORT_PED;Taxa de mortalidade de pedestres;por 100 mil hab.;23,3
Vitória;2001;TX_MORT_PED;Taxa de mortalidade de pedestres;por 100 mil hab.;25,7
Vitória;2002;TX_MORT_PED;Taxa de mortalidade de pedestres;por 100 mil hab.;25,7
Vitória;2003;TX_MORT_PED;Taxa de mortalidade de pedestres;por 100 mil hab.;24,8
Vitória;2004;TX_MORT_PED;Taxa de mortalidade de pedestres;por 100 mil hab.;19,7
Vitória;2005;TX_MORT_PED;Taxa de mortalidade de pedestres;por 100 mil hab.;18,2
Vitória;2006;TX_MORT_PED;Taxa de mortalidade de pedestres;por 100 mil hab.;16,1
Vitória;2007;TX_MORT_PED;Taxa de mortalidade de pedestres;por 100 mil hab.;20,1
Vitória;2008;TX_MORT_PED;Taxa de mortalidade de pedestres;por 100 mil hab.;21,1
Vitória;2009;TX_MORT_PED;Taxa de mortalidade de pedestres;por 100 mil hab.;17,2
Vitória;2010;TX_MORT_PED;Taxa de mortalidade de pedestres;por 100 mil hab.;16,8
Vitória;2011;TX_MORT_PED;Taxa de mortalidade de pedestres;por 100 mil hab.;12,7
Vitória;2012;TX_MORT_PED;Taxa de mortalidade de pedestres;por 100 mil hab.;11,4
Vitória;2013;TX_MORT_PED;Taxa de mortalidade de pedestres;por 100 mil hab.;12,6
Vitória;2014;TX_MORT_PED;Taxa de mortalidade de pedestres;por 100 mil hab.;11,6
Vitória;2015;TX_MORT_PED;Taxa de mortalidade de pedestres;por 100 mil hab.;6,7
Vitória;2016;TX_MORT_PED;Taxa de mortalidade de pedestres;por 100 mil hab.;7,5
Vitória;2017;TX_MORT_PED;Taxa de mortalidade de pedestres;por 100 mil hab.;8,5
Vitória;2018;TX_MORT_PED;Taxa de mortalidade de pedestres;por 100 mil hab.;9,8
Vitória;2019;TX_MORT_PED;Taxa de mortalidade de pedestres;por 100 mil hab.;7,4566
Vitória;2020;TX_MORT_PED;Taxa de mortalidade de pedestres;por 100 mil hab.;6,56
Vitória;2021;TX_MORT_PED;Taxa de mortalidade de pedestres;por 100 mil hab.;11,3657
Aracaju;2000;TX_MORT_TOT;Taxa de mortalidade no trânsito;por 100 mil hab.;34,5
Aracaju;2001;TX_MORT_TOT;Taxa de mortalidade no trânsito;por 100 mil hab.;37,2
Aracaju;2002;TX_MORT_TOT;Taxa de mortalidade no trânsito;por 100 mil hab.;37,8
Aracaju;2003;TX_MORT_TOT;Taxa de mortalidade no trânsito;por 100 mil hab.;39,4
Aracaju;2004;TX_MORT_TOT;Taxa de mortalidade no trânsito;por 100 mil hab.;41,5
Aracaju;2005;TX_MORT_TOT;Taxa de mortalidade no trânsito;por 100 mil hab.;35,5
Aracaju;2006;TX_MORT_TOT;Taxa de mortalidade no trânsito;por 100 mil hab.;39,6
Aracaju;2007;TX_MORT_TOT;Taxa de mortalidade no trânsito;por 100 mil hab.;36,3
Aracaju;2008;TX_MORT_TOT;Taxa de mortalidade no trânsito;por 100 mil hab.;42,3
Aracaju;2009;TX_MORT_TOT;Taxa de mortalidade no trânsito;por 100 mil hab.;51,1
Aracaju;2010;TX_MORT_TOT;Taxa de mortalidade no trânsito;por 100 mil hab.;48,7
Aracaju;2011;TX_MORT_TOT;Taxa de mortalidade no trânsito;por 100 mil hab.;50
Aracaju;2012;TX_MORT_TOT;Taxa de mortalidade no trânsito;por 100 mil hab.;42,7
Aracaju;2013;TX_MORT_TOT;Taxa de mortalidade no trânsito;por 100 mil hab.;48
Aracaju;2014;TX_MORT_TOT;Taxa de mortalidade no trânsito;por 100 mil hab.;37
Aracaju;2015;TX_MORT_TOT;Taxa de mortalidade no trânsito;por 100 mil hab.;37,3
Aracaju;2016;TX_MORT_TOT;Taxa de mortalidade no trânsito;por 100 mil hab.;29,3
Aracaju;2017;TX_MORT_TOT;Taxa de mortalidade no trânsito;por 100 mil hab.;28
Aracaju;2018;TX_MORT_TOT;Taxa de mortalidade no trânsito;por 100 mil hab.;24,3
Aracaju;2019;TX_MORT_TOT;Taxa de mortalidade no trânsito;por 100 mil hab.;25,5703
Aracaju;2020;TX_MORT_TOT;Taxa de mortalidade no trânsito;por 100 mil hab.;22,2587
Aracaju;2021;TX_MORT_TOT;Taxa de mortalidade no trânsito;por 100 mil hab.;25,4232
Belém;2000;TX_MORT_TOT;Taxa de mortalidade no trânsito;por 100 mil hab.;18,1
Belém;2001;TX_MORT_TOT;Taxa de mortalidade no trânsito;por 100 mil hab.;17,9
Belém;2002;TX_MORT_TOT;Taxa de mortalidade no trânsito;por 100 mil hab.;21,5
Belém;2003;TX_MORT_TOT;Taxa de mortalidade no trânsito;por 100 mil hab.;22,5
Belém;2004;TX_MORT_TOT;Taxa de mortalidade no trânsito;por 100 mil hab.;17,8
Belém;2005;TX_MORT_TOT;Taxa de mortalidade no trânsito;por 100 mil hab.;23,1
Belém;2006;TX_MORT_TOT;Taxa de mortalidade no trânsito;por 100 mil hab.;12,7
Belém;2007;TX_MORT_TOT;Taxa de mortalidade no trânsito;por 100 mil hab.;10,1
Belém;2008;TX_MORT_TOT;Taxa de mortalidade no trânsito;por 100 mil hab.;9,7
Belém;2009;TX_MORT_TOT;Taxa de mortalidade no trânsito;por 100 mil hab.;8,8
Belém;2010;TX_MORT_TOT;Taxa de mortalidade no trânsito;por 100 mil hab.;10,8
Belém;2011;TX_MORT_TOT;Taxa de mortalidade no trânsito;por 100 mil hab.;10,8
Belém;2012;TX_MORT_TOT;Taxa de mortalidade no trânsito;por 100 mil hab.;9,4
Belém;2013;TX_MORT_TOT;Taxa de mortalidade no trânsito;por 100 mil hab.;7,9
Belém;2014;TX_MORT_TOT;Taxa de mortalidade no trânsito;por 100 mil hab.;7,3
Belém;2015;TX_MORT_TOT;Taxa de mortalidade no trânsito;por 100 mil hab.;5,4
Belém;2016;TX_MORT_TOT;Taxa de mortalidade no trânsito;por 100 mil hab.;6,4
Belém;2017;TX_MORT_TOT;Taxa de mortalidade no trânsito;por 100 mil hab.;7,4
Belém;2018;TX_MORT_TOT;Taxa de mortalidade no trânsito;por 100 mil hab.;6,3
Belém;2019;TX_MORT_TOT;Taxa de mortalidade no trânsito;por 100 mil hab.;6,6321
Belém;2020;TX_MORT_TOT;Taxa de mortalidade no trânsito;por 100 mil hab.;6,0014
Belém;2021;TX_MORT_TOT;Taxa de mortalidade no trânsito;por 100 mil hab.;5,5098
Belo Horizonte;2000;TX_MORT_TOT;Taxa de mortalidade no trânsito;por 100 mil hab.;22,7
Belo Horizonte;2001;TX_MORT_TOT;Taxa de mortalidade no trânsito;por 100 mil hab.;27,6
Belo Horizonte;2002;TX_MORT_TOT;Taxa de mortalidade no trânsito;por 100 mil hab.;25,3
Belo Horizonte;2003;TX_MORT_TOT;Taxa de mortalidade no trânsito;por 100 mil hab.;24,7
Belo Horizonte;2004;TX_MORT_TOT;Taxa de mortalidade no trânsito;por 100 mil hab.;25,9
Belo Horizonte;2005;TX_MORT_TOT;Taxa de mortalidade no trânsito;por 100 mil hab.;25,1
Belo Horizonte;2006;TX_MORT_TOT;Taxa de mortalidade no trânsito;por 100 mil hab.;29,5
Belo Horizonte;2007;TX_MORT_TOT;Taxa de mortalidade no trânsito;por 100 mil hab.;27,7
Belo Horizonte;2008;TX_MORT_TOT;Taxa de mortalidade no trânsito;por 100 mil hab.;26,6
Belo Horizonte;2009;TX_MORT_TOT;Taxa de mortalidade no trânsito;por 100 mil hab.;24,3
Belo Horizonte;2010;TX_MORT_TOT;Taxa de mortalidade no trânsito;por 100 mil hab.;26,3
Belo Horizonte;2011;TX_MORT_TOT;Taxa de mortalidade no trânsito;por 100 mil hab.;25,5
Belo Horizonte;2012;TX_MORT_TOT;Taxa de mortalidade no trânsito;por 100 mil hab.;22,5
Belo Horizonte;2013;TX_MORT_TOT;Taxa de mortalidade no trânsito;por 100 mil hab.;21,1
Belo Horizonte;2014;TX_MORT_TOT;Taxa de mortalidade no trânsito;por 100 mil hab.;20,6
Belo Horizonte;2015;TX_MORT_TOT;Taxa de mortalidade no trânsito;por 100 mil hab.;17,1
Belo Horizonte;2016;TX_MORT_TOT;Taxa de mortalidade no trânsito;por 100 mil hab.;16,1
Belo Horizonte;2017;TX_MORT_TOT;Taxa de mortalidade no trânsito;por 100 mil hab.;12
Belo Horizonte;2018;TX_MORT_TOT;Taxa de mortalidade no trânsito;por 100 mil hab.;11,8
Belo Horizonte;2019;TX_MORT_TOT;Taxa de mortalidade no trânsito;por 100 mil hab.;10,6287
Belo Horizonte;2020;TX_MORT_TOT;Taxa de mortalidade no trânsito;por 100 mil hab.;10,3904
Belo Horizonte;2021;TX_MORT_TOT;Taxa de mortalidade no trânsito;por 100 mil hab.;10,669
Boa Vista;2000;TX_MORT_TOT;Taxa de mortalidade no trânsito;por 100 mil hab.;32,4
Boa Vista;2001;TX_MORT_TOT;Taxa de mortalidade no trânsito;por 100 mil hab.;35,5
Boa Vista;2002;TX_MORT_TOT;Taxa de mortalidade no trânsito;por 100 mil hab.;48,5
Boa Vista;2003;TX_MORT_TOT;Taxa de mortalidade no trânsito;por 100 mil hab.;23,5
Boa Vista;2004;TX_MORT_TOT;Taxa de mortalidade no trânsito;por 100 mil hab.;15,7
Boa Vista;2005;TX_MORT_TOT;Taxa de mortalidade no trânsito;por 100 mil hab.;30,1
Boa Vista;2006;TX_MORT_TOT;Taxa de mortalidade no trânsito;por 100 mil hab.;31,2
Boa Vista;2007;TX_MORT_TOT;Taxa de mortalidade no trânsito;por 100 mil hab.;41,2
Boa Vista;2008;TX_MORT_TOT;Taxa de mortalidade no trânsito;por 100 mil hab.;32,6
Boa Vista;2009;TX_MORT_TOT;Taxa de mortalidade no trânsito;por 100 mil hab.;33
Boa Vista;2010;TX_MORT_TOT;Taxa de mortalidade no trânsito;por 100 mil hab.;33,8
Boa Vista;2011;TX_MORT_TOT;Taxa de mortalidade no trânsito;por 100 mil hab.;33,4
Boa Vista;2012;TX_MORT_TOT;Taxa de mortalidade no trânsito;por 100 mil hab.;31,7
Boa Vista;2013;TX_MORT_TOT;Taxa de mortalidade no trânsito;por 100 mil hab.;37,2
Boa Vista;2014;TX_MORT_TOT;Taxa de mortalidade no trânsito;por 100 mil hab.;29,5
Boa Vista;2015;TX_MORT_TOT;Taxa de mortalidade no trânsito;por 100 mil hab.;31,8
Boa Vista;2016;TX_MORT_TOT;Taxa de mortalidade no trânsito;por 100 mil hab.;22,1
Boa Vista;2017;TX_MORT_TOT;Taxa de mortalidade no trânsito;por 100 mil hab.;27,7
Boa Vista;2018;TX_MORT_TOT;Taxa de mortalidade no trânsito;por 100 mil hab.;15,2
Boa Vista;2019;TX_MORT_TOT;Taxa de mortalidade no trânsito;por 100 mil hab.;19,2879
Boa Vista;2020;TX_MORT_TOT;Taxa de mortalidade no trânsito;por 100 mil hab.;20,2549
Boa Vista;2021;TX_MORT_TOT;Taxa de mortalidade no trânsito;por 100 mil hab.;19,0109
Brasília;2000;TX_MORT_TOT;Taxa de mortalidade no trânsito;por 100 mil hab.;28,3
Brasília;2001;TX_MORT_TOT;Taxa de mortalidade no trânsito;por 100 mil hab.;26,4
Brasília;2002;TX_MORT_TOT;Taxa de mortalidade no trânsito;por 100 mil hab.;28,1
Brasília;2003;TX_MORT_TOT;Taxa de mortalidade no trânsito;por 100 mil hab.;31,1
Brasília;2004;TX_MORT_TOT;Taxa de mortalidade no trânsito;por 100 mil hab.;25,5
Brasília;2005;TX_MORT_TOT;Taxa de mortalidade no trânsito;por 100 mil hab.;26
Brasília;2006;TX_MORT_TOT;Taxa de mortalidade no trânsito;por 100 mil hab.;24,2
Brasília;2007;TX_MORT_TOT;Taxa de mortalidade no trânsito;por 100 mil hab.;25,5
Brasília;2008;TX_MORT_TOT;Taxa de mortalidade no trânsito;por 100 mil hab.;24,1
Brasília;2009;TX_MORT_TOT;Taxa de mortalidade no trânsito;por 100 mil hab.;22,3
Brasília;2010;TX_MORT_TOT;Taxa de mortalidade no trânsito;por 100 mil hab.;24,8
Brasília;2011;TX_MORT_TOT;Taxa de mortalidade no trânsito;por 100 mil hab.;24,6
Brasília;2012;TX_MORT_TOT;Taxa de mortalidade no trânsito;por 100 mil hab.;20,9
Brasília;2013;TX_MORT_TOT;Taxa de mortalidade no trânsito;por 100 mil hab.;19,4
Brasília;2014;TX_MORT_TOT;Taxa de mortalidade no trânsito;por 100 mil hab.;19,5
Brasília;2015;TX_MORT_TOT;Taxa de mortalidade no trânsito;por 100 mil hab.;16,1
Brasília;2016;TX_MORT_TOT;Taxa de mortalidade no trânsito;por 100 mil hab.;15,6
Brasília;2017;TX_MORT_TOT;Taxa de mortalidade no trânsito;por 100 mil hab.;11,3
Brasília;2018;TX_MORT_TOT;Taxa de mortalidade no trânsito;por 100 mil hab.;12,4
Brasília;2019;TX_MORT_TOT;Taxa de mortalidade no trânsito;por 100 mil hab.;11,2096
Brasília;2020;TX_MORT_TOT;Taxa de mortalidade no trânsito;por 100 mil hab.;10,5723
Brasília;2021;TX_MORT_TOT;Taxa de mortalidade no trânsito;por 100 mil hab.;9,9214
Campo Grande;2000;TX_MORT_TOT;Taxa de mortalidade no trânsito;por 100 mil hab.;21,5
Campo Grande;2001;TX_MORT_TOT;Taxa de mortalidade no trânsito;por 100 mil hab.;26,1
Campo Grande;2002;TX_MORT_TOT;Taxa de mortalidade no trânsito;por 100 mil hab.;29
Campo Grande;2003;TX_MORT_TOT;Taxa de mortalidade no trânsito;por 100 mil hab.;28,8
Campo Grande;2004;TX_MORT_TOT;Taxa de mortalidade no trânsito;por 100 mil hab.;29,7
Campo Grande;2005;TX_MORT_TOT;Taxa de mortalidade no trânsito;por 100 mil hab.;31,9
Campo Grande;2006;TX_MORT_TOT;Taxa de mortalidade no trânsito;por 100 mil hab.;27,2
Campo Grande;2007;TX_MORT_TOT;Taxa de mortalidade no trânsito;por 100 mil hab.;27,3
Campo Grande;2008;TX_MORT_TOT;Taxa de mortalidade no trânsito;por 100 mil hab.;30,4
Campo Grande;2009;TX_MORT_TOT;Taxa de mortalidade no trânsito;por 100 mil hab.;25,4
Campo Grande;2010;TX_MORT_TOT;Taxa de mortalidade no trânsito;por 100 mil hab.;28,9
Campo Grande;2011;TX_MORT_TOT;Taxa de mortalidade no trânsito;por 100 mil hab.;28
Campo Grande;2012;TX_MORT_TOT;Taxa de mortalidade no trânsito;por 100 mil hab.;25,2
Campo Grande;2013;TX_MORT_TOT;Taxa de mortalidade no trânsito;por 100 mil hab.;26
Campo Grande;2014;TX_MORT_TOT;Taxa de mortalidade no trânsito;por 100 mil hab.;24,4
Campo Grande;2015;TX_MORT_TOT;Taxa de mortalidade no trânsito;por 100 mil hab.;21,8
Campo Grande;2016;TX_MORT_TOT;Taxa de mortalidade no trânsito;por 100 mil hab.;19,2
Campo Grande;2017;TX_MORT_TOT;Taxa de mortalidade no trânsito;por 100 mil hab.;17,2
Campo Grande;2018;TX_MORT_TOT;Taxa de mortalidade no trânsito;por 100 mil hab.;18,3
Campo Grande;2019;TX_MORT_TOT;Taxa de mortalidade no trânsito;por 100 mil hab.;18,3039
Campo Grande;2020;TX_MORT_TOT;Taxa de mortalidade no trânsito;por 100 mil hab.;18,9826
Campo Grande;2021;TX_MORT_TOT;Taxa de mortalidade no trânsito;por 100 mil hab.;21,9432
Cuiabá;2000;TX_MORT_TOT;Taxa de mortalidade no trânsito;por 100 mil hab.;35
Cuiabá;2001;TX_MORT_TOT;Taxa de mortalidade no trânsito;por 100 mil hab.;31,2
Cuiabá;2002;TX_MORT_TOT;Taxa de mortalidade no trânsito;por 100 mil hab.;45
Cuiabá;2003;TX_MORT_TOT;Taxa de mortalidade no trânsito;por 100 mil hab.;31,3
Cuiabá;2004;TX_MORT_TOT;Taxa de mortalidade no trânsito;por 100 mil hab.;29,7
Cuiabá;2005;TX_MORT_TOT;Taxa de mortalidade no trânsito;por 100 mil hab.;28,7
Cuiabá;2006;TX_MORT_TOT;Taxa de mortalidade no trânsito;por 100 mil hab.;28,7
Cuiabá;2007;TX_MORT_TOT;Taxa de mortalidade no trânsito;por 100 mil hab.;31,3
Cuiabá;2008;TX_MORT_TOT;Taxa de mortalidade no trânsito;por 100 mil hab.;35,2
Cuiabá;2009;TX_MORT_TOT;Taxa de mortalidade no trânsito;por 100 mil hab.;35,1
Cuiabá;2010;TX_MORT_TOT;Taxa de mortalidade no trânsito;por 100 mil hab.;37,6
Cuiabá;2011;TX_MORT_TOT;Taxa de mortalidade no trânsito;por 100 mil hab.;40,1
Cuiabá;2012;TX_MORT_TOT;Taxa de mortalidade no trânsito;por 100 mil hab.;35,3
Cuiabá;2013;TX_MORT_TOT;Taxa de mortalidade no trânsito;por 100 mil hab.;39,8
Cuiabá;2014;TX_MORT_TOT;Taxa de mortalidade no trânsito;por 100 mil hab.;38,2
Cuiabá;2015;TX_MORT_TOT;Taxa de mortalidade no trânsito;por 100 mil hab.;32,7
Cuiabá;2016;TX_MORT_TOT;Taxa de mortalidade no trânsito;por 100 mil hab.;31,1
Cuiabá;2017;TX_MORT_TOT;Taxa de mortalidade no trânsito;por 100 mil hab.;32,4
Cuiabá;2018;TX_MORT_TOT;Taxa de mortalidade no trânsito;por 100 mil hab.;32,8
Cuiabá;2019;TX_MORT_TOT;Taxa de mortalidade no trânsito;por 100 mil hab.;23,6717
Cuiabá;2020;TX_MORT_TOT;Taxa de mortalidade no trânsito;por 100 mil hab.;25,0759
Cuiabá;2021;TX_MORT_TOT;Taxa de mortalidade no trânsito;por 100 mil hab.;21,0066
Curitiba;2000;TX_MORT_TOT;Taxa de mortalidade no trânsito;por 100 mil hab.;29,2
Curitiba;2001;TX_MORT_TOT;Taxa de mortalidade no trânsito;por 100 mil hab.;28,5
Curitiba;2002;TX_MORT_TOT;Taxa de mortalidade no trânsito;por 100 mil hab.;28
Curitiba;2003;TX_MORT_TOT;Taxa de mortalidade no trânsito;por 100 mil hab.;29,1
Curitiba;2004;TX_MORT_TOT;Taxa de mortalidade no trânsito;por 100 mil hab.;31
Curitiba;2005;TX_MORT_TOT;Taxa de mortalidade no trânsito;por 100 mil hab.;30,1
Curitiba;2006;TX_MORT_TOT;Taxa de mortalidade no trânsito;por 100 mil hab.;27
Curitiba;2007;TX_MORT_TOT;Taxa de mortalidade no trânsito;por 100 mil hab.;28,5
Curitiba;2008;TX_MORT_TOT;Taxa de mortalidade no trânsito;por 100 mil hab.;27,4
Curitiba;2009;TX_MORT_TOT;Taxa de mortalidade no trânsito;por 100 mil hab.;24,1
Curitiba;2010;TX_MORT_TOT;Taxa de mortalidade no trânsito;por 100 mil hab.;22,9
Curitiba;2011;TX_MORT_TOT;Taxa de mortalidade no trânsito;por 100 mil hab.;23,5
Curitiba;2012;TX_MORT_TOT;Taxa de mortalidade no trânsito;por 100 mil hab.;20
Curitiba;2013;TX_MORT_TOT;Taxa de mortalidade no trânsito;por 100 mil hab.;17,3
Curitiba;2014;TX_MORT_TOT;Taxa de mortalidade no trânsito;por 100 mil hab.;18,9
Curitiba;2015;TX_MORT_TOT;Taxa de mortalidade no trânsito;por 100 mil hab.;13,9
Curitiba;2016;TX_MORT_TOT;Taxa de mortalidade no trânsito;por 100 mil hab.;14,1
Curitiba;2017;TX_MORT_TOT;Taxa de mortalidade no trânsito;por 100 mil hab.;14,1
Curitiba;2018;TX_MORT_TOT;Taxa de mortalidade no trânsito;por 100 mil hab.;13,3
Curitiba;2019;TX_MORT_TOT;Taxa de mortalidade no trânsito;por 100 mil hab.;12,7256
Curitiba;2020;TX_MORT_TOT;Taxa de mortalidade no trânsito;por 100 mil hab.;12,4703
Curitiba;2021;TX_MORT_TOT;Taxa de mortalidade no trânsito;por 100 mil hab.;15,0734
Florianópolis;2000;TX_MORT_TOT;Taxa de mortalidade no trânsito;por 100 mil hab.;27,5
Florianópolis;2001;TX_MORT_TOT;Taxa de mortalidade no trânsito;por 100 mil hab.;24,1
Florianópolis;2002;TX_MORT_TOT;Taxa de mortalidade no trânsito;por 100 mil hab.;26,6
Florianópolis;2003;TX_MORT_TOT;Taxa de mortalidade no trânsito;por 100 mil hab.;25,2
Florianópolis;2004;TX_MORT_TOT;Taxa de mortalidade no trânsito;por 100 mil hab.;26,4
Florianópolis;2005;TX_MORT_TOT;Taxa de mortalidade no trânsito;por 100 mil hab.;30
Florianópolis;2006;TX_MORT_TOT;Taxa de mortalidade no trânsito;por 100 mil hab.;36,2
Florianópolis;2007;TX_MORT_TOT;Taxa de mortalidade no trânsito;por 100 mil hab.;29
Florianópolis;2008;TX_MORT_TOT;Taxa de mortalidade no trânsito;por 100 mil hab.;32,1
Florianópolis;2009;TX_MORT_TOT;Taxa de mortalidade no trânsito;por 100 mil hab.;22,3
Florianópolis;2010;TX_MORT_TOT;Taxa de mortalidade no trânsito;por 100 mil hab.;22,6
Florianópolis;2011;TX_MORT_TOT;Taxa de mortalidade no trânsito;por 100 mil hab.;19,7
Florianópolis;2012;TX_MORT_TOT;Taxa de mortalidade no trânsito;por 100 mil hab.;22,6
Florianópolis;2013;TX_MORT_TOT;Taxa de mortalidade no trânsito;por 100 mil hab.;14,6
Florianópolis;2014;TX_MORT_TOT;Taxa de mortalidade no trânsito;por 100 mil hab.;23
Florianópolis;2015;TX_MORT_TOT;Taxa de mortalidade no trânsito;por 100 mil hab.;13,4
Florianópolis;2016;TX_MORT_TOT;Taxa de mortalidade no trânsito;por 100 mil hab.;16,7
Florianópolis;2017;TX_MORT_TOT;Taxa de mortalidade no trânsito;por 100 mil hab.;12,6
Florianópolis;2018;TX_MORT_TOT;Taxa de mortalidade no trânsito;por 100 mil hab.;12,8
Florianópolis;2019;TX_MORT_TOT;Taxa de mortalidade no trânsito;por 100 mil hab.;9,9806
Florianópolis;2020;TX_MORT_TOT;Taxa de mortalidade no trânsito;por 100 mil hab.;10,8092
Florianópolis;2021;TX_MORT_TOT;Taxa de mortalidade no trânsito;por 100 mil hab.;8,3249
Fortaleza;2000;TX_MORT_TOT;Taxa de mortalidade no trânsito;por 100 mil hab.;20,4
Fortaleza;2001;TX_MORT_TOT;Taxa de mortalidade no trânsito;por 100 mil hab.;23,7
Fortaleza;2002;TX_MORT_TOT;Taxa de mortalidade no trânsito;por 100 mil hab.;28,5
Fortaleza;2003;TX_MORT_TOT;Taxa de mortalidade no trânsito;por 100 mil hab.;25,1
Fortaleza;2004;TX_MORT_TOT;Taxa de mortalidade no trânsito;por 100 mil hab.;26,2
Fortaleza;2005;TX_MORT_TOT;Taxa de mortalidade no trânsito;por 100 mil hab.;26,4
Fortaleza;2006;TX_MORT_TOT;Taxa de mortalidade no trânsito;por 100 mil hab.;25,3
Fortaleza;2007;TX_MORT_TOT;Taxa de mortalidade no trânsito;por 100 mil hab.;25,7
Fortaleza;2008;TX_MORT_TOT;Taxa de mortalidade no trânsito;por 100 mil hab.;17,7
Fortaleza;2009;TX_MORT_TOT;Taxa de mortalidade no trânsito;por 100 mil hab.;14,6
Fortaleza;2010;TX_MORT_TOT;Taxa de mortalidade no trânsito;por 100 mil hab.;24,8
Fortaleza;2011;TX_MORT_TOT;Taxa de mortalidade no trânsito;por 100 mil hab.;26,1
Fortaleza;2012;TX_MORT_TOT;Taxa de mortalidade no trânsito;por 100 mil hab.;27,2
Fortaleza;2013;TX_MORT_TOT;Taxa de mortalidade no trânsito;por 100 mil hab.;26,1
Fortaleza;2014;TX_MORT_TOT;Taxa de mortalidade no trânsito;por 100 mil hab.;29,1
Fortaleza;2015;TX_MORT_TOT;Taxa de mortalidade no trânsito;por 100 mil hab.;23,7
Fortaleza;2016;TX_MORT_TOT;Taxa de mortalidade no trânsito;por 100 mil hab.;19,5
Fortaleza;2017;TX_MORT_TOT;Taxa de mortalidade no trânsito;por 100 mil hab.;14,1
Fortaleza;2018;TX_MORT_TOT;Taxa de mortalidade no trânsito;por 100 mil hab.;12
Fortaleza;2019;TX_MORT_TOT;Taxa de mortalidade no trânsito;por 100 mil hab.;8,2417
Fortaleza;2020;TX_MORT_TOT;Taxa de mortalidade no trânsito;por 100 mil hab.;7,4815
Fortaleza;2021;TX_MORT_TOT;Taxa de mortalidade no trânsito;por 100 mil hab.;7,4721
Goiânia;2000;TX_MORT_TOT;Taxa de mortalidade no trânsito;por 100 mil hab.;44,5
Goiânia;2001;TX_MORT_TOT;Taxa de mortalidade no trânsito;por 100 mil hab.;39,9
Goiânia;2002;TX_MORT_TOT;Taxa de mortalidade no trânsito;por 100 mil hab.;47,4
Goiânia;2003;TX_MORT_TOT;Taxa de mortalidade no trânsito;por 100 mil hab.;48,8
Goiânia;2004;TX_MORT_TOT;Taxa de mortalidade no trânsito;por 100 mil hab.;48,1
Goiânia;2005;TX_MORT_TOT;Taxa de mortalidade no trânsito;por 100 mil hab.;48,3
Goiânia;2006;TX_MORT_TOT;Taxa de mortalidade no trânsito;por 100 mil hab.;42,9
Goiânia;2007;TX_MORT_TOT;Taxa de mortalidade no trânsito;por 100 mil hab.;47
Goiânia;2008;TX_MORT_TOT;Taxa de mortalidade no trânsito;por 100 mil hab.;47,2
Goiânia;2009;TX_MORT_TOT;Taxa de mortalidade no trânsito;por 100 mil hab.;47,3
Goiânia;2010;TX_MORT_TOT;Taxa de mortalidade no trânsito;por 100 mil hab.;51,8
Goiânia;2011;TX_MORT_TOT;Taxa de mortalidade no trânsito;por 100 mil hab.;42,4
Goiânia;2012;TX_MORT_TOT;Taxa de mortalidade no trânsito;por 100 mil hab.;44,8
Goiânia;2013;TX_MORT_TOT;Taxa de mortalidade no trânsito;por 100 mil hab.;37
Goiânia;2014;TX_MORT_TOT;Taxa de mortalidade no trânsito;por 100 mil hab.;38
Goiânia;2015;TX_MORT_TOT;Taxa de mortalidade no trânsito;por 100 mil hab.;30,1
Goiânia;2016;TX_MORT_TOT;Taxa de mortalidade no trânsito;por 100 mil hab.;31,6
Goiânia;2017;TX_MORT_TOT;Taxa de mortalidade no trânsito;por 100 mil hab.;27,7
Goiânia;2018;TX_MORT_TOT;Taxa de mortalidade no trânsito;por 100 mil hab.;25,2
Goiânia;2019;TX_MORT_TOT;Taxa de mortalidade no trânsito;por 100 mil hab.;23,8109
Goiânia;2020;TX_MORT_TOT;Taxa de mortalidade no trânsito;por 100 mil hab.;25,6494
Goiânia;2021;TX_MORT_TOT;Taxa de mortalidade no trânsito;por 100 mil hab.;29,6344
João Pessoa;2000;TX_MORT_TOT;Taxa de mortalidade no trânsito;por 100 mil hab.;26,1
João Pessoa;2001;TX_MORT_TOT;Taxa de mortalidade no trânsito;por 100 mil hab.;28,2
João Pessoa;2002;TX_MORT_TOT;Taxa de mortalidade no trânsito;por 100 mil hab.;32,6
João Pessoa;2003;TX_MORT_TOT;Taxa de mortalidade no trânsito;por 100 mil hab.;28,3
João Pessoa;2004;TX_MORT_TOT;Taxa de mortalidade no trânsito;por 100 mil hab.;27,4
João Pessoa;2005;TX_MORT_TOT;Taxa de mortalidade no trânsito;por 100 mil hab.;30,1
João Pessoa;2006;TX_MORT_TOT;Taxa de mortalidade no trânsito;por 100 mil hab.;25,9
João Pessoa;2007;TX_MORT_TOT;Taxa de mortalidade no trânsito;por 100 mil hab.;26,8
João Pessoa;2008;TX_MORT_TOT;Taxa de mortalidade no trânsito;por 100 mil hab.;28,7
João Pessoa;2009;TX_MORT_TOT;Taxa de mortalidade no trânsito;por 100 mil hab.;29,2
João Pessoa;2010;TX_MORT_TOT;Taxa de mortalidade no trânsito;por 100 mil hab.;31,2
João Pessoa;2011;TX_MORT_TOT;Taxa de mortalidade no trânsito;por 100 mil hab.;26,1
João Pessoa;2012;TX_MORT_TOT;Taxa de mortalidade no trânsito;por 100 mil hab.;28,7
João Pessoa;2013;TX_MORT_TOT;Taxa de mortalidade no trânsito;por 100 mil hab.;26,2
João Pessoa;2014;TX_MORT_TOT;Taxa de mortalidade no trânsito;por 100 mil hab.;25,4
João Pessoa;2015;TX_MORT_TOT;Taxa de mortalidade no trânsito;por 100 mil hab.;24,1
João Pessoa;2016;TX_MORT_TOT;Taxa de mortalidade no trânsito;por 100 mil hab.;27,6
João Pessoa;2017;TX_MORT_TOT;Taxa de mortalidade no trânsito;por 100 mil hab.;23,5
João Pessoa;2018;TX_MORT_TOT;Taxa de mortalidade no trânsito;por 100 mil hab.;21,5
João Pessoa;2019;TX_MORT_TOT;Taxa de mortalidade no trânsito;por 100 mil hab.;22,8673
João Pessoa;2020;TX_MORT_TOT;Taxa de mortalidade no trânsito;por 100 mil hab.;20,7948
João Pessoa;2021;TX_MORT_TOT;Taxa de mortalidade no trânsito;por 100 mil hab.;21,4339
Macapá;2000;TX_MORT_TOT;Taxa de mortalidade no trânsito;por 100 mil hab.;29,3
Macapá;2001;TX_MORT_TOT;Taxa de mortalidade no trânsito;por 100 mil hab.;34,1
Macapá;2002;TX_MORT_TOT;Taxa de mortalidade no trânsito;por 100 mil hab.;35,9
Macapá;2003;TX_MORT_TOT;Taxa de mortalidade no trânsito;por 100 mil hab.;30,4
Macapá;2004;TX_MORT_TOT;Taxa de mortalidade no trânsito;por 100 mil hab.;30
Macapá;2005;TX_MORT_TOT;Taxa de mortalidade no trânsito;por 100 mil hab.;25,3
Macapá;2006;TX_MORT_TOT;Taxa de mortalidade no trânsito;por 100 mil hab.;27,7
Macapá;2007;TX_MORT_TOT;Taxa de mortalidade no trânsito;por 100 mil hab.;24,1
Macapá;2008;TX_MORT_TOT;Taxa de mortalidade no trânsito;por 100 mil hab.;20,3
Macapá;2009;TX_MORT_TOT;Taxa de mortalidade no trânsito;por 100 mil hab.;24
Macapá;2010;TX_MORT_TOT;Taxa de mortalidade no trânsito;por 100 mil hab.;23,9
Macapá;2011;TX_MORT_TOT;Taxa de mortalidade no trânsito;por 100 mil hab.;28,7
Macapá;2012;TX_MORT_TOT;Taxa de mortalidade no trânsito;por 100 mil hab.;24,5
Macapá;2013;TX_MORT_TOT;Taxa de mortalidade no trânsito;por 100 mil hab.;18,5
Macapá;2014;TX_MORT_TOT;Taxa de mortalidade no trânsito;por 100 mil hab.;21
Macapá;2015;TX_MORT_TOT;Taxa de mortalidade no trânsito;por 100 mil hab.;16,2
Macapá;2016;TX_MORT_TOT;Taxa de mortalidade no trânsito;por 100 mil hab.;16,1
Macapá;2017;TX_MORT_TOT;Taxa de mortalidade no trânsito;por 100 mil hab.;15
Macapá;2018;TX_MORT_TOT;Taxa de mortalidade no trânsito;por 100 mil hab.;10,5
Macapá;2019;TX_MORT_TOT;Taxa de mortalidade no trânsito;por 100 mil hab.;12,318
Macapá;2020;TX_MORT_TOT;Taxa de mortalidade no trânsito;por 100 mil hab.;11,1132
Macapá;2021;TX_MORT_TOT;Taxa de mortalidade no trânsito;por 100 mil hab.;11,8693
Maceió;2000;TX_MORT_TOT;Taxa de mortalidade no trânsito;por 100 mil hab.;30,6
Maceió;2001;TX_MORT_TOT;Taxa de mortalidade no trânsito;por 100 mil hab.;37,1
Maceió;2002;TX_MORT_TOT;Taxa de mortalidade no trânsito;por 100 mil hab.;33,6
Maceió;2003;TX_MORT_TOT;Taxa de mortalidade no trânsito;por 100 mil hab.;26,2
Maceió;2004;TX_MORT_TOT;Taxa de mortalidade no trânsito;por 100 mil hab.;25,7
Maceió;2005;TX_MORT_TOT;Taxa de mortalidade no trânsito;por 100 mil hab.;26,6
Maceió;2006;TX_MORT_TOT;Taxa de mortalidade no trânsito;por 100 mil hab.;24,4
Maceió;2007;TX_MORT_TOT;Taxa de mortalidade no trânsito;por 100 mil hab.;22,6
Maceió;2008;TX_MORT_TOT;Taxa de mortalidade no trânsito;por 100 mil hab.;23,2
Maceió;2009;TX_MORT_TOT;Taxa de mortalidade no trânsito;por 100 mil hab.;21,6
Maceió;2010;TX_MORT_TOT;Taxa de mortalidade no trânsito;por 100 mil hab.;26,2
Maceió;2011;TX_MORT_TOT;Taxa de mortalidade no trânsito;por 100 mil hab.;28,2
Maceió;2012;TX_MORT_TOT;Taxa de mortalidade no trânsito;por 100 mil hab.;25,9
Maceió;2013;TX_MORT_TOT;Taxa de mortalidade no trânsito;por 100 mil hab.;21,3
Maceió;2014;TX_MORT_TOT;Taxa de mortalidade no trânsito;por 100 mil hab.;23,3
Maceió;2015;TX_MORT_TOT;Taxa de mortalidade no trânsito;por 100 mil hab.;20
Maceió;2016;TX_MORT_TOT;Taxa de mortalidade no trânsito;por 100 mil hab.;19,5
Maceió;2017;TX_MORT_TOT;Taxa de mortalidade no trânsito;por 100 mil hab.;15,9
Maceió;2018;TX_MORT_TOT;Taxa de mortalidade no trânsito;por 100 mil hab.;15,4
Maceió;2019;TX_MORT_TOT;Taxa de mortalidade no trânsito;por 100 mil hab.;16,4876
Maceió;2020;TX_MORT_TOT;Taxa de mortalidade no trânsito;por 100 mil hab.;20,9682
Maceió;2021;TX_MORT_TOT;Taxa de mortalidade no trânsito;por 100 mil hab.;15,0252
Manaus;2000;TX_MORT_TOT;Taxa de mortalidade no trânsito;por 100 mil hab.;18,3
Manaus;2001;TX_MORT_TOT;Taxa de mortalidade no trânsito;por 100 mil hab.;14,9
Manaus;2002;TX_MORT_TOT;Taxa de mortalidade no trânsito;por 100 mil hab.;15,5
Manaus;2003;TX_MORT_TOT;Taxa de mortalidade no trânsito;por 100 mil hab.;17
Manaus;2004;TX_MORT_TOT;Taxa de mortalidade no trânsito;por 100 mil hab.;16,5
Manaus;2005;TX_MORT_TOT;Taxa de mortalidade no trânsito;por 100 mil hab.;17,9
Manaus;2006;TX_MORT_TOT;Taxa de mortalidade no trânsito;por 100 mil hab.;20,7
Manaus;2007;TX_MORT_TOT;Taxa de mortalidade no trânsito;por 100 mil hab.;17,1
Manaus;2008;TX_MORT_TOT;Taxa de mortalidade no trânsito;por 100 mil hab.;16,1
Manaus;2009;TX_MORT_TOT;Taxa de mortalidade no trânsito;por 100 mil hab.;13,9
Manaus;2010;TX_MORT_TOT;Taxa de mortalidade no trânsito;por 100 mil hab.;19,1
Manaus;2011;TX_MORT_TOT;Taxa de mortalidade no trânsito;por 100 mil hab.;20
Manaus;2012;TX_MORT_TOT;Taxa de mortalidade no trânsito;por 100 mil hab.;17,2
Manaus;2013;TX_MORT_TOT;Taxa de mortalidade no trânsito;por 100 mil hab.;16,4
Manaus;2014;TX_MORT_TOT;Taxa de mortalidade no trânsito;por 100 mil hab.;16,1
Manaus;2015;TX_MORT_TOT;Taxa de mortalidade no trânsito;por 100 mil hab.;15,1
Manaus;2016;TX_MORT_TOT;Taxa de mortalidade no trânsito;por 100 mil hab.;13,6
Manaus;2017;TX_MORT_TOT;Taxa de mortalidade no trânsito;por 100 mil hab.;12,7
Manaus;2018;TX_MORT_TOT;Taxa de mortalidade no trânsito;por 100 mil hab.;12,8
Manaus;2019;TX_MORT_TOT;Taxa de mortalidade no trânsito;por 100 mil hab.;12,6445
Manaus;2020;TX_MORT_TOT;Taxa de mortalidade no trânsito;por 100 mil hab.;12,4798
Manaus;2021;TX_MORT_TOT;Taxa de mortalidade no trânsito;por 100 mil hab.;11,8799
Natal;2000;TX_MORT_TOT;Taxa de mortalidade no trânsito;por 100 mil hab.;21,8
Natal;2001;TX_MORT_TOT;Taxa de mortalidade no trânsito;por 100 mil hab.;20,2
Natal;2002;TX_MORT_TOT;Taxa de mortalidade no trânsito;por 100 mil hab.;15
Natal;2003;TX_MORT_TOT;Taxa de mortalidade no trânsito;por 100 mil hab.;14
Natal;2004;TX_MORT_TOT;Taxa de mortalidade no trânsito;por 100 mil hab.;12,7
Natal;2005;TX_MORT_TOT;Taxa de mortalidade no trânsito;por 100 mil hab.;14,4
Natal;2006;TX_MORT_TOT;Taxa de mortalidade no trânsito;por 100 mil hab.;10,3
Natal;2007;TX_MORT_TOT;Taxa de mortalidade no trânsito;por 100 mil hab.;10,8
Natal;2008;TX_MORT_TOT;Taxa de mortalidade no trânsito;por 100 mil hab.;13,8
Natal;2009;TX_MORT_TOT;Taxa de mortalidade no trânsito;por 100 mil hab.;12,7
Natal;2010;TX_MORT_TOT;Taxa de mortalidade no trânsito;por 100 mil hab.;19,9
Natal;2011;TX_MORT_TOT;Taxa de mortalidade no trânsito;por 100 mil hab.;15
Natal;2012;TX_MORT_TOT;Taxa de mortalidade no trânsito;por 100 mil hab.;14,6
Natal;2013;TX_MORT_TOT;Taxa de mortalidade no trânsito;por 100 mil hab.;14,4
Natal;2014;TX_MORT_TOT;Taxa de mortalidade no trânsito;por 100 mil hab.;16,4
Natal;2015;TX_MORT_TOT;Taxa de mortalidade no trânsito;por 100 mil hab.;13,3
Natal;2016;TX_MORT_TOT;Taxa de mortalidade no trânsito;por 100 mil hab.;12,2
Natal;2017;TX_MORT_TOT;Taxa de mortalidade no trânsito;por 100 mil hab.;16,2
Natal;2018;TX_MORT_TOT;Taxa de mortalidade no trânsito;por 100 mil hab.;15,8
Natal;2019;TX_MORT_TOT;Taxa de mortalidade no trânsito;por 100 mil hab.;11,9893
Natal;2020;TX_MORT_TOT;Taxa de mortalidade no trânsito;por 100 mil hab.;10,1069
Natal;2021;TX_MORT_TOT;Taxa de mortalidade no trânsito;por 100 mil hab.;10,3713
Palmas;2000;TX_MORT_TOT;Taxa de mortalidade no trânsito;por 100 mil hab.;53,9
Palmas;2001;TX_MORT_TOT;Taxa de mortalidade no trânsito;por 100 mil hab.;36,5
Palmas;2002;TX_MORT_TOT;Taxa de mortalidade no trânsito;por 100 mil hab.;43,4
Palmas;2003;TX_MORT_TOT;Taxa de mortalidade no trânsito;por 100 mil hab.;45,9
Palmas;2004;TX_MORT_TOT;Taxa de mortalidade no trânsito;por 100 mil hab.;36,2
Palmas;2005;TX_MORT_TOT;Taxa de mortalidade no trânsito;por 100 mil hab.;30,7
Palmas;2006;TX_MORT_TOT;Taxa de mortalidade no trânsito;por 100 mil hab.;34,4
Palmas;2007;TX_MORT_TOT;Taxa de mortalidade no trânsito;por 100 mil hab.;60,5
Palmas;2008;TX_MORT_TOT;Taxa de mortalidade no trânsito;por 100 mil hab.;43,5
Palmas;2009;TX_MORT_TOT;Taxa de mortalidade no trânsito;por 100 mil hab.;52,5
Palmas;2010;TX_MORT_TOT;Taxa de mortalidade no trânsito;por 100 mil hab.;45,1
Palmas;2011;TX_MORT_TOT;Taxa de mortalidade no trânsito;por 100 mil hab.;48,4
Palmas;2012;TX_MORT_TOT;Taxa de mortalidade no trânsito;por 100 mil hab.;44,2
Palmas;2013;TX_MORT_TOT;Taxa de mortalidade no trânsito;por 100 mil hab.;34,5
Palmas;2014;TX_MORT_TOT;Taxa de mortalidade no trânsito;por 100 mil hab.;41,4
Palmas;2015;TX_MORT_TOT;Taxa de mortalidade no trânsito;por 100 mil hab.;43,6
Palmas;2016;TX_MORT_TOT;Taxa de mortalidade no trânsito;por 100 mil hab.;37,9
Palmas;2017;TX_MORT_TOT;Taxa de mortalidade no trânsito;por 100 mil hab.;36,6
Palmas;2018;TX_MORT_TOT;Taxa de mortalidade no trânsito;por 100 mil hab.;34,6
Palmas;2019;TX_MORT_TOT;Taxa de mortalidade no trânsito;por 100 mil hab.;36,4394
Palmas;2020;TX_MORT_TOT;Taxa de mortalidade no trânsito;por 100 mil hab.;34,2806
Palmas;2021;TX_MORT_TOT;Taxa de mortalidade no trânsito;por 100 mil hab.;37,6577
Porto Alegre;2000;TX_MORT_TOT;Taxa de mortalidade no trânsito;por 100 mil hab.;26,8
Porto Alegre;2001;TX_MORT_TOT;Taxa de mortalidade no trânsito;por 100 mil hab.;22,4
Porto Alegre;2002;TX_MORT_TOT;Taxa de mortalidade no trânsito;por 100 mil hab.;27,2
Porto Alegre;2003;TX_MORT_TOT;Taxa de mortalidade no trânsito;por 100 mil hab.;24,7
Porto Alegre;2004;TX_MORT_TOT;Taxa de mortalidade no trânsito;por 100 mil hab.;23,2
Porto Alegre;2005;TX_MORT_TOT;Taxa de mortalidade no trânsito;por 100 mil hab.;21,2
Porto Alegre;2006;TX_MORT_TOT;Taxa de mortalidade no trânsito;por 100 mil hab.;18
Porto Alegre;2007;TX_MORT_TOT;Taxa de mortalidade no trânsito;por 100 mil hab.;17,5
Porto Alegre;2008;TX_MORT_TOT;Taxa de mortalidade no trânsito;por 100 mil hab.;18,9
Porto Alegre;2009;TX_MORT_TOT;Taxa de mortalidade no trânsito;por 100 mil hab.;18,9
Porto Alegre;2010;TX_MORT_TOT;Taxa de mortalidade no trânsito;por 100 mil hab.;17,5
Porto Alegre;2011;TX_MORT_TOT;Taxa de mortalidade no trânsito;por 100 mil hab.;14,9
Porto Alegre;2012;TX_MORT_TOT;Taxa de mortalidade no trânsito;por 100 mil hab.;11,6
Porto Alegre;2013;TX_MORT_TOT;Taxa de mortalidade no trânsito;por 100 mil hab.;12,4
Porto Alegre;2014;TX_MORT_TOT;Taxa de mortalidade no trânsito;por 100 mil hab.;12,8
Porto Alegre;2015;TX_MORT_TOT;Taxa de mortalidade no trânsito;por 100 mil hab.;10,6
Porto Alegre;2016;TX_MORT_TOT;Taxa de mortalidade no trânsito;por 100 mil hab.;10,9
Porto Alegre;2017;TX_MORT_TOT;Taxa de mortalidade no trânsito;por 100 mil hab.;9,4
Porto Alegre;2018;TX_MORT_TOT;Taxa de mortalidade no trânsito;por 100 mil hab.;8,2
Porto Alegre;2019;TX_MORT_TOT;Taxa de mortalidade no trânsito;por 100 mil hab.;8,2897
Porto Alegre;2020;TX_MORT_TOT;Taxa de mortalidade no trânsito;por 100 mil hab.;7,1896
Porto Alegre;2021;TX_MORT_TOT;Taxa de mortalidade no trânsito;por 100 mil hab.;7,772
Porto Velho;2000;TX_MORT_TOT;Taxa de mortalidade no trânsito;por 100 mil hab.;35,9
Porto Velho;2001;TX_MORT_TOT;Taxa de mortalidade no trânsito;por 100 mil hab.;25,1
Porto Velho;2002;TX_MORT_TOT;Taxa de mortalidade no trânsito;por 100 mil hab.;37,4
Porto Velho;2003;TX_MORT_TOT;Taxa de mortalidade no trânsito;por 100 mil hab.;35
Porto Velho;2004;TX_MORT_TOT;Taxa de mortalidade no trânsito;por 100 mil hab.;32,6
Porto Velho;2005;TX_MORT_TOT;Taxa de mortalidade no trânsito;por 100 mil hab.;27,8
Porto Velho;2006;TX_MORT_TOT;Taxa de mortalidade no trânsito;por 100 mil hab.;50,1
Porto Velho;2007;TX_MORT_TOT;Taxa de mortalidade no trânsito;por 100 mil hab.;46
Porto Velho;2008;TX_MORT_TOT;Taxa de mortalidade no trânsito;por 100 mil hab.;47,7
Porto Velho;2009;TX_MORT_TOT;Taxa de mortalidade no trânsito;por 100 mil hab.;51,2
Porto Velho;2010;TX_MORT_TOT;Taxa de mortalidade no trânsito;por 100 mil hab.;60,7
Porto Velho;2011;TX_MORT_TOT;Taxa de mortalidade no trânsito;por 100 mil hab.;56
Porto Velho;2012;TX_MORT_TOT;Taxa de mortalidade no trânsito;por 100 mil hab.;60,5
Porto Velho;2013;TX_MORT_TOT;Taxa de mortalidade no trânsito;por 100 mil hab.;42,1
Porto Velho;2014;TX_MORT_TOT;Taxa de mortalidade no trânsito;por 100 mil hab.;41,3
Porto Velho;2015;TX_MORT_TOT;Taxa de mortalidade no trânsito;por 100 mil hab.;35,4
Porto Velho;2016;TX_MORT_TOT;Taxa de mortalidade no trânsito;por 100 mil hab.;27,2
Porto Velho;2017;TX_MORT_TOT;Taxa de mortalidade no trânsito;por 100 mil hab.;23,3
Porto Velho;2018;TX_MORT_TOT;Taxa de mortalidade no trânsito;por 100 mil hab.;24,1
Porto Velho;2019;TX_MORT_TOT;Taxa de mortalidade no trânsito;por 100 mil hab.;20,0172
Porto Velho;2020;TX_MORT_TOT;Taxa de mortalidade no trânsito;por 100 mil hab.;21,3218
Porto Velho;2021;TX_MORT_TOT;Taxa de mortalidade no trânsito;por 100 mil hab.;17,8522
Recife;2000;TX_MORT_TOT;Taxa de mortalidade no trânsito;por 100 mil hab.;36
Recife;2001;TX_MORT_TOT;Taxa de mortalidade no trânsito;por 100 mil hab.;34,7
Recife;2002;TX_MORT_TOT;Taxa de mortalidade no trânsito;por 100 mil hab.;36
Recife;2003;TX_MORT_TOT;Taxa de mortalidade no trânsito;por 100 mil hab.;34,6
Recife;2004;TX_MORT_TOT;Taxa de mortalidade no trânsito;por 100 mil hab.;36,5
Recife;2005;TX_MORT_TOT;Taxa de mortalidade no trânsito;por 100 mil hab.;34,6
Recife;2006;TX_MORT_TOT;Taxa de mortalidade no trânsito;por 100 mil hab.;32,6
Recife;2007;TX_MORT_TOT;Taxa de mortalidade no trânsito;por 100 mil hab.;34,2
Recife;2008;TX_MORT_TOT;Taxa de mortalidade no trânsito;por 100 mil hab.;34,8
Recife;2009;TX_MORT_TOT;Taxa de mortalidade no trânsito;por 100 mil hab.;37,5
Recife;2010;TX_MORT_TOT;Taxa de mortalidade no trânsito;por 100 mil hab.;44,2
Recife;2011;TX_MORT_TOT;Taxa de mortalidade no trânsito;por 100 mil hab.;38,2
Recife;2012;TX_MORT_TOT;Taxa de mortalidade no trânsito;por 100 mil hab.;34,5
Recife;2013;TX_MORT_TOT;Taxa de mortalidade no trânsito;por 100 mil hab.;28,2
Recife;2014;TX_MORT_TOT;Taxa de mortalidade no trânsito;por 100 mil hab.;34,8
Recife;2015;TX_MORT_TOT;Taxa de mortalidade no trânsito;por 100 mil hab.;32,6
Recife;2016;TX_MORT_TOT;Taxa de mortalidade no trânsito;por 100 mil hab.;30,5
Recife;2017;TX_MORT_TOT;Taxa de mortalidade no trânsito;por 100 mil hab.;28,8
Recife;2018;TX_MORT_TOT;Taxa de mortalidade no trânsito;por 100 mil hab.;28,8
Recife;2019;TX_MORT_TOT;Taxa de mortalidade no trânsito;por 100 mil hab.;25,1561
Recife;2020;TX_MORT_TOT;Taxa de mortalidade no trânsito;por 100 mil hab.;24,6755
Recife;2021;TX_MORT_TOT;Taxa de mortalidade no trânsito;por 100 mil hab.;21,0714
Rio Branco;2000;TX_MORT_TOT;Taxa de mortalidade no trânsito;por 100 mil hab.;28,5
Rio Branco;2001;TX_MORT_TOT;Taxa de mortalidade no trânsito;por 100 mil hab.;31
Rio Branco;2002;TX_MORT_TOT;Taxa de mortalidade no trânsito;por 100 mil hab.;30,3
Rio Branco;2003;TX_MORT_TOT;Taxa de mortalidade no trânsito;por 100 mil hab.;24
Rio Branco;2004;TX_MORT_TOT;Taxa de mortalidade no trânsito;por 100 mil hab.;20,6
Rio Branco;2005;TX_MORT_TOT;Taxa de mortalidade no trânsito;por 100 mil hab.;23,2
Rio Branco;2006;TX_MORT_TOT;Taxa de mortalidade no trânsito;por 100 mil hab.;16,6
Rio Branco;2007;TX_MORT_TOT;Taxa de mortalidade no trânsito;por 100 mil hab.;27,9
Rio Branco;2008;TX_MORT_TOT;Taxa de mortalidade no trânsito;por 100 mil hab.;27,2
Rio Branco;2009;TX_MORT_TOT;Taxa de mortalidade no trânsito;por 100 mil hab.;32,4
Rio Branco;2010;TX_MORT_TOT;Taxa de mortalidade no trânsito;por 100 mil hab.;29,5
Rio Branco;2011;TX_MORT_TOT;Taxa de mortalidade no trânsito;por 100 mil hab.;30,1
Rio Branco;2012;TX_MORT_TOT;Taxa de mortalidade no trânsito;por 100 mil hab.;26,7
Rio Branco;2013;TX_MORT_TOT;Taxa de mortalidade no trânsito;por 100 mil hab.;23
Rio Branco;2014;TX_MORT_TOT;Taxa de mortalidade no trânsito;por 100 mil hab.;22
Rio Branco;2015;TX_MORT_TOT;Taxa de mortalidade no trânsito;por 100 mil hab.;18,1
Rio Branco;2016;TX_MORT_TOT;Taxa de mortalidade no trânsito;por 100 mil hab.;18,6
Rio Branco;2017;TX_MORT_TOT;Taxa de mortalidade no trânsito;por 100 mil hab.;16,7
Rio Branco;2018;TX_MORT_TOT;Taxa de mortalidade no trânsito;por 100 mil hab.;14
Rio Branco;2019;TX_MORT_TOT;Taxa de mortalidade no trânsito;por 100 mil hab.;15,958
Rio Branco;2020;TX_MORT_TOT;Taxa de mortalidade no trânsito;por 100 mil hab.;15,9645
Rio Branco;2021;TX_MORT_TOT;Taxa de mortalidade no trânsito;por 100 mil hab.;15,258
Rio de Janeiro;2000;TX_MORT_TOT;Taxa de mortalidade no trânsito;por 100 mil hab.;17,5
Rio de Janeiro;2001;TX_MORT_TOT;Taxa de mortalidade no trânsito;por 100 mil hab.;19,1
Rio de Janeiro;2002;TX_MORT_TOT;Taxa de mortalidade no trânsito;por 100 mil hab.;19,3
Rio de Janeiro;2003;TX_MORT_TOT;Taxa de mortalidade no trânsito;por 100 mil hab.;17,1
Rio de Janeiro;2004;TX_MORT_TOT;Taxa de mortalidade no trânsito;por 100 mil hab.;18,2
Rio de Janeiro;2005;TX_MORT_TOT;Taxa de mortalidade no trânsito;por 100 mil hab.;15,9
Rio de Janeiro;2006;TX_MORT_TOT;Taxa de mortalidade no trânsito;por 100 mil hab.;17,4
Rio de Janeiro;2007;TX_MORT_TOT;Taxa de mortalidade no trânsito;por 100 mil hab.;11,8
Rio de Janeiro;2008;TX_MORT_TOT;Taxa de mortalidade no trânsito;por 100 mil hab.;14,5
Rio de Janeiro;2009;TX_MORT_TOT;Taxa de mortalidade no trânsito;por 100 mil hab.;13,8
Rio de Janeiro;2010;TX_MORT_TOT;Taxa de mortalidade no trânsito;por 100 mil hab.;15,7
Rio de Janeiro;2011;TX_MORT_TOT;Taxa de mortalidade no trânsito;por 100 mil hab.;12,9
Rio de Janeiro;2012;TX_MORT_TOT;Taxa de mortalidade no trânsito;por 100 mil hab.;16,7
Rio de Janeiro;2013;TX_MORT_TOT;Taxa de mortalidade no trânsito;por 100 mil hab.;14,8
Rio de Janeiro;2014;TX_MORT_TOT;Taxa de mortalidade no trânsito;por 100 mil hab.;16,2
Rio de Janeiro;2015;TX_MORT_TOT;Taxa de mortalidade no trânsito;por 100 mil hab.;9,4
Rio de Janeiro;2016;TX_MORT_TOT;Taxa de mortalidade no trânsito;por 100 mil hab.;11,5
Rio de Janeiro;2017;TX_MORT_TOT;Taxa de mortalidade no trânsito;por 100 mil hab.;10,8
Rio de Janeiro;2018;TX_MORT_TOT;Taxa de mortalidade no trânsito;por 100 mil hab.;10,3
Rio de Janeiro;2019;TX_MORT_TOT;Taxa de mortalidade no trânsito;por 100 mil hab.;5,7301
Rio de Janeiro;2020;TX_MORT_TOT;Taxa de mortalidade no trânsito;por 100 mil hab.;9,8402
Rio de Janeiro;2021;TX_MORT_TOT;Taxa de mortalidade no trânsito;por 100 mil hab.;9,8737
Salvador;2000;TX_MORT_TOT;Taxa de mortalidade no trânsito;por 100 mil hab.;5
Salvador;2001;TX_MORT_TOT;Taxa de mortalidade no trânsito;por 100 mil hab.;6,8
Salvador;2002;TX_MORT_TOT;Taxa de mortalidade no trânsito;por 100 mil hab.;7
Salvador;2003;TX_MORT_TOT;Taxa de mortalidade no trânsito;por 100 mil hab.;6,7
Salvador;2004;TX_MORT_TOT;Taxa de mortalidade no trânsito;por 100 mil hab.;5,4
Salvador;2005;TX_MORT_TOT;Taxa de mortalidade no trânsito;por 100 mil hab.;18,3
Salvador;2006;TX_MORT_TOT;Taxa de mortalidade no trânsito;por 100 mil hab.;17,8
Salvador;2007;TX_MORT_TOT;Taxa de mortalidade no trânsito;por 100 mil hab.;13,6
Salvador;2008;TX_MORT_TOT;Taxa de mortalidade no trânsito;por 100 mil hab.;5,6
Salvador;2009;TX_MORT_TOT;Taxa de mortalidade no trânsito;por 100 mil hab.;5,5
Salvador;2010;TX_MORT_TOT;Taxa de mortalidade no trânsito;por 100 mil hab.;17,6
Salvador;2011;TX_MORT_TOT;Taxa de mortalidade no trânsito;por 100 mil hab.;15
Salvador;2012;TX_MORT_TOT;Taxa de mortalidade no trânsito;por 100 mil hab.;16,7
Salvador;2013;TX_MORT_TOT;Taxa de mortalidade no trânsito;por 100 mil hab.;13,4
Salvador;2014;TX_MORT_TOT;Taxa de mortalidade no trânsito;por 100 mil hab.;13,6
Salvador;2015;TX_MORT_TOT;Taxa de mortalidade no trânsito;por 100 mil hab.;10,8
Salvador;2016;TX_MORT_TOT;Taxa de mortalidade no trânsito;por 100 mil hab.;8,5
Salvador;2017;TX_MORT_TOT;Taxa de mortalidade no trânsito;por 100 mil hab.;8,5
Salvador;2018;TX_MORT_TOT;Taxa de mortalidade no trânsito;por 100 mil hab.;6,5
Salvador;2019;TX_MORT_TOT;Taxa de mortalidade no trânsito;por 100 mil hab.;6,4407
Salvador;2020;TX_MORT_TOT;Taxa de mortalidade no trânsito;por 100 mil hab.;6,963
Salvador;2021;TX_MORT_TOT;Taxa de mortalidade no trânsito;por 100 mil hab.;5,8614
São Luís;2000;TX_MORT_TOT;Taxa de mortalidade no trânsito;por 100 mil hab.;12,5
São Luís;2001;TX_MORT_TOT;Taxa de mortalidade no trânsito;por 100 mil hab.;17,5
São Luís;2002;TX_MORT_TOT;Taxa de mortalidade no trânsito;por 100 mil hab.;20,7
São Luís;2003;TX_MORT_TOT;Taxa de mortalidade no trânsito;por 100 mil hab.;20
São Luís;2004;TX_MORT_TOT;Taxa de mortalidade no trânsito;por 100 mil hab.;19,9
São Luís;2005;TX_MORT_TOT;Taxa de mortalidade no trânsito;por 100 mil hab.;22,5
São Luís;2006;TX_MORT_TOT;Taxa de mortalidade no trânsito;por 100 mil hab.;21
São Luís;2007;TX_MORT_TOT;Taxa de mortalidade no trânsito;por 100 mil hab.;25,3
São Luís;2008;TX_MORT_TOT;Taxa de mortalidade no trânsito;por 100 mil hab.;29,9
São Luís;2009;TX_MORT_TOT;Taxa de mortalidade no trânsito;por 100 mil hab.;28,2
São Luís;2010;TX_MORT_TOT;Taxa de mortalidade no trânsito;por 100 mil hab.;29,3
São Luís;2011;TX_MORT_TOT;Taxa de mortalidade no trânsito;por 100 mil hab.;29,4
São Luís;2012;TX_MORT_TOT;Taxa de mortalidade no trânsito;por 100 mil hab.;32,3
São Luís;2013;TX_MORT_TOT;Taxa de mortalidade no trânsito;por 100 mil hab.;27,3
São Luís;2014;TX_MORT_TOT;Taxa de mortalidade no trânsito;por 100 mil hab.;26,2
São Luís;2015;TX_MORT_TOT;Taxa de mortalidade no trânsito;por 100 mil hab.;23,7
São Luís;2016;TX_MORT_TOT;Taxa de mortalidade no trânsito;por 100 mil hab.;22,4
São Luís;2017;TX_MORT_TOT;Taxa de mortalidade no trânsito;por 100 mil hab.;18,5
São Luís;2018;TX_MORT_TOT;Taxa de mortalidade no trânsito;por 100 mil hab.;17,7
São Luís;2019;TX_MORT_TOT;Taxa de mortalidade no trânsito;por 100 mil hab.;19,2398
São Luís;2020;TX_MORT_TOT;Taxa de mortalidade no trânsito;por 100 mil hab.;19,2971
São Luís;2021;TX_MORT_TOT;Taxa de mortalidade no trânsito;por 100 mil hab.;20,3417
São Paulo;2000;TX_MORT_TOT;Taxa de mortalidade no trânsito;por 100 mil hab.;6,9
São Paulo;2001;TX_MORT_TOT;Taxa de mortalidade no trânsito;por 100 mil hab.;16
São Paulo;2002;TX_MORT_TOT;Taxa de mortalidade no trânsito;por 100 mil hab.;7,8
São Paulo;2003;TX_MORT_TOT;Taxa de mortalidade no trânsito;por 100 mil hab.;14,3
São Paulo;2004;TX_MORT_TOT;Taxa de mortalidade no trânsito;por 100 mil hab.;13,3
São Paulo;2005;TX_MORT_TOT;Taxa de mortalidade no trânsito;por 100 mil hab.;14,4
São Paulo;2006;TX_MORT_TOT;Taxa de mortalidade no trânsito;por 100 mil hab.;14,4
São Paulo;2007;TX_MORT_TOT;Taxa de mortalidade no trânsito;por 100 mil hab.;15,1
São Paulo;2008;TX_MORT_TOT;Taxa de mortalidade no trânsito;por 100 mil hab.;14,2
São Paulo;2009;TX_MORT_TOT;Taxa de mortalidade no trânsito;por 100 mil hab.;13,4
São Paulo;2010;TX_MORT_TOT;Taxa de mortalidade no trânsito;por 100 mil hab.;13
São Paulo;2011;TX_MORT_TOT;Taxa de mortalidade no trânsito;por 100 mil hab.;13
São Paulo;2012;TX_MORT_TOT;Taxa de mortalidade no trânsito;por 100 mil hab.;11,8
São Paulo;2013;TX_MORT_TOT;Taxa de mortalidade no trânsito;por 100 mil hab.;10,4
São Paulo;2014;TX_MORT_TOT;Taxa de mortalidade no trânsito;por 100 mil hab.;11,1
São Paulo;2015;TX_MORT_TOT;Taxa de mortalidade no trânsito;por 100 mil hab.;9
São Paulo;2016;TX_MORT_TOT;Taxa de mortalidade no trânsito;por 100 mil hab.;7,9
São Paulo;2017;TX_MORT_TOT;Taxa de mortalidade no trânsito;por 100 mil hab.;5,7
São Paulo;2018;TX_MORT_TOT;Taxa de mortalidade no trânsito;por 100 mil hab.;2,2
São Paulo;2019;TX_MORT_TOT;Taxa de mortalidade no trânsito;por 100 mil hab.;6,2194
São Paulo;2020;TX_MORT_TOT;Taxa de mortalidade no trânsito;por 100 mil hab.;6,7017
São Paulo;2021;TX_MORT_TOT;Taxa de mortalidade no trânsito;por 100 mil hab.;5,5258
Teresina;2000;TX_MORT_TOT;Taxa de mortalidade no trânsito;por 100 mil hab.;31,2
Teresina;2001;TX_MORT_TOT;Taxa de mortalidade no trânsito;por 100 mil hab.;34,6
Teresina;2002;TX_MORT_TOT;Taxa de mortalidade no trânsito;por 100 mil hab.;37,4
Teresina;2003;TX_MORT_TOT;Taxa de mortalidade no trânsito;por 100 mil hab.;38,5
Teresina;2004;TX_MORT_TOT;Taxa de mortalidade no trânsito;por 100 mil hab.;36,6
Teresina;2005;TX_MORT_TOT;Taxa de mortalidade no trânsito;por 100 mil hab.;35
Teresina;2006;TX_MORT_TOT;Taxa de mortalidade no trânsito;por 100 mil hab.;44,1
Teresina;2007;TX_MORT_TOT;Taxa de mortalidade no trânsito;por 100 mil hab.;49,2
Teresina;2008;TX_MORT_TOT;Taxa de mortalidade no trânsito;por 100 mil hab.;46,6
Teresina;2009;TX_MORT_TOT;Taxa de mortalidade no trânsito;por 100 mil hab.;46,6
Teresina;2010;TX_MORT_TOT;Taxa de mortalidade no trânsito;por 100 mil hab.;57,8
Teresina;2011;TX_MORT_TOT;Taxa de mortalidade no trânsito;por 100 mil hab.;53,1
Teresina;2012;TX_MORT_TOT;Taxa de mortalidade no trânsito;por 100 mil hab.;57,2
Teresina;2013;TX_MORT_TOT;Taxa de mortalidade no trânsito;por 100 mil hab.;55,9
Teresina;2014;TX_MORT_TOT;Taxa de mortalidade no trânsito;por 100 mil hab.;61,4
Teresina;2015;TX_MORT_TOT;Taxa de mortalidade no trânsito;por 100 mil hab.;51,6
Teresina;2016;TX_MORT_TOT;Taxa de mortalidade no trânsito;por 100 mil hab.;50,3
Teresina;2017;TX_MORT_TOT;Taxa de mortalidade no trânsito;por 100 mil hab.;37,4
Teresina;2018;TX_MORT_TOT;Taxa de mortalidade no trânsito;por 100 mil hab.;36,1
Teresina;2019;TX_MORT_TOT;Taxa de mortalidade no trânsito;por 100 mil hab.;33,3008
Teresina;2020;TX_MORT_TOT;Taxa de mortalidade no trânsito;por 100 mil hab.;33,868
Teresina;2021;TX_MORT_TOT;Taxa de mortalidade no trânsito;por 100 mil hab.;33,1755
Vitória;2000;TX_MORT_TOT;Taxa de mortalidade no trânsito;por 100 mil hab.;48,9
Vitória;2001;TX_MORT_TOT;Taxa de mortalidade no trânsito;por 100 mil hab.;51,3
Vitória;2002;TX_MORT_TOT;Taxa de mortalidade no trânsito;por 100 mil hab.;53,8
Vitória;2003;TX_MORT_TOT;Taxa de mortalidade no trânsito;por 100 mil hab.;52,9
Vitória;2004;TX_MORT_TOT;Taxa de mortalidade no trânsito;por 100 mil hab.;51,7
Vitória;2005;TX_MORT_TOT;Taxa de mortalidade no trânsito;por 100 mil hab.;55,5
Vitória;2006;TX_MORT_TOT;Taxa de mortalidade no trânsito;por 100 mil hab.;48,3
Vitória;2007;TX_MORT_TOT;Taxa de mortalidade no trânsito;por 100 mil hab.;51,3
Vitória;2008;TX_MORT_TOT;Taxa de mortalidade no trânsito;por 100 mil hab.;53,8
Vitória;2009;TX_MORT_TOT;Taxa de mortalidade no trânsito;por 100 mil hab.;45,6
Vitória;2010;TX_MORT_TOT;Taxa de mortalidade no trânsito;por 100 mil hab.;48,5
Vitória;2011;TX_MORT_TOT;Taxa de mortalidade no trânsito;por 100 mil hab.;36,6
Vitória;2012;TX_MORT_TOT;Taxa de mortalidade no trânsito;por 100 mil hab.;35,4
Vitória;2013;TX_MORT_TOT;Taxa de mortalidade no trânsito;por 100 mil hab.;35,3
Vitória;2014;TX_MORT_TOT;Taxa de mortalidade no trânsito;por 100 mil hab.;27,3
Vitória;2015;TX_MORT_TOT;Taxa de mortalidade no trânsito;por 100 mil hab.;23
Vitória;2016;TX_MORT_TOT;Taxa de mortalidade no trânsito;por 100 mil hab.;28,1
Vitória;2017;TX_MORT_TOT;Taxa de mortalidade no trânsito;por 100 mil hab.;29,7
Vitória;2018;TX_MORT_TOT;Taxa de mortalidade no trânsito;por 100 mil hab.;27,6
Vitória;2019;TX_MORT_TOT;Taxa de mortalidade no trânsito;por 100 mil hab.;24,8552
Vitória;2020;TX_MORT_TOT;Taxa de mortalidade no trânsito;por 100 mil hab.;32,5265
Vitória;2021;TX_MORT_TOT;Taxa de mortalidade no trânsito;por 100 mil hab.;43,839
Aracaju;2001;TX_MOTO;Taxa de motorização;veículos por mil hab.;299,2097
Aracaju;2002;TX_MOTO;Taxa de motorização;veículos por mil hab.;312,9342
Aracaju;2003;TX_MOTO;Taxa de motorização;veículos por mil hab.;331,4359
Aracaju;2004;TX_MOTO;Taxa de motorização;veículos por mil hab.;235,0955
Aracaju;2005;TX_MOTO;Taxa de motorização;veículos por mil hab.;244,5294
Aracaju;2006;TX_MOTO;Taxa de motorização;veículos por mil hab.;259,2195
Aracaju;2007;TX_MOTO;Taxa de motorização;veículos por mil hab.;274,7534
Aracaju;2008;TX_MOTO;Taxa de motorização;veículos por mil hab.;290,7631
Aracaju;2009;TX_MOTO;Taxa de motorização;veículos por mil hab.;319,9329
Aracaju;2010;TX_MOTO;Taxa de motorização;veículos por mil hab.;336,4761
Aracaju;2011;TX_MOTO;Taxa de motorização;veículos por mil hab.;361,0824
Aracaju;2012;TX_MOTO;Taxa de motorização;veículos por mil hab.;382,7644
Aracaju;2013;TX_MOTO;Taxa de motorização;veículos por mil hab.;389,1978
Aracaju;2014;TX_MOTO;Taxa de motorização;veículos por mil hab.;403,7492
Aracaju;2015;TX_MOTO;Taxa de motorização;veículos por mil hab.;414,3461
Aracaju;2016;TX_MOTO;Taxa de motorização;veículos por mil hab.;417,7948
Aracaju;2017;TX_MOTO;Taxa de motorização;veículos por mil hab.;422,8895
Aracaju;2018;TX_MOTO;Taxa de motorização;veículos por mil hab.;434,161
Aracaju;2019;TX_MOTO;Taxa de motorização;veículos por mil hab.;440,4844
Aracaju;2020;TX_MOTO;Taxa de motorização;veículos por mil hab.;439,7917
Aracaju;2021;TX_MOTO;Taxa de motorização;veículos por mil hab.;441,8061
Aracaju;2022;TX_MOTO;Taxa de motorização;veículos por mil hab.;504
Belém;2001;TX_MOTO;Taxa de motorização;veículos por mil hab.;103,1109
Belém;2002;TX_MOTO;Taxa de motorização;veículos por mil hab.;106,2688
Belém;2003;TX_MOTO;Taxa de motorização;veículos por mil hab.;110,0602
Belém;2004;TX_MOTO;Taxa de motorização;veículos por mil hab.;112,4198
Belém;2005;TX_MOTO;Taxa de motorização;veículos por mil hab.;118,1552
Belém;2006;TX_MOTO;Taxa de motorização;veículos por mil hab.;125,866
Belém;2007;TX_MOTO;Taxa de motorização;veículos por mil hab.;141,5675
Belém;2008;TX_MOTO;Taxa de motorização;veículos por mil hab.;155,1899
Belém;2009;TX_MOTO;Taxa de motorização;veículos por mil hab.;171,4274
Belém;2010;TX_MOTO;Taxa de motorização;veículos por mil hab.;195,9166
Belém;2011;TX_MOTO;Taxa de motorização;veículos por mil hab.;214,1263
Belém;2012;TX_MOTO;Taxa de motorização;veículos por mil hab.;231,1295
Belém;2013;TX_MOTO;Taxa de motorização;veículos por mil hab.;245,8234
Belém;2014;TX_MOTO;Taxa de motorização;veículos por mil hab.;259,3786
Belém;2015;TX_MOTO;Taxa de motorização;veículos por mil hab.;269,6489
Belém;2016;TX_MOTO;Taxa de motorização;veículos por mil hab.;277,6717
Belém;2017;TX_MOTO;Taxa de motorização;veículos por mil hab.;282,8955
Belém;2018;TX_MOTO;Taxa de motorização;veículos por mil hab.;285,6296
Belém;2019;TX_MOTO;Taxa de motorização;veículos por mil hab.;295,5006
Belém;2020;TX_MOTO;Taxa de motorização;veículos por mil hab.;305,073
Belém;2021;TX_MOTO;Taxa de motorização;veículos por mil hab.;311,1596
Belém;2022;TX_MOTO;Taxa de motorização;veículos por mil hab.;370
Belo Horizonte;2001;TX_MOTO;Taxa de motorização;veículos por mil hab.;291,7542
Belo Horizonte;2002;TX_MOTO;Taxa de motorização;veículos por mil hab.;303,5591
Belo Horizonte;2003;TX_MOTO;Taxa de motorização;veículos por mil hab.;318,4149
Belo Horizonte;2004;TX_MOTO;Taxa de motorização;veículos por mil hab.;325,9014
Belo Horizonte;2005;TX_MOTO;Taxa de motorização;veículos por mil hab.;339,8081
Belo Horizonte;2006;TX_MOTO;Taxa de motorização;veículos por mil hab.;364,2296
Belo Horizonte;2007;TX_MOTO;Taxa de motorização;veículos por mil hab.;398,5782
Belo Horizonte;2008;TX_MOTO;Taxa de motorização;veículos por mil hab.;436,4282
Belo Horizonte;2009;TX_MOTO;Taxa de motorização;veículos por mil hab.;474,7753
Belo Horizonte;2010;TX_MOTO;Taxa de motorização;veículos por mil hab.;535,6472
Belo Horizonte;2011;TX_MOTO;Taxa de motorização;veículos por mil hab.;572,6778
Belo Horizonte;2012;TX_MOTO;Taxa de motorização;veículos por mil hab.;603,0178
Belo Horizonte;2013;TX_MOTO;Taxa de motorização;veículos por mil hab.;612,5667
Belo Horizonte;2014;TX_MOTO;Taxa de motorização;veículos por mil hab.;636,4053
Belo Horizonte;2015;TX_MOTO;Taxa de motorização;veículos por mil hab.;653,4053
Belo Horizonte;2016;TX_MOTO;Taxa de motorização;veículos por mil hab.;678,0526
Belo Horizonte;2017;TX_MOTO;Taxa de motorização;veículos por mil hab.;724,3174
Belo Horizonte;2018;TX_MOTO;Taxa de motorização;veículos por mil hab.;797,1595
Belo Horizonte;2019;TX_MOTO;Taxa de motorização;veículos por mil hab.;873,2699
Belo Horizonte;2020;TX_MOTO;Taxa de motorização;veículos por mil hab.;866,9306
Belo Horizonte;2021;TX_MOTO;Taxa de motorização;veículos por mil hab.;905,0575
Belo Horizonte;2022;TX_MOTO;Taxa de motorização;veículos por mil hab.;1080
Boa Vista;2001;TX_MOTO;Taxa de motorização;veículos por mil hab.;180,1222
Boa Vista;2002;TX_MOTO;Taxa de motorização;veículos por mil hab.;197,7664
Boa Vista;2003;TX_MOTO;Taxa de motorização;veículos por mil hab.;218,3534
Boa Vista;2004;TX_MOTO;Taxa de motorização;veículos por mil hab.;224,7005
Boa Vista;2005;TX_MOTO;Taxa de motorização;veículos por mil hab.;234,8387
Boa Vista;2006;TX_MOTO;Taxa de motorização;veículos por mil hab.;252,0759
Boa Vista;2007;TX_MOTO;Taxa de motorização;veículos por mil hab.;294,257
Boa Vista;2008;TX_MOTO;Taxa de motorização;veículos por mil hab.;321,408
Boa Vista;2009;TX_MOTO;Taxa de motorização;veículos por mil hab.;353,9515
Boa Vista;2010;TX_MOTO;Taxa de motorização;veículos por mil hab.;377,7879
Boa Vista;2011;TX_MOTO;Taxa de motorização;veículos por mil hab.;407,3488
Boa Vista;2012;TX_MOTO;Taxa de motorização;veículos por mil hab.;432,6153
Boa Vista;2013;TX_MOTO;Taxa de motorização;veículos por mil hab.;449,0414
Boa Vista;2014;TX_MOTO;Taxa de motorização;veículos por mil hab.;473,7949
Boa Vista;2015;TX_MOTO;Taxa de motorização;veículos por mil hab.;494,7523
Boa Vista;2016;TX_MOTO;Taxa de motorização;veículos por mil hab.;510,2001
Boa Vista;2017;TX_MOTO;Taxa de motorização;veículos por mil hab.;524,1491
Boa Vista;2018;TX_MOTO;Taxa de motorização;veículos por mil hab.;482,5934
Boa Vista;2019;TX_MOTO;Taxa de motorização;veículos por mil hab.;472,705
Boa Vista;2020;TX_MOTO;Taxa de motorização;veículos por mil hab.;467,6661
Boa Vista;2021;TX_MOTO;Taxa de motorização;veículos por mil hab.;469,0454
Boa Vista;2022;TX_MOTO;Taxa de motorização;veículos por mil hab.;519
Brasília;2001;TX_MOTO;Taxa de motorização;veículos por mil hab.;290,9599
Brasília;2002;TX_MOTO;Taxa de motorização;veículos por mil hab.;303,6113
Brasília;2003;TX_MOTO;Taxa de motorização;veículos por mil hab.;316,531
Brasília;2004;TX_MOTO;Taxa de motorização;veículos por mil hab.;322,8699
Brasília;2005;TX_MOTO;Taxa de motorização;veículos por mil hab.;335,423
Brasília;2006;TX_MOTO;Taxa de motorização;veículos por mil hab.;354,7205
Brasília;2007;TX_MOTO;Taxa de motorização;veículos por mil hab.;377,0833
Brasília;2008;TX_MOTO;Taxa de motorização;veículos por mil hab.;393,7784
Brasília;2009;TX_MOTO;Taxa de motorização;veículos por mil hab.;420,6526
Brasília;2010;TX_MOTO;Taxa de motorização;veículos por mil hab.;463,0303
Brasília;2011;TX_MOTO;Taxa de motorização;veículos por mil hab.;488,2479
Brasília;2012;TX_MOTO;Taxa de motorização;veículos por mil hab.;514,0319
Brasília;2013;TX_MOTO;Taxa de motorização;veículos por mil hab.;518,7068
Brasília;2014;TX_MOTO;Taxa de motorização;veículos por mil hab.;532,3152
Brasília;2015;TX_MOTO;Taxa de motorização;veículos por mil hab.;541,5904
Brasília;2016;TX_MOTO;Taxa de motorização;veículos por mil hab.;546,386
Brasília;2017;TX_MOTO;Taxa de motorização;veículos por mil hab.;551,7466
Brasília;2018;TX_MOTO;Taxa de motorização;veículos por mil hab.;583,3722
Brasília;2019;TX_MOTO;Taxa de motorização;veículos por mil hab.;598,3153
Brasília;2020;TX_MOTO;Taxa de motorização;veículos por mil hab.;605,9511
Brasília;2021;TX_MOTO;Taxa de motorização;veículos por mil hab.;612,3659
Brasília;2022;TX_MOTO;Taxa de motorização;veículos por mil hab.;687
Campo Grande;2001;TX_MOTO;Taxa de motorização;veículos por mil hab.;258,6544
Campo Grande;2002;TX_MOTO;Taxa de motorização;veículos por mil hab.;275,6339
Campo Grande;2003;TX_MOTO;Taxa de motorização;veículos por mil hab.;288,7581
Campo Grande;2004;TX_MOTO;Taxa de motorização;veículos por mil hab.;298,3557
Campo Grande;2005;TX_MOTO;Taxa de motorização;veículos por mil hab.;316,2712
Campo Grande;2006;TX_MOTO;Taxa de motorização;veículos por mil hab.;335,0121
Campo Grande;2007;TX_MOTO;Taxa de motorização;veículos por mil hab.;387,0762
Campo Grande;2008;TX_MOTO;Taxa de motorização;veículos por mil hab.;409,3336
Campo Grande;2009;TX_MOTO;Taxa de motorização;veículos por mil hab.;438,9232
Campo Grande;2010;TX_MOTO;Taxa de motorização;veículos por mil hab.;460,0844
Campo Grande;2011;TX_MOTO;Taxa de motorização;veículos por mil hab.;492,3617
Campo Grande;2012;TX_MOTO;Taxa de motorização;veículos por mil hab.;520,8487
Campo Grande;2013;TX_MOTO;Taxa de motorização;veículos por mil hab.;536,4017
Campo Grande;2014;TX_MOTO;Taxa de motorização;veículos por mil hab.;559,9476
Campo Grande;2015;TX_MOTO;Taxa de motorização;veículos por mil hab.;577,1489
Campo Grande;2016;TX_MOTO;Taxa de motorização;veículos por mil hab.;588,0921
Campo Grande;2017;TX_MOTO;Taxa de motorização;veículos por mil hab.;601,9618
Campo Grande;2018;TX_MOTO;Taxa de motorização;veículos por mil hab.;616,971
Campo Grande;2019;TX_MOTO;Taxa de motorização;veículos por mil hab.;633,4022
Campo Grande;2020;TX_MOTO;Taxa de motorização;veículos por mil hab.;641,4889
Campo Grande;2021;TX_MOTO;Taxa de motorização;veículos por mil hab.;648,9676
Campo Grande;2022;TX_MOTO;Taxa de motorização;veículos por mil hab.;680
Cuiabá;2001;TX_MOTO;Taxa de motorização;veículos por mil hab.;221,078
Cuiabá;2002;TX_MOTO;Taxa de motorização;veículos por mil hab.;232,8719
Cuiabá;2003;TX_MOTO;Taxa de motorização;veículos por mil hab.;243,7342
Cuiabá;2004;TX_MOTO;Taxa de motorização;veículos por mil hab.;255,8771
Cuiabá;2005;TX_MOTO;Taxa de motorização;veículos por mil hab.;277,0007
Cuiabá;2006;TX_MOTO;Taxa de motorização;veículos por mil hab.;294,1232
Cuiabá;2007;TX_MOTO;Taxa de motorização;veículos por mil hab.;333,1701
Cuiabá;2008;TX_MOTO;Taxa de motorização;veículos por mil hab.;362,4959
Cuiabá;2009;TX_MOTO;Taxa de motorização;veículos por mil hab.;404,0871
Cuiabá;2010;TX_MOTO;Taxa de motorização;veículos por mil hab.;448,0147
Cuiabá;2011;TX_MOTO;Taxa de motorização;veículos por mil hab.;487,3135
Cuiabá;2012;TX_MOTO;Taxa de motorização;veículos por mil hab.;521,0759
Cuiabá;2013;TX_MOTO;Taxa de motorização;veículos por mil hab.;553,0404
Cuiabá;2014;TX_MOTO;Taxa de motorização;veículos por mil hab.;583,5303
Cuiabá;2015;TX_MOTO;Taxa de motorização;veículos por mil hab.;601,7082
Cuiabá;2016;TX_MOTO;Taxa de motorização;veículos por mil hab.;613,094
Cuiabá;2017;TX_MOTO;Taxa de motorização;veículos por mil hab.;625,4529
Cuiabá;2018;TX_MOTO;Taxa de motorização;veículos por mil hab.;632,712
Cuiabá;2019;TX_MOTO;Taxa de motorização;veículos por mil hab.;653,3376
Cuiabá;2020;TX_MOTO;Taxa de motorização;veículos por mil hab.;665,6415
Cuiabá;2021;TX_MOTO;Taxa de motorização;veículos por mil hab.;675,2639
Cuiabá;2022;TX_MOTO;Taxa de motorização;veículos por mil hab.;663
Curitiba;2001;TX_MOTO;Taxa de motorização;veículos por mil hab.;415,3994
Curitiba;2002;TX_MOTO;Taxa de motorização;veículos por mil hab.;433,4215
Curitiba;2003;TX_MOTO;Taxa de motorização;veículos por mil hab.;445,6843
Curitiba;2004;TX_MOTO;Taxa de motorização;veículos por mil hab.;462,5903
Curitiba;2005;TX_MOTO;Taxa de motorização;veículos por mil hab.;489,9005
Curitiba;2006;TX_MOTO;Taxa de motorização;veículos por mil hab.;513,0421
Curitiba;2007;TX_MOTO;Taxa de motorização;veículos por mil hab.;552,1328
Curitiba;2008;TX_MOTO;Taxa de motorização;veículos por mil hab.;577,5942
Curitiba;2009;TX_MOTO;Taxa de motorização;veículos por mil hab.;599,3966
Curitiba;2010;TX_MOTO;Taxa de motorização;veículos por mil hab.;662,0277
Curitiba;2011;TX_MOTO;Taxa de motorização;veículos por mil hab.;689,9692
Curitiba;2012;TX_MOTO;Taxa de motorização;veículos por mil hab.;716,9811
Curitiba;2013;TX_MOTO;Taxa de motorização;veículos por mil hab.;718,7749
Curitiba;2014;TX_MOTO;Taxa de motorização;veículos por mil hab.;746,8548
Curitiba;2015;TX_MOTO;Taxa de motorização;veículos por mil hab.;750,4798
Curitiba;2016;TX_MOTO;Taxa de motorização;veículos por mil hab.;744,8687
Curitiba;2017;TX_MOTO;Taxa de motorização;veículos por mil hab.;743,51
Curitiba;2018;TX_MOTO;Taxa de motorização;veículos por mil hab.;754,2585
Curitiba;2019;TX_MOTO;Taxa de motorização;veículos por mil hab.;769,9716
Curitiba;2020;TX_MOTO;Taxa de motorização;veículos por mil hab.;776,9839
Curitiba;2021;TX_MOTO;Taxa de motorização;veículos por mil hab.;790,6317
Curitiba;2022;TX_MOTO;Taxa de motorização;veículos por mil hab.;895
Florianópolis;2001;TX_MOTO;Taxa de motorização;veículos por mil hab.;378,1431
Florianópolis;2002;TX_MOTO;Taxa de motorização;veículos por mil hab.;404,472
Florianópolis;2003;TX_MOTO;Taxa de motorização;veículos por mil hab.;425,3187
Florianópolis;2004;TX_MOTO;Taxa de motorização;veículos por mil hab.;427,158
Florianópolis;2005;TX_MOTO;Taxa de motorização;veículos por mil hab.;442,6632
Florianópolis;2006;TX_MOTO;Taxa de motorização;veículos por mil hab.;459,8907
Florianópolis;2007;TX_MOTO;Taxa de motorização;veículos por mil hab.;508,0825
Florianópolis;2008;TX_MOTO;Taxa de motorização;veículos por mil hab.;537,1921
Florianópolis;2009;TX_MOTO;Taxa de motorização;veículos por mil hab.;571,01
Florianópolis;2010;TX_MOTO;Taxa de motorização;veículos por mil hab.;589,8751
Florianópolis;2011;TX_MOTO;Taxa de motorização;veículos por mil hab.;618,1119
Florianópolis;2012;TX_MOTO;Taxa de motorização;veículos por mil hab.;642,5138
Florianópolis;2013;TX_MOTO;Taxa de motorização;veículos por mil hab.;644,5481
Florianópolis;2014;TX_MOTO;Taxa de motorização;veículos por mil hab.;657,1489
Florianópolis;2015;TX_MOTO;Taxa de motorização;veículos por mil hab.;664,8023
Florianópolis;2016;TX_MOTO;Taxa de motorização;veículos por mil hab.;668,7156
Florianópolis;2017;TX_MOTO;Taxa de motorização;veículos por mil hab.;674,7846
Florianópolis;2018;TX_MOTO;Taxa de motorização;veículos por mil hab.;684,9873
Florianópolis;2019;TX_MOTO;Taxa de motorização;veículos por mil hab.;692,7759
Florianópolis;2020;TX_MOTO;Taxa de motorização;veículos por mil hab.;693,3981
Florianópolis;2021;TX_MOTO;Taxa de motorização;veículos por mil hab.;696,2271
Florianópolis;2022;TX_MOTO;Taxa de motorização;veículos por mil hab.;686
Fortaleza;2001;TX_MOTO;Taxa de motorização;veículos por mil hab.;161,8007
Fortaleza;2002;TX_MOTO;Taxa de motorização;veículos por mil hab.;169,1714
Fortaleza;2003;TX_MOTO;Taxa de motorização;veículos por mil hab.;175,1065
Fortaleza;2004;TX_MOTO;Taxa de motorização;veículos por mil hab.;177,3085
Fortaleza;2005;TX_MOTO;Taxa de motorização;veículos por mil hab.;183,8174
Fortaleza;2006;TX_MOTO;Taxa de motorização;veículos por mil hab.;193,0362
Fortaleza;2007;TX_MOTO;Taxa de motorização;veículos por mil hab.;207,654
Fortaleza;2008;TX_MOTO;Taxa de motorização;veículos por mil hab.;222,4296
Fortaleza;2009;TX_MOTO;Taxa de motorização;veículos por mil hab.;240,4129
Fortaleza;2010;TX_MOTO;Taxa de motorização;veículos por mil hab.;271,7242
Fortaleza;2011;TX_MOTO;Taxa de motorização;veículos por mil hab.;296,8216
Fortaleza;2012;TX_MOTO;Taxa de motorização;veículos por mil hab.;317,8813
Fortaleza;2013;TX_MOTO;Taxa de motorização;veículos por mil hab.;333,7848
Fortaleza;2014;TX_MOTO;Taxa de motorização;veículos por mil hab.;352,1721
Fortaleza;2015;TX_MOTO;Taxa de motorização;veículos por mil hab.;366,1579
Fortaleza;2016;TX_MOTO;Taxa de motorização;veículos por mil hab.;374,107
Fortaleza;2017;TX_MOTO;Taxa de motorização;veículos por mil hab.;381,4667
Fortaleza;2018;TX_MOTO;Taxa de motorização;veículos por mil hab.;390,836
Fortaleza;2019;TX_MOTO;Taxa de motorização;veículos por mil hab.;400,0986
Fortaleza;2020;TX_MOTO;Taxa de motorização;veículos por mil hab.;405,21
Fortaleza;2021;TX_MOTO;Taxa de motorização;veículos por mil hab.;410,6528
Fortaleza;2022;TX_MOTO;Taxa de motorização;veículos por mil hab.;468
Goiânia;2001;TX_MOTO;Taxa de motorização;veículos por mil hab.;391,4163
Goiânia;2002;TX_MOTO;Taxa de motorização;veículos por mil hab.;404,8761
Goiânia;2003;TX_MOTO;Taxa de motorização;veículos por mil hab.;416,8236
Goiânia;2004;TX_MOTO;Taxa de motorização;veículos por mil hab.;424,1001
Goiânia;2005;TX_MOTO;Taxa de motorização;veículos por mil hab.;440,3475
Goiânia;2006;TX_MOTO;Taxa de motorização;veículos por mil hab.;462,6577
Goiânia;2007;TX_MOTO;Taxa de motorização;veículos por mil hab.;494,0509
Goiânia;2008;TX_MOTO;Taxa de motorização;veículos por mil hab.;533,5758
Goiânia;2009;TX_MOTO;Taxa de motorização;veículos por mil hab.;572,5205
Goiânia;2010;TX_MOTO;Taxa de motorização;veículos por mil hab.;607,4811
Goiânia;2011;TX_MOTO;Taxa de motorização;veículos por mil hab.;642,0663
Goiânia;2012;TX_MOTO;Taxa de motorização;veículos por mil hab.;678,4011
Goiânia;2013;TX_MOTO;Taxa de motorização;veículos por mil hab.;680,5468
Goiânia;2014;TX_MOTO;Taxa de motorização;veículos por mil hab.;695,6493
Goiânia;2015;TX_MOTO;Taxa de motorização;veículos por mil hab.;697,5271
Goiânia;2016;TX_MOTO;Taxa de motorização;veículos por mil hab.;700,0088
Goiânia;2017;TX_MOTO;Taxa de motorização;veículos por mil hab.;705,2114
Goiânia;2018;TX_MOTO;Taxa de motorização;veículos por mil hab.;710,9577
Goiânia;2019;TX_MOTO;Taxa de motorização;veículos por mil hab.;720,8915
Goiânia;2020;TX_MOTO;Taxa de motorização;veículos por mil hab.;725,1345
Goiânia;2021;TX_MOTO;Taxa de motorização;veículos por mil hab.;732,5045
Goiânia;2022;TX_MOTO;Taxa de motorização;veículos por mil hab.;812
João Pessoa;2001;TX_MOTO;Taxa de motorização;veículos por mil hab.;166,9117
João Pessoa;2002;TX_MOTO;Taxa de motorização;veículos por mil hab.;175,7389
João Pessoa;2003;TX_MOTO;Taxa de motorização;veículos por mil hab.;184,984
João Pessoa;2004;TX_MOTO;Taxa de motorização;veículos por mil hab.;189,047
João Pessoa;2005;TX_MOTO;Taxa de motorização;veículos por mil hab.;197,5445
João Pessoa;2006;TX_MOTO;Taxa de motorização;veículos por mil hab.;211,2022
João Pessoa;2007;TX_MOTO;Taxa de motorização;veículos por mil hab.;233,3149
João Pessoa;2008;TX_MOTO;Taxa de motorização;veículos por mil hab.;254,5565
João Pessoa;2009;TX_MOTO;Taxa de motorização;veículos por mil hab.;280,2281
João Pessoa;2010;TX_MOTO;Taxa de motorização;veículos por mil hab.;306,6709
João Pessoa;2011;TX_MOTO;Taxa de motorização;veículos por mil hab.;336,049
João Pessoa;2012;TX_MOTO;Taxa de motorização;veículos por mil hab.;360,2666
João Pessoa;2013;TX_MOTO;Taxa de motorização;veículos por mil hab.;372,2367
João Pessoa;2014;TX_MOTO;Taxa de motorização;veículos por mil hab.;389,4879
João Pessoa;2015;TX_MOTO;Taxa de motorização;veículos por mil hab.;404,2603
João Pessoa;2016;TX_MOTO;Taxa de motorização;veículos por mil hab.;416,3334
João Pessoa;2017;TX_MOTO;Taxa de motorização;veículos por mil hab.;428,5213
João Pessoa;2018;TX_MOTO;Taxa de motorização;veículos por mil hab.;455,2799
João Pessoa;2019;TX_MOTO;Taxa de motorização;veículos por mil hab.;470,8368
João Pessoa;2020;TX_MOTO;Taxa de motorização;veículos por mil hab.;478,7434
João Pessoa;2021;TX_MOTO;Taxa de motorização;veículos por mil hab.;488,5432
João Pessoa;2022;TX_MOTO;Taxa de motorização;veículos por mil hab.;495
Macapá;2001;TX_MOTO;Taxa de motorização;veículos por mil hab.;91,5451
Macapá;2002;TX_MOTO;Taxa de motorização;veículos por mil hab.;100,6775
Macapá;2003;TX_MOTO;Taxa de motorização;veículos por mil hab.;108,7837
Macapá;2004;TX_MOTO;Taxa de motorização;veículos por mil hab.;119,8747
Macapá;2005;TX_MOTO;Taxa de motorização;veículos por mil hab.;126,9611
Macapá;2006;TX_MOTO;Taxa de motorização;veículos por mil hab.;141,7581
Macapá;2007;TX_MOTO;Taxa de motorização;veículos por mil hab.;173,4781
Macapá;2008;TX_MOTO;Taxa de motorização;veículos por mil hab.;189,6736
Macapá;2009;TX_MOTO;Taxa de motorização;veículos por mil hab.;212,8851
Macapá;2010;TX_MOTO;Taxa de motorização;veículos por mil hab.;225,947
Macapá;2011;TX_MOTO;Taxa de motorização;veículos por mil hab.;247,8533
Macapá;2012;TX_MOTO;Taxa de motorização;veículos por mil hab.;260,5438
Macapá;2013;TX_MOTO;Taxa de motorização;veículos por mil hab.;264,6116
Macapá;2014;TX_MOTO;Taxa de motorização;veículos por mil hab.;277,7282
Macapá;2015;TX_MOTO;Taxa de motorização;veículos por mil hab.;286,0747
Macapá;2016;TX_MOTO;Taxa de motorização;veículos por mil hab.;287,8806
Macapá;2017;TX_MOTO;Taxa de motorização;veículos por mil hab.;292,3915
Macapá;2018;TX_MOTO;Taxa de motorização;veículos por mil hab.;293,8756
Macapá;2019;TX_MOTO;Taxa de motorização;veículos por mil hab.;303,6197
Macapá;2020;TX_MOTO;Taxa de motorização;veículos por mil hab.;311,6092
Macapá;2021;TX_MOTO;Taxa de motorização;veículos por mil hab.;317,4936
Macapá;2022;TX_MOTO;Taxa de motorização;veículos por mil hab.;387
Maceió;2001;TX_MOTO;Taxa de motorização;veículos por mil hab.;121,9215
Maceió;2002;TX_MOTO;Taxa de motorização;veículos por mil hab.;129,4744
Maceió;2003;TX_MOTO;Taxa de motorização;veículos por mil hab.;136,8169
Maceió;2004;TX_MOTO;Taxa de motorização;veículos por mil hab.;137,8913
Maceió;2005;TX_MOTO;Taxa de motorização;veículos por mil hab.;143,3772
Maceió;2006;TX_MOTO;Taxa de motorização;veículos por mil hab.;144,1648
Maceió;2007;TX_MOTO;Taxa de motorização;veículos por mil hab.;160,2359
Maceió;2008;TX_MOTO;Taxa de motorização;veículos por mil hab.;169,6007
Maceió;2009;TX_MOTO;Taxa de motorização;veículos por mil hab.;184,4285
Maceió;2010;TX_MOTO;Taxa de motorização;veículos por mil hab.;205,645
Maceió;2011;TX_MOTO;Taxa de motorização;veículos por mil hab.;223,7798
Maceió;2012;TX_MOTO;Taxa de motorização;veículos por mil hab.;241,4943
Maceió;2013;TX_MOTO;Taxa de motorização;veículos por mil hab.;247,9711
Maceió;2014;TX_MOTO;Taxa de motorização;veículos por mil hab.;261,7249
Maceió;2015;TX_MOTO;Taxa de motorização;veículos por mil hab.;271,4483
Maceió;2016;TX_MOTO;Taxa de motorização;veículos por mil hab.;278,1966
Maceió;2017;TX_MOTO;Taxa de motorização;veículos por mil hab.;287,4742
Maceió;2018;TX_MOTO;Taxa de motorização;veículos por mil hab.;304,4612
Maceió;2019;TX_MOTO;Taxa de motorização;veículos por mil hab.;316,9249
Maceió;2020;TX_MOTO;Taxa de motorização;veículos por mil hab.;324,9259
Maceió;2021;TX_MOTO;Taxa de motorização;veículos por mil hab.;333,7175
Maceió;2022;TX_MOTO;Taxa de motorização;veículos por mil hab.;372
Manaus;2001;TX_MOTO;Taxa de motorização;veículos por mil hab.;115,1872
Manaus;2002;TX_MOTO;Taxa de motorização;veículos por mil hab.;123,0269
Manaus;2003;TX_MOTO;Taxa de motorização;veículos por mil hab.;130,6745
Manaus;2004;TX_MOTO;Taxa de motorização;veículos por mil hab.;138,134
Manaus;2005;TX_MOTO;Taxa de motorização;veículos por mil hab.;149,5917
Manaus;2006;TX_MOTO;Taxa de motorização;veículos por mil hab.;161,5464
Manaus;2007;TX_MOTO;Taxa de motorização;veículos por mil hab.;183,7202
Manaus;2008;TX_MOTO;Taxa de motorização;veículos por mil hab.;197,1307
Manaus;2009;TX_MOTO;Taxa de motorização;veículos por mil hab.;214,6924
Manaus;2010;TX_MOTO;Taxa de motorização;veículos por mil hab.;230,5709
Manaus;2011;TX_MOTO;Taxa de motorização;veículos por mil hab.;249,2174
Manaus;2012;TX_MOTO;Taxa de motorização;veículos por mil hab.;266,1413
Manaus;2013;TX_MOTO;Taxa de motorização;veículos por mil hab.;270,5081
Manaus;2014;TX_MOTO;Taxa de motorização;veículos por mil hab.;285,1743
Manaus;2015;TX_MOTO;Taxa de motorização;veículos por mil hab.;293,3065
Manaus;2016;TX_MOTO;Taxa de motorização;veículos por mil hab.;296,6089
Manaus;2017;TX_MOTO;Taxa de motorização;veículos por mil hab.;301,564
Manaus;2018;TX_MOTO;Taxa de motorização;veículos por mil hab.;312,2864
Manaus;2019;TX_MOTO;Taxa de motorização;veículos por mil hab.;322,2375
Manaus;2020;TX_MOTO;Taxa de motorização;veículos por mil hab.;330,4882
Manaus;2021;TX_MOTO;Taxa de motorização;veículos por mil hab.;338,308
Manaus;2022;TX_MOTO;Taxa de motorização;veículos por mil hab.;387
Natal;2001;TX_MOTO;Taxa de motorização;veículos por mil hab.;186,6359
Natal;2002;TX_MOTO;Taxa de motorização;veículos por mil hab.;197,0375
Natal;2003;TX_MOTO;Taxa de motorização;veículos por mil hab.;204,7627
Natal;2004;TX_MOTO;Taxa de motorização;veículos por mil hab.;210,2258
Natal;2005;TX_MOTO;Taxa de motorização;veículos por mil hab.;218,1867
Natal;2006;TX_MOTO;Taxa de motorização;veículos por mil hab.;231,9824
Natal;2007;TX_MOTO;Taxa de motorização;veículos por mil hab.;260,8798
Natal;2008;TX_MOTO;Taxa de motorização;veículos por mil hab.;279,1168
Natal;2009;TX_MOTO;Taxa de motorização;veículos por mil hab.;301,2293
Natal;2010;TX_MOTO;Taxa de motorização;veículos por mil hab.;330,0188
Natal;2011;TX_MOTO;Taxa de motorização;veículos por mil hab.;351,5504
Natal;2012;TX_MOTO;Taxa de motorização;veículos por mil hab.;371,9383
Natal;2013;TX_MOTO;Taxa de motorização;veículos por mil hab.;377,759
Natal;2014;TX_MOTO;Taxa de motorização;veículos por mil hab.;392,7015
Natal;2015;TX_MOTO;Taxa de motorização;veículos por mil hab.;404,6191
Natal;2016;TX_MOTO;Taxa de motorização;veículos por mil hab.;412,6076
Natal;2017;TX_MOTO;Taxa de motorização;veículos por mil hab.;421,4047
Natal;2018;TX_MOTO;Taxa de motorização;veículos por mil hab.;438,3073
Natal;2019;TX_MOTO;Taxa de motorização;veículos por mil hab.;446,4327
Natal;2020;TX_MOTO;Taxa de motorização;veículos por mil hab.;451,3274
Natal;2021;TX_MOTO;Taxa de motorização;veículos por mil hab.;456,231
Natal;2022;TX_MOTO;Taxa de motorização;veículos por mil hab.;554
Palmas;2001;TX_MOTO;Taxa de motorização;veículos por mil hab.;162,7409
Palmas;2002;TX_MOTO;Taxa de motorização;veículos por mil hab.;184,6689
Palmas;2003;TX_MOTO;Taxa de motorização;veículos por mil hab.;202,0781
Palmas;2004;TX_MOTO;Taxa de motorização;veículos por mil hab.;223,088
Palmas;2005;TX_MOTO;Taxa de motorização;veículos por mil hab.;267,4609
Palmas;2006;TX_MOTO;Taxa de motorização;veículos por mil hab.;350,606
Palmas;2007;TX_MOTO;Taxa de motorização;veículos por mil hab.;452,5467
Palmas;2008;TX_MOTO;Taxa de motorização;veículos por mil hab.;449,4441
Palmas;2009;TX_MOTO;Taxa de motorização;veículos por mil hab.;462,9277
Palmas;2010;TX_MOTO;Taxa de motorização;veículos por mil hab.;430,5616
Palmas;2011;TX_MOTO;Taxa de motorização;veículos por mil hab.;464,4181
Palmas;2012;TX_MOTO;Taxa de motorização;veículos por mil hab.;495,7161
Palmas;2013;TX_MOTO;Taxa de motorização;veículos por mil hab.;506,4792
Palmas;2014;TX_MOTO;Taxa de motorização;veículos por mil hab.;531,5306
Palmas;2015;TX_MOTO;Taxa de motorização;veículos por mil hab.;546,2185
Palmas;2016;TX_MOTO;Taxa de motorização;veículos por mil hab.;552,2626
Palmas;2017;TX_MOTO;Taxa de motorização;veículos por mil hab.;562,8533
Palmas;2018;TX_MOTO;Taxa de motorização;veículos por mil hab.;579,4556
Palmas;2019;TX_MOTO;Taxa de motorização;veículos por mil hab.;593,3868
Palmas;2020;TX_MOTO;Taxa de motorização;veículos por mil hab.;600,5694
Palmas;2021;TX_MOTO;Taxa de motorização;veículos por mil hab.;617,1106
Palmas;2022;TX_MOTO;Taxa de motorização;veículos por mil hab.;667
Porto Alegre;2001;TX_MOTO;Taxa de motorização;veículos por mil hab.;327,8532
Porto Alegre;2002;TX_MOTO;Taxa de motorização;veículos por mil hab.;338,0698
Porto Alegre;2003;TX_MOTO;Taxa de motorização;veículos por mil hab.;347,7492
Porto Alegre;2004;TX_MOTO;Taxa de motorização;veículos por mil hab.;353,079
Porto Alegre;2005;TX_MOTO;Taxa de motorização;veículos por mil hab.;363,2011
Porto Alegre;2006;TX_MOTO;Taxa de motorização;veículos por mil hab.;373,4169
Porto Alegre;2007;TX_MOTO;Taxa de motorização;veículos por mil hab.;397,1634
Porto Alegre;2008;TX_MOTO;Taxa de motorização;veículos por mil hab.;419,3052
Porto Alegre;2009;TX_MOTO;Taxa de motorização;veículos por mil hab.;439,6706
Porto Alegre;2010;TX_MOTO;Taxa de motorização;veículos por mil hab.;466,905
Porto Alegre;2011;TX_MOTO;Taxa de motorização;veículos por mil hab.;487,3101
Porto Alegre;2012;TX_MOTO;Taxa de motorização;veículos por mil hab.;509,2383
Porto Alegre;2013;TX_MOTO;Taxa de motorização;veículos por mil hab.;514,3731
Porto Alegre;2014;TX_MOTO;Taxa de motorização;veículos por mil hab.;531,6758
Porto Alegre;2015;TX_MOTO;Taxa de motorização;veículos por mil hab.;542,0278
Porto Alegre;2016;TX_MOTO;Taxa de motorização;veículos por mil hab.;547,6851
Porto Alegre;2017;TX_MOTO;Taxa de motorização;veículos por mil hab.;551,8374
Porto Alegre;2018;TX_MOTO;Taxa de motorização;veículos por mil hab.;560,9948
Porto Alegre;2019;TX_MOTO;Taxa de motorização;veículos por mil hab.;565,5192
Porto Alegre;2020;TX_MOTO;Taxa de motorização;veículos por mil hab.;564,8801
Porto Alegre;2021;TX_MOTO;Taxa de motorização;veículos por mil hab.;564,4858
Porto Alegre;2022;TX_MOTO;Taxa de motorização;veículos por mil hab.;637
Porto Velho;2001;TX_MOTO;Taxa de motorização;veículos por mil hab.;131,8777
Porto Velho;2002;TX_MOTO;Taxa de motorização;veículos por mil hab.;145,3439
Porto Velho;2003;TX_MOTO;Taxa de motorização;veículos por mil hab.;156,5596
Porto Velho;2004;TX_MOTO;Taxa de motorização;veículos por mil hab.;162,4825
Porto Velho;2005;TX_MOTO;Taxa de motorização;veículos por mil hab.;185,6669
Porto Velho;2006;TX_MOTO;Taxa de motorização;veículos por mil hab.;205,3185
Porto Velho;2007;TX_MOTO;Taxa de motorização;veículos por mil hab.;240,5556
Porto Velho;2008;TX_MOTO;Taxa de motorização;veículos por mil hab.;273,4892
Porto Velho;2009;TX_MOTO;Taxa de motorização;veículos por mil hab.;326,5636
Porto Velho;2010;TX_MOTO;Taxa de motorização;veículos por mil hab.;348,3678
Porto Velho;2011;TX_MOTO;Taxa de motorização;veículos por mil hab.;400,4595
Porto Velho;2012;TX_MOTO;Taxa de motorização;veículos por mil hab.;435,6259
Porto Velho;2013;TX_MOTO;Taxa de motorização;veículos por mil hab.;427,0668
Porto Velho;2014;TX_MOTO;Taxa de motorização;veículos por mil hab.;444,9579
Porto Velho;2015;TX_MOTO;Taxa de motorização;veículos por mil hab.;458,1401
Porto Velho;2016;TX_MOTO;Taxa de motorização;veículos por mil hab.;465,0962
Porto Velho;2017;TX_MOTO;Taxa de motorização;veículos por mil hab.;472,6107
Porto Velho;2018;TX_MOTO;Taxa de motorização;veículos por mil hab.;493,5798
Porto Velho;2019;TX_MOTO;Taxa de motorização;veículos por mil hab.;505,3839
Porto Velho;2020;TX_MOTO;Taxa de motorização;veículos por mil hab.;509,9656
Porto Velho;2021;TX_MOTO;Taxa de motorização;veículos por mil hab.;513,4238
Porto Velho;2022;TX_MOTO;Taxa de motorização;veículos por mil hab.;628
Recife;2001;TX_MOTO;Taxa de motorização;veículos por mil hab.;187,5959
Recife;2002;TX_MOTO;Taxa de motorização;veículos por mil hab.;196,6842
Recife;2003;TX_MOTO;Taxa de motorização;veículos por mil hab.;202,6373
Recife;2004;TX_MOTO;Taxa de motorização;veículos por mil hab.;206,8353
Recife;2005;TX_MOTO;Taxa de motorização;veículos por mil hab.;214,1248
Recife;2006;TX_MOTO;Taxa de motorização;veículos por mil hab.;223,3184
Recife;2007;TX_MOTO;Taxa de motorização;veículos por mil hab.;235,0239
Recife;2008;TX_MOTO;Taxa de motorização;veículos por mil hab.;250,3808
Recife;2009;TX_MOTO;Taxa de motorização;veículos por mil hab.;269,5761
Recife;2010;TX_MOTO;Taxa de motorização;veículos por mil hab.;301,0853
Recife;2011;TX_MOTO;Taxa de motorização;veículos por mil hab.;325,4509
Recife;2012;TX_MOTO;Taxa de motorização;veículos por mil hab.;347,0247
Recife;2013;TX_MOTO;Taxa de motorização;veículos por mil hab.;355,6189
Recife;2014;TX_MOTO;Taxa de motorização;veículos por mil hab.;368,668
Recife;2015;TX_MOTO;Taxa de motorização;veículos por mil hab.;375,1758
Recife;2016;TX_MOTO;Taxa de motorização;veículos por mil hab.;376,7227
Recife;2017;TX_MOTO;Taxa de motorização;veículos por mil hab.;381,3926
Recife;2018;TX_MOTO;Taxa de motorização;veículos por mil hab.;389,0315
Recife;2019;TX_MOTO;Taxa de motorização;veículos por mil hab.;396,0055
Recife;2020;TX_MOTO;Taxa de motorização;veículos por mil hab.;395,5116
Recife;2021;TX_MOTO;Taxa de motorização;veículos por mil hab.;397,6197
Recife;2022;TX_MOTO;Taxa de motorização;veículos por mil hab.;449
Rio Branco;2001;TX_MOTO;Taxa de motorização;veículos por mil hab.;139,1577
Rio Branco;2002;TX_MOTO;Taxa de motorização;veículos por mil hab.;147,8412
Rio Branco;2003;TX_MOTO;Taxa de motorização;veículos por mil hab.;157,4366
Rio Branco;2004;TX_MOTO;Taxa de motorização;veículos por mil hab.;165,1205
Rio Branco;2005;TX_MOTO;Taxa de motorização;veículos por mil hab.;169,1356
Rio Branco;2006;TX_MOTO;Taxa de motorização;veículos por mil hab.;184,3172
Rio Branco;2007;TX_MOTO;Taxa de motorização;veículos por mil hab.;227,7809
Rio Branco;2008;TX_MOTO;Taxa de motorização;veículos por mil hab.;252,894
Rio Branco;2009;TX_MOTO;Taxa de motorização;veículos por mil hab.;288,1087
Rio Branco;2010;TX_MOTO;Taxa de motorização;veículos por mil hab.;302,5967
Rio Branco;2011;TX_MOTO;Taxa de motorização;veículos por mil hab.;329,6796
Rio Branco;2012;TX_MOTO;Taxa de motorização;veículos por mil hab.;352,8279
Rio Branco;2013;TX_MOTO;Taxa de motorização;veículos por mil hab.;369,6311
Rio Branco;2014;TX_MOTO;Taxa de motorização;veículos por mil hab.;388,0905
Rio Branco;2015;TX_MOTO;Taxa de motorização;veículos por mil hab.;402,9686
Rio Branco;2016;TX_MOTO;Taxa de motorização;veículos por mil hab.;411,2455
Rio Branco;2017;TX_MOTO;Taxa de motorização;veículos por mil hab.;422,334
Rio Branco;2018;TX_MOTO;Taxa de motorização;veículos por mil hab.;422,7194
Rio Branco;2019;TX_MOTO;Taxa de motorização;veículos por mil hab.;435,6536
Rio Branco;2020;TX_MOTO;Taxa de motorização;veículos por mil hab.;443,88
Rio Branco;2021;TX_MOTO;Taxa de motorização;veículos por mil hab.;451,9969
Rio Branco;2022;TX_MOTO;Taxa de motorização;veículos por mil hab.;536
Rio de Janeiro;2001;TX_MOTO;Taxa de motorização;veículos por mil hab.;226,9952
Rio de Janeiro;2002;TX_MOTO;Taxa de motorização;veículos por mil hab.;237,1302
Rio de Janeiro;2003;TX_MOTO;Taxa de motorização;veículos por mil hab.;244,066
Rio de Janeiro;2004;TX_MOTO;Taxa de motorização;veículos por mil hab.;248,2745
Rio de Janeiro;2005;TX_MOTO;Taxa de motorização;veículos por mil hab.;254,3199
Rio de Janeiro;2006;TX_MOTO;Taxa de motorização;veículos por mil hab.;261,0438
Rio de Janeiro;2007;TX_MOTO;Taxa de motorização;veículos por mil hab.;275,9077
Rio de Janeiro;2008;TX_MOTO;Taxa de motorização;veículos por mil hab.;287,6073
Rio de Janeiro;2009;TX_MOTO;Taxa de motorização;veículos por mil hab.;303,0806
Rio de Janeiro;2010;TX_MOTO;Taxa de motorização;veículos por mil hab.;314,106
Rio de Janeiro;2011;TX_MOTO;Taxa de motorização;veículos por mil hab.;331,3054
Rio de Janeiro;2012;TX_MOTO;Taxa de motorização;veículos por mil hab.;349,7699
Rio de Janeiro;2013;TX_MOTO;Taxa de motorização;veículos por mil hab.;366,0688
Rio de Janeiro;2014;TX_MOTO;Taxa de motorização;veículos por mil hab.;383,0136
Rio de Janeiro;2015;TX_MOTO;Taxa de motorização;veículos por mil hab.;394,7021
Rio de Janeiro;2016;TX_MOTO;Taxa de motorização;veículos por mil hab.;402,4917
Rio de Janeiro;2017;TX_MOTO;Taxa de motorização;veículos por mil hab.;407,8821
Rio de Janeiro;2018;TX_MOTO;Taxa de motorização;veículos por mil hab.;405,1455
Rio de Janeiro;2019;TX_MOTO;Taxa de motorização;veículos por mil hab.;413,5705
Rio de Janeiro;2020;TX_MOTO;Taxa de motorização;veículos por mil hab.;419,2763
Rio de Janeiro;2021;TX_MOTO;Taxa de motorização;veículos por mil hab.;425,2674
Rio de Janeiro;2022;TX_MOTO;Taxa de motorização;veículos por mil hab.;473
Salvador;2001;TX_MOTO;Taxa de motorização;veículos por mil hab.;132,7275
Salvador;2002;TX_MOTO;Taxa de motorização;veículos por mil hab.;139,5979
Salvador;2003;TX_MOTO;Taxa de motorização;veículos por mil hab.;145,0852
Salvador;2004;TX_MOTO;Taxa de motorização;veículos por mil hab.;148,3686
Salvador;2005;TX_MOTO;Taxa de motorização;veículos por mil hab.;155,3648
Salvador;2006;TX_MOTO;Taxa de motorização;veículos por mil hab.;164,0851
Salvador;2007;TX_MOTO;Taxa de motorização;veículos por mil hab.;166,0436
Salvador;2008;TX_MOTO;Taxa de motorização;veículos por mil hab.;175,9592
Salvador;2009;TX_MOTO;Taxa de motorização;veículos por mil hab.;188,4178
Salvador;2010;TX_MOTO;Taxa de motorização;veículos por mil hab.;229,1064
Salvador;2011;TX_MOTO;Taxa de motorização;veículos por mil hab.;243,6637
Salvador;2012;TX_MOTO;Taxa de motorização;veículos por mil hab.;259,667
Salvador;2013;TX_MOTO;Taxa de motorização;veículos por mil hab.;257,3869
Salvador;2014;TX_MOTO;Taxa de motorização;veículos por mil hab.;266,7683
Salvador;2015;TX_MOTO;Taxa de motorização;veículos por mil hab.;273,857
Salvador;2016;TX_MOTO;Taxa de motorização;veículos por mil hab.;278,8384
Salvador;2017;TX_MOTO;Taxa de motorização;veículos por mil hab.;284,2908
Salvador;2018;TX_MOTO;Taxa de motorização;veículos por mil hab.;303,7053
Salvador;2019;TX_MOTO;Taxa de motorização;veículos por mil hab.;312,018
Salvador;2020;TX_MOTO;Taxa de motorização;veículos por mil hab.;316,4342
Salvador;2021;TX_MOTO;Taxa de motorização;veículos por mil hab.;320,6185
Salvador;2022;TX_MOTO;Taxa de motorização;veículos por mil hab.;393
São Luís;2001;TX_MOTO;Taxa de motorização;veículos por mil hab.;103,2662
São Luís;2002;TX_MOTO;Taxa de motorização;veículos por mil hab.;109,0223
São Luís;2003;TX_MOTO;Taxa de motorização;veículos por mil hab.;115,9036
São Luís;2004;TX_MOTO;Taxa de motorização;veículos por mil hab.;120,1263
São Luís;2005;TX_MOTO;Taxa de motorização;veículos por mil hab.;129,5963
São Luís;2006;TX_MOTO;Taxa de motorização;veículos por mil hab.;141,9482
São Luís;2007;TX_MOTO;Taxa de motorização;veículos por mil hab.;167,9117
São Luís;2008;TX_MOTO;Taxa de motorização;veículos por mil hab.;183,7894
São Luís;2009;TX_MOTO;Taxa de motorização;veículos por mil hab.;204,9839
São Luís;2010;TX_MOTO;Taxa de motorização;veículos por mil hab.;229,9808
São Luís;2011;TX_MOTO;Taxa de motorização;veículos por mil hab.;255,5746
São Luís;2012;TX_MOTO;Taxa de motorização;veículos por mil hab.;276,6316
São Luís;2013;TX_MOTO;Taxa de motorização;veículos por mil hab.;292,1269
São Luís;2014;TX_MOTO;Taxa de motorização;veículos por mil hab.;306,6105
São Luís;2015;TX_MOTO;Taxa de motorização;veículos por mil hab.;317,7058
São Luís;2016;TX_MOTO;Taxa de motorização;veículos por mil hab.;325,0103
São Luís;2017;TX_MOTO;Taxa de motorização;veículos por mil hab.;333,783
São Luís;2018;TX_MOTO;Taxa de motorização;veículos por mil hab.;345,5553
São Luís;2019;TX_MOTO;Taxa de motorização;veículos por mil hab.;356,4304
São Luís;2020;TX_MOTO;Taxa de motorização;veículos por mil hab.;363,7584
São Luís;2021;TX_MOTO;Taxa de motorização;veículos por mil hab.;371,0289
São Luís;2022;TX_MOTO;Taxa de motorização;veículos por mil hab.;409
São Paulo;2001;TX_MOTO;Taxa de motorização;veículos por mil hab.;361,6214
São Paulo;2002;TX_MOTO;Taxa de motorização;veículos por mil hab.;375,2329
São Paulo;2003;TX_MOTO;Taxa de motorização;veículos por mil hab.;387,7029
São Paulo;2004;TX_MOTO;Taxa de motorização;veículos por mil hab.;396,3975
São Paulo;2005;TX_MOTO;Taxa de motorização;veículos por mil hab.;411,2924
São Paulo;2006;TX_MOTO;Taxa de motorização;veículos por mil hab.;433,0847
São Paulo;2007;TX_MOTO;Taxa de motorização;veículos por mil hab.;469,8433
São Paulo;2008;TX_MOTO;Taxa de motorização;veículos por mil hab.;501,6306
São Paulo;2009;TX_MOTO;Taxa de motorização;veículos por mil hab.;529,5926
São Paulo;2010;TX_MOTO;Taxa de motorização;veículos por mil hab.;541,6549
São Paulo;2011;TX_MOTO;Taxa de motorização;veículos por mil hab.;559,036
São Paulo;2012;TX_MOTO;Taxa de motorização;veículos por mil hab.;571,4736
São Paulo;2013;TX_MOTO;Taxa de motorização;veículos por mil hab.;567,9891
São Paulo;2014;TX_MOTO;Taxa de motorização;veículos por mil hab.;589,7029
São Paulo;2015;TX_MOTO;Taxa de motorização;veículos por mil hab.;607,5273
São Paulo;2016;TX_MOTO;Taxa de motorização;veículos por mil hab.;621,0218
São Paulo;2017;TX_MOTO;Taxa de motorização;veículos por mil hab.;636,046
São Paulo;2018;TX_MOTO;Taxa de motorização;veículos por mil hab.;652,9591
São Paulo;2019;TX_MOTO;Taxa de motorização;veículos por mil hab.;670,0374
São Paulo;2020;TX_MOTO;Taxa de motorização;veículos por mil hab.;680,8647
São Paulo;2021;TX_MOTO;Taxa de motorização;veículos por mil hab.;686,2901
São Paulo;2022;TX_MOTO;Taxa de motorização;veículos por mil hab.;765
Teresina;2001;TX_MOTO;Taxa de motorização;veículos por mil hab.;138,1241
Teresina;2002;TX_MOTO;Taxa de motorização;veículos por mil hab.;152,6129
Teresina;2003;TX_MOTO;Taxa de motorização;veículos por mil hab.;164,8263
Teresina;2004;TX_MOTO;Taxa de motorização;veículos por mil hab.;172,802
Teresina;2005;TX_MOTO;Taxa de motorização;veículos por mil hab.;184,1392
Teresina;2006;TX_MOTO;Taxa de motorização;veículos por mil hab.;200,4062
Teresina;2007;TX_MOTO;Taxa de motorização;veículos por mil hab.;230,2283
Teresina;2008;TX_MOTO;Taxa de motorização;veículos por mil hab.;257,2763
Teresina;2009;TX_MOTO;Taxa de motorização;veículos por mil hab.;288,6147
Teresina;2010;TX_MOTO;Taxa de motorização;veículos por mil hab.;326,1425
Teresina;2011;TX_MOTO;Taxa de motorização;veículos por mil hab.;362,1851
Teresina;2012;TX_MOTO;Taxa de motorização;veículos por mil hab.;393,6097
Teresina;2013;TX_MOTO;Taxa de motorização;veículos por mil hab.;426,8065
Teresina;2014;TX_MOTO;Taxa de motorização;veículos por mil hab.;457,5054
Teresina;2015;TX_MOTO;Taxa de motorização;veículos por mil hab.;482,5471
Teresina;2016;TX_MOTO;Taxa de motorização;veículos por mil hab.;503,2852
Teresina;2017;TX_MOTO;Taxa de motorização;veículos por mil hab.;523,2322
Teresina;2018;TX_MOTO;Taxa de motorização;veículos por mil hab.;538,5772
Teresina;2019;TX_MOTO;Taxa de motorização;veículos por mil hab.;557,7994
Teresina;2020;TX_MOTO;Taxa de motorização;veículos por mil hab.;569,0223
Teresina;2021;TX_MOTO;Taxa de motorização;veículos por mil hab.;580,0791
Teresina;2022;TX_MOTO;Taxa de motorização;veículos por mil hab.;597
Vitória;2001;TX_MOTO;Taxa de motorização;veículos por mil hab.;288,9815
Vitória;2002;TX_MOTO;Taxa de motorização;veículos por mil hab.;303,5038
Vitória;2003;TX_MOTO;Taxa de motorização;veículos por mil hab.;313,6043
Vitória;2004;TX_MOTO;Taxa de motorização;veículos por mil hab.;322,6744
Vitória;2005;TX_MOTO;Taxa de motorização;veículos por mil hab.;338,4581
Vitória;2006;TX_MOTO;Taxa de motorização;veículos por mil hab.;356,9863
Vitória;2007;TX_MOTO;Taxa de motorização;veículos por mil hab.;390,5592
Vitória;2008;TX_MOTO;Taxa de motorização;veículos por mil hab.;418,5296
Vitória;2009;TX_MOTO;Taxa de motorização;veículos por mil hab.;446,9384
Vitória;2010;TX_MOTO;Taxa de motorização;veículos por mil hab.;462,2408
Vitória;2011;TX_MOTO;Taxa de motorização;veículos por mil hab.;482,4794
Vitória;2012;TX_MOTO;Taxa de motorização;veículos por mil hab.;501,966
Vitória;2013;TX_MOTO;Taxa de motorização;veículos por mil hab.;498,4638
Vitória;2014;TX_MOTO;Taxa de motorização;veículos por mil hab.;508,9576
Vitória;2015;TX_MOTO;Taxa de motorização;veículos por mil hab.;506,883
Vitória;2016;TX_MOTO;Taxa de motorização;veículos por mil hab.;501,9427
Vitória;2017;TX_MOTO;Taxa de motorização;veículos por mil hab.;501,2777
Vitória;2018;TX_MOTO;Taxa de motorização;veículos por mil hab.;519,7632
Vitória;2019;TX_MOTO;Taxa de motorização;veículos por mil hab.;521,4459
Vitória;2020;TX_MOTO;Taxa de motorização;veículos por mil hab.;516,8441
Vitória;2021;TX_MOTO;Taxa de motorização;veículos por mil hab.;513,3384
Vitória;2022;TX_MOTO;Taxa de motorização;veículos por mil hab.;594
Aracaju;2007;gMP/hab;Emissões de material particulado por habitante;g/hab;223,6842
Aracaju;2008;gMP/hab;Emissões de material particulado por habitante;g/hab;228,7712
Aracaju;2009;gMP/hab;Emissões de material particulado por habitante;g/hab;179,4216
Aracaju;2010;gMP/hab;Emissões de material particulado por habitante;g/hab;172,3795
Aracaju;2011;gMP/hab;Emissões de material particulado por habitante;g/hab;172,3092
Aracaju;2012;gMP/hab;Emissões de material particulado por habitante;g/hab;172,6667
Aracaju;2013;gMP/hab;Emissões de material particulado por habitante;g/hab;147,5559
Aracaju;2014;gMP/hab;Emissões de material particulado por habitante;g/hab;144,0165
Aracaju;2015;gMP/hab;Emissões de material particulado por habitante;g/hab;123,4616
Aracaju;2016;gMP/hab;Emissões de material particulado por habitante;g/hab;111,9516
Aracaju;2017;gMP/hab;Emissões de material particulado por habitante;g/hab;103,5828
Aracaju;2018;gMP/hab;Emissões de material particulado por habitante;g/hab;104,2612
Aracaju;2019;gMP/hab;Emissões de material particulado por habitante;g/hab;107,4979
Belém;2007;gMP/hab;Emissões de material particulado por habitante;g/hab;147,5255
Belém;2008;gMP/hab;Emissões de material particulado por habitante;g/hab;128,8909
Belém;2009;gMP/hab;Emissões de material particulado por habitante;g/hab;117,3885
Belém;2010;gMP/hab;Emissões de material particulado por habitante;g/hab;125,7159
Belém;2011;gMP/hab;Emissões de material particulado por habitante;g/hab;119,1445
Belém;2012;gMP/hab;Emissões de material particulado por habitante;g/hab;114,8999
Belém;2013;gMP/hab;Emissões de material particulado por habitante;g/hab;106,3175
Belém;2014;gMP/hab;Emissões de material particulado por habitante;g/hab;100,986
Belém;2015;gMP/hab;Emissões de material particulado por habitante;g/hab;113,7906
Belém;2016;gMP/hab;Emissões de material particulado por habitante;g/hab;90,6679
Belém;2017;gMP/hab;Emissões de material particulado por habitante;g/hab;78,4542
Belém;2018;gMP/hab;Emissões de material particulado por habitante;g/hab;70,668
Belém;2019;gMP/hab;Emissões de material particulado por habitante;g/hab;72,1798
Belo Horizonte;2007;gMP/hab;Emissões de material particulado por habitante;g/hab;185,0685
Belo Horizonte;2008;gMP/hab;Emissões de material particulado por habitante;g/hab;175,5587
Belo Horizonte;2009;gMP/hab;Emissões de material particulado por habitante;g/hab;171,0007
Belo Horizonte;2010;gMP/hab;Emissões de material particulado por habitante;g/hab;182,1318
Belo Horizonte;2011;gMP/hab;Emissões de material particulado por habitante;g/hab;181,2288
Belo Horizonte;2012;gMP/hab;Emissões de material particulado por habitante;g/hab;162,0582
Belo Horizonte;2013;gMP/hab;Emissões de material particulado por habitante;g/hab;157,8784
Belo Horizonte;2014;gMP/hab;Emissões de material particulado por habitante;g/hab;146,4099
Belo Horizonte;2015;gMP/hab;Emissões de material particulado por habitante;g/hab;135,0322
Belo Horizonte;2016;gMP/hab;Emissões de material particulado por habitante;g/hab;132,0021
Belo Horizonte;2017;gMP/hab;Emissões de material particulado por habitante;g/hab;127,0255
Belo Horizonte;2018;gMP/hab;Emissões de material particulado por habitante;g/hab;118,5721
Belo Horizonte;2019;gMP/hab;Emissões de material particulado por habitante;g/hab;122,1907
Boa Vista;2007;gMP/hab;Emissões de material particulado por habitante;g/hab;184,9234
Boa Vista;2008;gMP/hab;Emissões de material particulado por habitante;g/hab;210,1016
Boa Vista;2009;gMP/hab;Emissões de material particulado por habitante;g/hab;207,2591
Boa Vista;2010;gMP/hab;Emissões de material particulado por habitante;g/hab;197,6095
Boa Vista;2011;gMP/hab;Emissões de material particulado por habitante;g/hab;180,8156
Boa Vista;2012;gMP/hab;Emissões de material particulado por habitante;g/hab;184,4971
Boa Vista;2013;gMP/hab;Emissões de material particulado por habitante;g/hab;177,4615
Boa Vista;2014;gMP/hab;Emissões de material particulado por habitante;g/hab;181,8182
Boa Vista;2015;gMP/hab;Emissões de material particulado por habitante;g/hab;167,3324
Boa Vista;2016;gMP/hab;Emissões de material particulado por habitante;g/hab;167,108
Boa Vista;2017;gMP/hab;Emissões de material particulado por habitante;g/hab;222,8817
Boa Vista;2018;gMP/hab;Emissões de material particulado por habitante;g/hab;162,1563
Boa Vista;2019;gMP/hab;Emissões de material particulado por habitante;g/hab;160,6425
Brasília;2007;gMP/hab;Emissões de material particulado por habitante;g/hab;234,9539
Brasília;2008;gMP/hab;Emissões de material particulado por habitante;g/hab;220,1043
Brasília;2009;gMP/hab;Emissões de material particulado por habitante;g/hab;207,062
Brasília;2010;gMP/hab;Emissões de material particulado por habitante;g/hab;215,092
Brasília;2011;gMP/hab;Emissões de material particulado por habitante;g/hab;211,0448
Brasília;2012;gMP/hab;Emissões de material particulado por habitante;g/hab;208,6038
Brasília;2013;gMP/hab;Emissões de material particulado por habitante;g/hab;197,0163
Brasília;2014;gMP/hab;Emissões de material particulado por habitante;g/hab;190,9706
Brasília;2015;gMP/hab;Emissões de material particulado por habitante;g/hab;181,3413
Brasília;2016;gMP/hab;Emissões de material particulado por habitante;g/hab;161,6816
Brasília;2017;gMP/hab;Emissões de material particulado por habitante;g/hab;153,9267
Brasília;2018;gMP/hab;Emissões de material particulado por habitante;g/hab;150,6719
Brasília;2019;gMP/hab;Emissões de material particulado por habitante;g/hab;150,3505
Campo Grande;2007;gMP/hab;Emissões de material particulado por habitante;g/hab;519,1709
Campo Grande;2008;gMP/hab;Emissões de material particulado por habitante;g/hab;510,0691
Campo Grande;2009;gMP/hab;Emissões de material particulado por habitante;g/hab;501,5531
Campo Grande;2010;gMP/hab;Emissões de material particulado por habitante;g/hab;491,3451
Campo Grande;2011;gMP/hab;Emissões de material particulado por habitante;g/hab;490,3429
Campo Grande;2012;gMP/hab;Emissões de material particulado por habitante;g/hab;472,6983
Campo Grande;2013;gMP/hab;Emissões de material particulado por habitante;g/hab;455,6127
Campo Grande;2014;gMP/hab;Emissões de material particulado por habitante;g/hab;429,3017
Campo Grande;2015;gMP/hab;Emissões de material particulado por habitante;g/hab;408,5593
Campo Grande;2016;gMP/hab;Emissões de material particulado por habitante;g/hab;388,4058
Campo Grande;2017;gMP/hab;Emissões de material particulado por habitante;g/hab;359,6413
Campo Grande;2018;gMP/hab;Emissões de material particulado por habitante;g/hab;374,2067
Campo Grande;2019;gMP/hab;Emissões de material particulado por habitante;g/hab;390,2044
Cuiabá;2007;gMP/hab;Emissões de material particulado por habitante;g/hab;452,4706
Cuiabá;2008;gMP/hab;Emissões de material particulado por habitante;g/hab;485,971
Cuiabá;2009;gMP/hab;Emissões de material particulado por habitante;g/hab;473,9817
Cuiabá;2010;gMP/hab;Emissões de material particulado por habitante;g/hab;466,5318
Cuiabá;2011;gMP/hab;Emissões de material particulado por habitante;g/hab;465,9512
Cuiabá;2012;gMP/hab;Emissões de material particulado por habitante;g/hab;511,8029
Cuiabá;2013;gMP/hab;Emissões de material particulado por habitante;g/hab;520,856
Cuiabá;2014;gMP/hab;Emissões de material particulado por habitante;g/hab;432,4393
Cuiabá;2015;gMP/hab;Emissões de material particulado por habitante;g/hab;385,6327
Cuiabá;2016;gMP/hab;Emissões de material particulado por habitante;g/hab;346,995
Cuiabá;2017;gMP/hab;Emissões de material particulado por habitante;g/hab;341,0674
Cuiabá;2018;gMP/hab;Emissões de material particulado por habitante;g/hab;334,0145
Cuiabá;2019;gMP/hab;Emissões de material particulado por habitante;g/hab;301,3696
Curitiba;2007;gMP/hab;Emissões de material particulado por habitante;g/hab;274,8179
Curitiba;2008;gMP/hab;Emissões de material particulado por habitante;g/hab;256,0652
Curitiba;2009;gMP/hab;Emissões de material particulado por habitante;g/hab;239,0892
Curitiba;2010;gMP/hab;Emissões de material particulado por habitante;g/hab;268,028
Curitiba;2011;gMP/hab;Emissões de material particulado por habitante;g/hab;266,6136
Curitiba;2012;gMP/hab;Emissões de material particulado por habitante;g/hab;251,6374
Curitiba;2013;gMP/hab;Emissões de material particulado por habitante;g/hab;231,1939
Curitiba;2014;gMP/hab;Emissões de material particulado por habitante;g/hab;214,7975
Curitiba;2015;gMP/hab;Emissões de material particulado por habitante;g/hab;199,1131
Curitiba;2016;gMP/hab;Emissões de material particulado por habitante;g/hab;186,339
Curitiba;2017;gMP/hab;Emissões de material particulado por habitante;g/hab;182,5675
Curitiba;2018;gMP/hab;Emissões de material particulado por habitante;g/hab;177,1978
Curitiba;2019;gMP/hab;Emissões de material particulado por habitante;g/hab;172,3133
Florianópolis;2007;gMP/hab;Emissões de material particulado por habitante;g/hab;242,2198
Florianópolis;2008;gMP/hab;Emissões de material particulado por habitante;g/hab;194,0866
Florianópolis;2009;gMP/hab;Emissões de material particulado por habitante;g/hab;177,9786
Florianópolis;2010;gMP/hab;Emissões de material particulado por habitante;g/hab;177,8225
Florianópolis;2011;gMP/hab;Emissões de material particulado por habitante;g/hab;165,7619
Florianópolis;2012;gMP/hab;Emissões de material particulado por habitante;g/hab;156,9591
Florianópolis;2013;gMP/hab;Emissões de material particulado por habitante;g/hab;152,3807
Florianópolis;2014;gMP/hab;Emissões de material particulado por habitante;g/hab;150,4047
Florianópolis;2015;gMP/hab;Emissões de material particulado por habitante;g/hab;140,9908
Florianópolis;2016;gMP/hab;Emissões de material particulado por habitante;g/hab;137,4428
Florianópolis;2017;gMP/hab;Emissões de material particulado por habitante;g/hab;125,124
Florianópolis;2018;gMP/hab;Emissões de material particulado por habitante;g/hab;118,2225
Florianópolis;2019;gMP/hab;Emissões de material particulado por habitante;g/hab;124,8366
Fortaleza;2007;gMP/hab;Emissões de material particulado por habitante;g/hab;144,5728
Fortaleza;2008;gMP/hab;Emissões de material particulado por habitante;g/hab;142,5777
Fortaleza;2009;gMP/hab;Emissões de material particulado por habitante;g/hab;138,4592
Fortaleza;2010;gMP/hab;Emissões de material particulado por habitante;g/hab;145,2587
Fortaleza;2011;gMP/hab;Emissões de material particulado por habitante;g/hab;147,4245
Fortaleza;2012;gMP/hab;Emissões de material particulado por habitante;g/hab;146,9464
Fortaleza;2013;gMP/hab;Emissões de material particulado por habitante;g/hab;137,9791
Fortaleza;2014;gMP/hab;Emissões de material particulado por habitante;g/hab;131,7575
Fortaleza;2015;gMP/hab;Emissões de material particulado por habitante;g/hab;116,4511
Fortaleza;2016;gMP/hab;Emissões de material particulado por habitante;g/hab;107,1926
Fortaleza;2017;gMP/hab;Emissões de material particulado por habitante;g/hab;100,2278
Fortaleza;2018;gMP/hab;Emissões de material particulado por habitante;g/hab;95,3438
Fortaleza;2019;gMP/hab;Emissões de material particulado por habitante;g/hab;93,1292
Goiânia;2007;gMP/hab;Emissões de material particulado por habitante;g/hab;300,0045
Goiânia;2008;gMP/hab;Emissões de material particulado por habitante;g/hab;293,4886
Goiânia;2009;gMP/hab;Emissões de material particulado por habitante;g/hab;270,1292
Goiânia;2010;gMP/hab;Emissões de material particulado por habitante;g/hab;272,5489
Goiânia;2011;gMP/hab;Emissões de material particulado por habitante;g/hab;260,3174
Goiânia;2012;gMP/hab;Emissões de material particulado por habitante;g/hab;253,8482
Goiânia;2013;gMP/hab;Emissões de material particulado por habitante;g/hab;263,4513
Goiânia;2014;gMP/hab;Emissões de material particulado por habitante;g/hab;226,1492
Goiânia;2015;gMP/hab;Emissões de material particulado por habitante;g/hab;211,6753
Goiânia;2016;gMP/hab;Emissões de material particulado por habitante;g/hab;192,0106
Goiânia;2017;gMP/hab;Emissões de material particulado por habitante;g/hab;183,1126
Goiânia;2018;gMP/hab;Emissões de material particulado por habitante;g/hab;176,4325
Goiânia;2019;gMP/hab;Emissões de material particulado por habitante;g/hab;176,4356
João Pessoa;2007;gMP/hab;Emissões de material particulado por habitante;g/hab;148,589
João Pessoa;2008;gMP/hab;Emissões de material particulado por habitante;g/hab;146,1736
João Pessoa;2009;gMP/hab;Emissões de material particulado por habitante;g/hab;148,7607
João Pessoa;2010;gMP/hab;Emissões de material particulado por habitante;g/hab;158,2221
João Pessoa;2011;gMP/hab;Emissões de material particulado por habitante;g/hab;156,9162
João Pessoa;2012;gMP/hab;Emissões de material particulado por habitante;g/hab;153,9131
João Pessoa;2013;gMP/hab;Emissões de material particulado por habitante;g/hab;140,293
João Pessoa;2014;gMP/hab;Emissões de material particulado por habitante;g/hab;137,4103
João Pessoa;2015;gMP/hab;Emissões de material particulado por habitante;g/hab;130,8775
João Pessoa;2016;gMP/hab;Emissões de material particulado por habitante;g/hab;124,8382
João Pessoa;2017;gMP/hab;Emissões de material particulado por habitante;g/hab;116,3058
João Pessoa;2018;gMP/hab;Emissões de material particulado por habitante;g/hab;112,8476
João Pessoa;2019;gMP/hab;Emissões de material particulado por habitante;g/hab;111,8622
Macapá;2007;gMP/hab;Emissões de material particulado por habitante;g/hab;188,8288
Macapá;2008;gMP/hab;Emissões de material particulado por habitante;g/hab;178,3909
Macapá;2009;gMP/hab;Emissões de material particulado por habitante;g/hab;144,0026
Macapá;2010;gMP/hab;Emissões de material particulado por habitante;g/hab;126,3062
Macapá;2011;gMP/hab;Emissões de material particulado por habitante;g/hab;125,7645
Macapá;2012;gMP/hab;Emissões de material particulado por habitante;g/hab;132,7397
Macapá;2013;gMP/hab;Emissões de material particulado por habitante;g/hab;121,3498
Macapá;2014;gMP/hab;Emissões de material particulado por habitante;g/hab;123,5126
Macapá;2015;gMP/hab;Emissões de material particulado por habitante;g/hab;115,1852
Macapá;2016;gMP/hab;Emissões de material particulado por habitante;g/hab;100,2716
Macapá;2017;gMP/hab;Emissões de material particulado por habitante;g/hab;91,4153
Macapá;2018;gMP/hab;Emissões de material particulado por habitante;g/hab;81,684
Macapá;2019;gMP/hab;Emissões de material particulado por habitante;g/hab;91,2443
Maceió;2007;gMP/hab;Emissões de material particulado por habitante;g/hab;144,5736
Maceió;2008;gMP/hab;Emissões de material particulado por habitante;g/hab;136,4018
Maceió;2009;gMP/hab;Emissões de material particulado por habitante;g/hab;132,6887
Maceió;2010;gMP/hab;Emissões de material particulado por habitante;g/hab;140,3003
Maceió;2011;gMP/hab;Emissões de material particulado por habitante;g/hab;143,3662
Maceió;2012;gMP/hab;Emissões de material particulado por habitante;g/hab;137,455
Maceió;2013;gMP/hab;Emissões de material particulado por habitante;g/hab;128,9087
Maceió;2014;gMP/hab;Emissões de material particulado por habitante;g/hab;129,0088
Maceió;2015;gMP/hab;Emissões de material particulado por habitante;g/hab;116,0482
Maceió;2016;gMP/hab;Emissões de material particulado por habitante;g/hab;108,2404
Maceió;2017;gMP/hab;Emissões de material particulado por habitante;g/hab;101,5766
Maceió;2018;gMP/hab;Emissões de material particulado por habitante;g/hab;102,5057
Maceió;2019;gMP/hab;Emissões de material particulado por habitante;g/hab;105,0016
Manaus;2007;gMP/hab;Emissões de material particulado por habitante;g/hab;232,498
Manaus;2008;gMP/hab;Emissões de material particulado por habitante;g/hab;229,736
Manaus;2009;gMP/hab;Emissões de material particulado por habitante;g/hab;217,9655
Manaus;2010;gMP/hab;Emissões de material particulado por habitante;g/hab;201,8491
Manaus;2011;gMP/hab;Emissões de material particulado por habitante;g/hab;189,6611
Manaus;2012;gMP/hab;Emissões de material particulado por habitante;g/hab;187,9381
Manaus;2013;gMP/hab;Emissões de material particulado por habitante;g/hab;171,6393
Manaus;2014;gMP/hab;Emissões de material particulado por habitante;g/hab;165,1602
Manaus;2015;gMP/hab;Emissões de material particulado por habitante;g/hab;145,9046
Manaus;2016;gMP/hab;Emissões de material particulado por habitante;g/hab;148,1532
Manaus;2017;gMP/hab;Emissões de material particulado por habitante;g/hab;183,2561
Manaus;2018;gMP/hab;Emissões de material particulado por habitante;g/hab;189,0983
Manaus;2019;gMP/hab;Emissões de material particulado por habitante;g/hab;133,9625
Natal;2007;gMP/hab;Emissões de material particulado por habitante;g/hab;155,877
Natal;2008;gMP/hab;Emissões de material particulado por habitante;g/hab;174,1805
Natal;2009;gMP/hab;Emissões de material particulado por habitante;g/hab;143,8925
Natal;2010;gMP/hab;Emissões de material particulado por habitante;g/hab;131,3744
Natal;2011;gMP/hab;Emissões de material particulado por habitante;g/hab;139,7233
Natal;2012;gMP/hab;Emissões de material particulado por habitante;g/hab;135,9254
Natal;2013;gMP/hab;Emissões de material particulado por habitante;g/hab;135,1014
Natal;2014;gMP/hab;Emissões de material particulado por habitante;g/hab;126,803
Natal;2015;gMP/hab;Emissões de material particulado por habitante;g/hab;132,3073
Natal;2016;gMP/hab;Emissões de material particulado por habitante;g/hab;112,2067
Natal;2017;gMP/hab;Emissões de material particulado por habitante;g/hab;105,7197
Natal;2018;gMP/hab;Emissões de material particulado por habitante;g/hab;100,4815
Natal;2019;gMP/hab;Emissões de material particulado por habitante;g/hab;97,1962
Palmas;2007;gMP/hab;Emissões de material particulado por habitante;g/hab;243,772
Palmas;2008;gMP/hab;Emissões de material particulado por habitante;g/hab;252,095
Palmas;2009;gMP/hab;Emissões de material particulado por habitante;g/hab;241,0703
Palmas;2010;gMP/hab;Emissões de material particulado por habitante;g/hab;232,7385
Palmas;2011;gMP/hab;Emissões de material particulado por habitante;g/hab;203,8331
Palmas;2012;gMP/hab;Emissões de material particulado por habitante;g/hab;234,6022
Palmas;2013;gMP/hab;Emissões de material particulado por habitante;g/hab;232,8618
Palmas;2014;gMP/hab;Emissões de material particulado por habitante;g/hab;232,5258
Palmas;2015;gMP/hab;Emissões de material particulado por habitante;g/hab;200,8411
Palmas;2016;gMP/hab;Emissões de material particulado por habitante;g/hab;190,5469
Palmas;2017;gMP/hab;Emissões de material particulado por habitante;g/hab;193,0629
Palmas;2018;gMP/hab;Emissões de material particulado por habitante;g/hab;181,8698
Palmas;2019;gMP/hab;Emissões de material particulado por habitante;g/hab;183,8211
Porto Alegre;2007;gMP/hab;Emissões de material particulado por habitante;g/hab;214,098
Porto Alegre;2008;gMP/hab;Emissões de material particulado por habitante;g/hab;190,1865
Porto Alegre;2009;gMP/hab;Emissões de material particulado por habitante;g/hab;174,7039
Porto Alegre;2010;gMP/hab;Emissões de material particulado por habitante;g/hab;183,2079
Porto Alegre;2011;gMP/hab;Emissões de material particulado por habitante;g/hab;182,4545
Porto Alegre;2012;gMP/hab;Emissões de material particulado por habitante;g/hab;178,5815
Porto Alegre;2013;gMP/hab;Emissões de material particulado por habitante;g/hab;166,9911
Porto Alegre;2014;gMP/hab;Emissões de material particulado por habitante;g/hab;157,7344
Porto Alegre;2015;gMP/hab;Emissões de material particulado por habitante;g/hab;148,5966
Porto Alegre;2016;gMP/hab;Emissões de material particulado por habitante;g/hab;134,1161
Porto Alegre;2017;gMP/hab;Emissões de material particulado por habitante;g/hab;128,8381
Porto Alegre;2018;gMP/hab;Emissões de material particulado por habitante;g/hab;118,9722
Porto Alegre;2019;gMP/hab;Emissões de material particulado por habitante;g/hab;114,4502
Porto Velho;2007;gMP/hab;Emissões de material particulado por habitante;g/hab;442,602
Porto Velho;2008;gMP/hab;Emissões de material particulado por habitante;g/hab;447,3058
Porto Velho;2009;gMP/hab;Emissões de material particulado por habitante;g/hab;509,0309
Porto Velho;2010;gMP/hab;Emissões de material particulado por habitante;g/hab;526,4801
Porto Velho;2011;gMP/hab;Emissões de material particulado por habitante;g/hab;523,016
Porto Velho;2012;gMP/hab;Emissões de material particulado por habitante;g/hab;473,2201
Porto Velho;2013;gMP/hab;Emissões de material particulado por habitante;g/hab;375,4747
Porto Velho;2014;gMP/hab;Emissões de material particulado por habitante;g/hab;320,5769
Porto Velho;2015;gMP/hab;Emissões de material particulado por habitante;g/hab;305,2228
Porto Velho;2016;gMP/hab;Emissões de material particulado por habitante;g/hab;266,468
Porto Velho;2017;gMP/hab;Emissões de material particulado por habitante;g/hab;263,1546
Porto Velho;2018;gMP/hab;Emissões de material particulado por habitante;g/hab;258,6141
Porto Velho;2019;gMP/hab;Emissões de material particulado por habitante;g/hab;245,9074
Recife;2007;gMP/hab;Emissões de material particulado por habitante;g/hab;142,3043
Recife;2008;gMP/hab;Emissões de material particulado por habitante;g/hab;131,5401
Recife;2009;gMP/hab;Emissões de material particulado por habitante;g/hab;142,8286
Recife;2010;gMP/hab;Emissões de material particulado por habitante;g/hab;152,3418
Recife;2011;gMP/hab;Emissões de material particulado por habitante;g/hab;154,6825
Recife;2012;gMP/hab;Emissões de material particulado por habitante;g/hab;147,3901
Recife;2013;gMP/hab;Emissões de material particulado por habitante;g/hab;144,1488
Recife;2014;gMP/hab;Emissões de material particulado por habitante;g/hab;133,1201
Recife;2015;gMP/hab;Emissões de material particulado por habitante;g/hab;114,8762
Recife;2016;gMP/hab;Emissões de material particulado por habitante;g/hab;109,3085
Recife;2017;gMP/hab;Emissões de material particulado por habitante;g/hab;107,5427
Recife;2018;gMP/hab;Emissões de material particulado por habitante;g/hab;105,1062
Recife;2019;gMP/hab;Emissões de material particulado por habitante;g/hab;101,9439
Rio Branco;2007;gMP/hab;Emissões de material particulado por habitante;g/hab;209,8016
Rio Branco;2008;gMP/hab;Emissões de material particulado por habitante;g/hab;204,0345
Rio Branco;2009;gMP/hab;Emissões de material particulado por habitante;g/hab;187,3714
Rio Branco;2010;gMP/hab;Emissões de material particulado por habitante;g/hab;194,0905
Rio Branco;2011;gMP/hab;Emissões de material particulado por habitante;g/hab;186,1409
Rio Branco;2012;gMP/hab;Emissões de material particulado por habitante;g/hab;194,799
Rio Branco;2013;gMP/hab;Emissões de material particulado por habitante;g/hab;189,1086
Rio Branco;2014;gMP/hab;Emissões de material particulado por habitante;g/hab;190,1001
Rio Branco;2015;gMP/hab;Emissões de material particulado por habitante;g/hab;165,228
Rio Branco;2016;gMP/hab;Emissões de material particulado por habitante;g/hab;145,4236
Rio Branco;2017;gMP/hab;Emissões de material particulado por habitante;g/hab;131,1765
Rio Branco;2018;gMP/hab;Emissões de material particulado por habitante;g/hab;120,1201
Rio Branco;2019;gMP/hab;Emissões de material particulado por habitante;g/hab;117,0069
Rio de Janeiro;2007;gMP/hab;Emissões de material particulado por habitante;g/hab;166,0677
Rio de Janeiro;2008;gMP/hab;Emissões de material particulado por habitante;g/hab;159,38
Rio de Janeiro;2009;gMP/hab;Emissões de material particulado por habitante;g/hab;154,0124
Rio de Janeiro;2010;gMP/hab;Emissões de material particulado por habitante;g/hab;159,3198
Rio de Janeiro;2011;gMP/hab;Emissões de material particulado por habitante;g/hab;172,1867
Rio de Janeiro;2012;gMP/hab;Emissões de material particulado por habitante;g/hab;164,9703
Rio de Janeiro;2013;gMP/hab;Emissões de material particulado por habitante;g/hab;147,5138
Rio de Janeiro;2014;gMP/hab;Emissões de material particulado por habitante;g/hab;130,6619
Rio de Janeiro;2015;gMP/hab;Emissões de material particulado por habitante;g/hab;129,7158
Rio de Janeiro;2016;gMP/hab;Emissões de material particulado por habitante;g/hab;113,9141
Rio de Janeiro;2017;gMP/hab;Emissões de material particulado por habitante;g/hab;102,6078
Rio de Janeiro;2018;gMP/hab;Emissões de material particulado por habitante;g/hab;90,7831
Rio de Janeiro;2019;gMP/hab;Emissões de material particulado por habitante;g/hab;90,8703
Salvador;2007;gMP/hab;Emissões de material particulado por habitante;g/hab;137,4532
Salvador;2008;gMP/hab;Emissões de material particulado por habitante;g/hab;129,5776
Salvador;2009;gMP/hab;Emissões de material particulado por habitante;g/hab;121,3682
Salvador;2010;gMP/hab;Emissões de material particulado por habitante;g/hab;137,2775
Salvador;2011;gMP/hab;Emissões de material particulado por habitante;g/hab;134,5624
Salvador;2012;gMP/hab;Emissões de material particulado por habitante;g/hab;128,6544
Salvador;2013;gMP/hab;Emissões de material particulado por habitante;g/hab;106,6518
Salvador;2014;gMP/hab;Emissões de material particulado por habitante;g/hab;109,0071
Salvador;2015;gMP/hab;Emissões de material particulado por habitante;g/hab;99,8053
Salvador;2016;gMP/hab;Emissões de material particulado por habitante;g/hab;94,6111
Salvador;2017;gMP/hab;Emissões de material particulado por habitante;g/hab;90,7377
Salvador;2018;gMP/hab;Emissões de material particulado por habitante;g/hab;87,1286
Salvador;2019;gMP/hab;Emissões de material particulado por habitante;g/hab;86,7407
São Luís;2007;gMP/hab;Emissões de material particulado por habitante;g/hab;226,6271
São Luís;2008;gMP/hab;Emissões de material particulado por habitante;g/hab;226,8025
São Luís;2009;gMP/hab;Emissões de material particulado por habitante;g/hab;237,7314
São Luís;2010;gMP/hab;Emissões de material particulado por habitante;g/hab;230,5964
São Luís;2011;gMP/hab;Emissões de material particulado por habitante;g/hab;236,3098
São Luís;2012;gMP/hab;Emissões de material particulado por habitante;g/hab;236,5361
São Luís;2013;gMP/hab;Emissões de material particulado por habitante;g/hab;191,9204
São Luís;2014;gMP/hab;Emissões de material particulado por habitante;g/hab;189,669
São Luís;2015;gMP/hab;Emissões de material particulado por habitante;g/hab;184,2852
São Luís;2016;gMP/hab;Emissões de material particulado por habitante;g/hab;158,6525
São Luís;2017;gMP/hab;Emissões de material particulado por habitante;g/hab;161,0382
São Luís;2018;gMP/hab;Emissões de material particulado por habitante;g/hab;160,8575
São Luís;2019;gMP/hab;Emissões de material particulado por habitante;g/hab;154,0058
São Paulo;2007;gMP/hab;Emissões de material particulado por habitante;g/hab;215,5119
São Paulo;2008;gMP/hab;Emissões de material particulado por habitante;g/hab;214,4187
São Paulo;2009;gMP/hab;Emissões de material particulado por habitante;g/hab;203,797
São Paulo;2010;gMP/hab;Emissões de material particulado por habitante;g/hab;200,7771
São Paulo;2011;gMP/hab;Emissões de material particulado por habitante;g/hab;196,5349
São Paulo;2012;gMP/hab;Emissões de material particulado por habitante;g/hab;191,38
São Paulo;2013;gMP/hab;Emissões de material particulado por habitante;g/hab;176,1244
São Paulo;2014;gMP/hab;Emissões de material particulado por habitante;g/hab;167,1224
São Paulo;2015;gMP/hab;Emissões de material particulado por habitante;g/hab;155,9137
São Paulo;2016;gMP/hab;Emissões de material particulado por habitante;g/hab;148,5987
São Paulo;2017;gMP/hab;Emissões de material particulado por habitante;g/hab;145,087
São Paulo;2018;gMP/hab;Emissões de material particulado por habitante;g/hab;137,2785
São Paulo;2019;gMP/hab;Emissões de material particulado por habitante;g/hab;136,1387
Teresina;2007;gMP/hab;Emissões de material particulado por habitante;g/hab;202,0283
Teresina;2008;gMP/hab;Emissões de material particulado por habitante;g/hab;201,1536
Teresina;2009;gMP/hab;Emissões de material particulado por habitante;g/hab;203,9518
Teresina;2010;gMP/hab;Emissões de material particulado por habitante;g/hab;216,8344
Teresina;2011;gMP/hab;Emissões de material particulado por habitante;g/hab;202,9573
Teresina;2012;gMP/hab;Emissões de material particulado por habitante;g/hab;208,4994
Teresina;2013;gMP/hab;Emissões de material particulado por habitante;g/hab;205,3765
Teresina;2014;gMP/hab;Emissões de material particulado por habitante;g/hab;198,9364
Teresina;2015;gMP/hab;Emissões de material particulado por habitante;g/hab;182,7617
Teresina;2016;gMP/hab;Emissões de material particulado por habitante;g/hab;171,0616
Teresina;2017;gMP/hab;Emissões de material particulado por habitante;g/hab;168,787
Teresina;2018;gMP/hab;Emissões de material particulado por habitante;g/hab;162,0295
Teresina;2019;gMP/hab;Emissões de material particulado por habitante;g/hab;164,1448
Vitória;2007;gMP/hab;Emissões de material particulado por habitante;g/hab;203,5023
Vitória;2008;gMP/hab;Emissões de material particulado por habitante;g/hab;184,0484
Vitória;2009;gMP/hab;Emissões de material particulado por habitante;g/hab;149,3788
Vitória;2010;gMP/hab;Emissões de material particulado por habitante;g/hab;120,2505
Vitória;2011;gMP/hab;Emissões de material particulado por habitante;g/hab;128,1941
Vitória;2012;gMP/hab;Emissões de material particulado por habitante;g/hab;165,0538
Vitória;2013;gMP/hab;Emissões de material particulado por habitante;g/hab;136,9446
Vitória;2014;gMP/hab;Emissões de material particulado por habitante;g/hab;128,4862
Vitória;2015;gMP/hab;Emissões de material particulado por habitante;g/hab;113,7271
Vitória;2016;gMP/hab;Emissões de material particulado por habitante;g/hab;107,847
Vitória;2017;gMP/hab;Emissões de material particulado por habitante;g/hab;96,9598
Vitória;2018;gMP/hab;Emissões de material particulado por habitante;g/hab;89,3941
Vitória;2019;gMP/hab;Emissões de material particulado por habitante;g/hab;91,4607
Aracaju;2007;kgCO2/hab;Emissões de CO₂ por habitante (combustíveis);kg/hab;692,7304
Aracaju;2008;kgCO2/hab;Emissões de CO₂ por habitante (combustíveis);kg/hab;713,5894
Aracaju;2009;kgCO2/hab;Emissões de CO₂ por habitante (combustíveis);kg/hab;622,9909
Aracaju;2010;kgCO2/hab;Emissões de CO₂ por habitante (combustíveis);kg/hab;682,9754
Aracaju;2011;kgCO2/hab;Emissões de CO₂ por habitante (combustíveis);kg/hab;753,2688
Aracaju;2012;kgCO2/hab;Emissões de CO₂ por habitante (combustíveis);kg/hab;824,3052
Aracaju;2013;kgCO2/hab;Emissões de CO₂ por habitante (combustíveis);kg/hab;762,257
Aracaju;2014;kgCO2/hab;Emissões de CO₂ por habitante (combustíveis);kg/hab;772,4535
Aracaju;2015;kgCO2/hab;Emissões de CO₂ por habitante (combustíveis);kg/hab;680,6487
Aracaju;2016;kgCO2/hab;Emissões de CO₂ por habitante (combustíveis);kg/hab;652,7495
Aracaju;2017;kgCO2/hab;Emissões de CO₂ por habitante (combustíveis);kg/hab;621,8265
Aracaju;2018;kgCO2/hab;Emissões de CO₂ por habitante (combustíveis);kg/hab;580,9799
Aracaju;2019;kgCO2/hab;Emissões de CO₂ por habitante (combustíveis);kg/hab;598,7551
Belém;2007;kgCO2/hab;Emissões de CO₂ por habitante (combustíveis);kg/hab;457,9607
Belém;2008;kgCO2/hab;Emissões de CO₂ por habitante (combustíveis);kg/hab;425,1579
Belém;2009;kgCO2/hab;Emissões de CO₂ por habitante (combustíveis);kg/hab;410,2418
Belém;2010;kgCO2/hab;Emissões de CO₂ por habitante (combustíveis);kg/hab;453,0503
Belém;2011;kgCO2/hab;Emissões de CO₂ por habitante (combustíveis);kg/hab;467,9149
Belém;2012;kgCO2/hab;Emissões de CO₂ por habitante (combustíveis);kg/hab;500,8346
Belém;2013;kgCO2/hab;Emissões de CO₂ por habitante (combustíveis);kg/hab;494,6637
Belém;2014;kgCO2/hab;Emissões de CO₂ por habitante (combustíveis);kg/hab;501,8131
Belém;2015;kgCO2/hab;Emissões de CO₂ por habitante (combustíveis);kg/hab;530,6892
Belém;2016;kgCO2/hab;Emissões de CO₂ por habitante (combustíveis);kg/hab;461,7106
Belém;2017;kgCO2/hab;Emissões de CO₂ por habitante (combustíveis);kg/hab;423,4966
Belém;2018;kgCO2/hab;Emissões de CO₂ por habitante (combustíveis);kg/hab;382,1844
Belém;2019;kgCO2/hab;Emissões de CO₂ por habitante (combustíveis);kg/hab;392,3259
Belo Horizonte;2007;kgCO2/hab;Emissões de CO₂ por habitante (combustíveis);kg/hab;678,9282
Belo Horizonte;2008;kgCO2/hab;Emissões de CO₂ por habitante (combustíveis);kg/hab;656,2619
Belo Horizonte;2009;kgCO2/hab;Emissões de CO₂ por habitante (combustíveis);kg/hab;658,9673
Belo Horizonte;2010;kgCO2/hab;Emissões de CO₂ por habitante (combustíveis);kg/hab;805,1412
Belo Horizonte;2011;kgCO2/hab;Emissões de CO₂ por habitante (combustíveis);kg/hab;869,8495
Belo Horizonte;2012;kgCO2/hab;Emissões de CO₂ por habitante (combustíveis);kg/hab;896,6583
Belo Horizonte;2013;kgCO2/hab;Emissões de CO₂ por habitante (combustíveis);kg/hab;870,2324
Belo Horizonte;2014;kgCO2/hab;Emissões de CO₂ por habitante (combustíveis);kg/hab;852,974
Belo Horizonte;2015;kgCO2/hab;Emissões de CO₂ por habitante (combustíveis);kg/hab;715,0008
Belo Horizonte;2016;kgCO2/hab;Emissões de CO₂ por habitante (combustíveis);kg/hab;738,1094
Belo Horizonte;2017;kgCO2/hab;Emissões de CO₂ por habitante (combustíveis);kg/hab;720,1071
Belo Horizonte;2018;kgCO2/hab;Emissões de CO₂ por habitante (combustíveis);kg/hab;564,3674
Belo Horizonte;2019;kgCO2/hab;Emissões de CO₂ por habitante (combustíveis);kg/hab;528,2468
Boa Vista;2007;kgCO2/hab;Emissões de CO₂ por habitante (combustíveis);kg/hab;596,4087
Boa Vista;2008;kgCO2/hab;Emissões de CO₂ por habitante (combustíveis);kg/hab;696,5318
Boa Vista;2009;kgCO2/hab;Emissões de CO₂ por habitante (combustíveis);kg/hab;766,4721
Boa Vista;2010;kgCO2/hab;Emissões de CO₂ por habitante (combustíveis);kg/hab;784,9176
Boa Vista;2011;kgCO2/hab;Emissões de CO₂ por habitante (combustíveis);kg/hab;760,4499
Boa Vista;2012;kgCO2/hab;Emissões de CO₂ por habitante (combustíveis);kg/hab;838,9269
Boa Vista;2013;kgCO2/hab;Emissões de CO₂ por habitante (combustíveis);kg/hab;850,5268
Boa Vista;2014;kgCO2/hab;Emissões de CO₂ por habitante (combustíveis);kg/hab;915,1177
Boa Vista;2015;kgCO2/hab;Emissões de CO₂ por habitante (combustíveis);kg/hab;867,2294
Boa Vista;2016;kgCO2/hab;Emissões de CO₂ por habitante (combustíveis);kg/hab;889,3111
Boa Vista;2017;kgCO2/hab;Emissões de CO₂ por habitante (combustíveis);kg/hab;1084,1226
Boa Vista;2018;kgCO2/hab;Emissões de CO₂ por habitante (combustíveis);kg/hab;864,1277
Boa Vista;2019;kgCO2/hab;Emissões de CO₂ por habitante (combustíveis);kg/hab;876,4785
Brasília;2007;kgCO2/hab;Emissões de CO₂ por habitante (combustíveis);kg/hab;868,1737
Brasília;2008;kgCO2/hab;Emissões de CO₂ por habitante (combustíveis);kg/hab;850,8293
Brasília;2009;kgCO2/hab;Emissões de CO₂ por habitante (combustíveis);kg/hab;807,6781
Brasília;2010;kgCO2/hab;Emissões de CO₂ por habitante (combustíveis);kg/hab;942,462
Brasília;2011;kgCO2/hab;Emissões de CO₂ por habitante (combustíveis);kg/hab;1001,7268
Brasília;2012;kgCO2/hab;Emissões de CO₂ por habitante (combustíveis);kg/hab;1082,8286
Brasília;2013;kgCO2/hab;Emissões de CO₂ por habitante (combustíveis);kg/hab;1026,6084
Brasília;2014;kgCO2/hab;Emissões de CO₂ por habitante (combustíveis);kg/hab;1050,8356
Brasília;2015;kgCO2/hab;Emissões de CO₂ por habitante (combustíveis);kg/hab;980,8388
Brasília;2016;kgCO2/hab;Emissões de CO₂ por habitante (combustíveis);kg/hab;958,6757
Brasília;2017;kgCO2/hab;Emissões de CO₂ por habitante (combustíveis);kg/hab;953,9679
Brasília;2018;kgCO2/hab;Emissões de CO₂ por habitante (combustíveis);kg/hab;872,4181
Brasília;2019;kgCO2/hab;Emissões de CO₂ por habitante (combustíveis);kg/hab;883,9522
Campo Grande;2007;kgCO2/hab;Emissões de CO₂ por habitante (combustíveis);kg/hab;1240,0435
Campo Grande;2008;kgCO2/hab;Emissões de CO₂ por habitante (combustíveis);kg/hab;1266,252
Campo Grande;2009;kgCO2/hab;Emissões de CO₂ por habitante (combustíveis);kg/hab;1243,2638
Campo Grande;2010;kgCO2/hab;Emissões de CO₂ por habitante (combustíveis);kg/hab;1395,6605
Campo Grande;2011;kgCO2/hab;Emissões de CO₂ por habitante (combustíveis);kg/hab;1528,6647
Campo Grande;2012;kgCO2/hab;Emissões de CO₂ por habitante (combustíveis);kg/hab;1600,77
Campo Grande;2013;kgCO2/hab;Emissões de CO₂ por habitante (combustíveis);kg/hab;1613,9674
Campo Grande;2014;kgCO2/hab;Emissões de CO₂ por habitante (combustíveis);kg/hab;1598,6626
Campo Grande;2015;kgCO2/hab;Emissões de CO₂ por habitante (combustíveis);kg/hab;1522,0768
Campo Grande;2016;kgCO2/hab;Emissões de CO₂ por habitante (combustíveis);kg/hab;1580,6751
Campo Grande;2017;kgCO2/hab;Emissões de CO₂ por habitante (combustíveis);kg/hab;1526,8409
Campo Grande;2018;kgCO2/hab;Emissões de CO₂ por habitante (combustíveis);kg/hab;1539,2374
Campo Grande;2019;kgCO2/hab;Emissões de CO₂ por habitante (combustíveis);kg/hab;1646,4299
Cuiabá;2007;kgCO2/hab;Emissões de CO₂ por habitante (combustíveis);kg/hab;1044,2981
Cuiabá;2008;kgCO2/hab;Emissões de CO₂ por habitante (combustíveis);kg/hab;1108,943
Cuiabá;2009;kgCO2/hab;Emissões de CO₂ por habitante (combustíveis);kg/hab;1091,3746
Cuiabá;2010;kgCO2/hab;Emissões de CO₂ por habitante (combustíveis);kg/hab;1181,0716
Cuiabá;2011;kgCO2/hab;Emissões de CO₂ por habitante (combustíveis);kg/hab;1288,599
Cuiabá;2012;kgCO2/hab;Emissões de CO₂ por habitante (combustíveis);kg/hab;1512,0593
Cuiabá;2013;kgCO2/hab;Emissões de CO₂ por habitante (combustíveis);kg/hab;1583,072
Cuiabá;2014;kgCO2/hab;Emissões de CO₂ por habitante (combustíveis);kg/hab;1428,3066
Cuiabá;2015;kgCO2/hab;Emissões de CO₂ por habitante (combustíveis);kg/hab;1218,8965
Cuiabá;2016;kgCO2/hab;Emissões de CO₂ por habitante (combustíveis);kg/hab;1147,551
Cuiabá;2017;kgCO2/hab;Emissões de CO₂ por habitante (combustíveis);kg/hab;1123,4127
Cuiabá;2018;kgCO2/hab;Emissões de CO₂ por habitante (combustíveis);kg/hab;1044,2882
Cuiabá;2019;kgCO2/hab;Emissões de CO₂ por habitante (combustíveis);kg/hab;927,0059
Curitiba;2007;kgCO2/hab;Emissões de CO₂ por habitante (combustíveis);kg/hab;886,3768
Curitiba;2008;kgCO2/hab;Emissões de CO₂ por habitante (combustíveis);kg/hab;836,6766
Curitiba;2009;kgCO2/hab;Emissões de CO₂ por habitante (combustíveis);kg/hab;767,3384
Curitiba;2010;kgCO2/hab;Emissões de CO₂ por habitante (combustíveis);kg/hab;940,8935
Curitiba;2011;kgCO2/hab;Emissões de CO₂ por habitante (combustíveis);kg/hab;1085,9003
Curitiba;2012;kgCO2/hab;Emissões de CO₂ por habitante (combustíveis);kg/hab;1165,0177
Curitiba;2013;kgCO2/hab;Emissões de CO₂ por habitante (combustíveis);kg/hab;1063,2183
Curitiba;2014;kgCO2/hab;Emissões de CO₂ por habitante (combustíveis);kg/hab;1039,4585
Curitiba;2015;kgCO2/hab;Emissões de CO₂ por habitante (combustíveis);kg/hab;940,6573
Curitiba;2016;kgCO2/hab;Emissões de CO₂ por habitante (combustíveis);kg/hab;979,4081
Curitiba;2017;kgCO2/hab;Emissões de CO₂ por habitante (combustíveis);kg/hab;1010,269
Curitiba;2018;kgCO2/hab;Emissões de CO₂ por habitante (combustíveis);kg/hab;876,0623
Curitiba;2019;kgCO2/hab;Emissões de CO₂ por habitante (combustíveis);kg/hab;839,0149
Florianópolis;2007;kgCO2/hab;Emissões de CO₂ por habitante (combustíveis);kg/hab;928,568
Florianópolis;2008;kgCO2/hab;Emissões de CO₂ por habitante (combustíveis);kg/hab;807,1733
Florianópolis;2009;kgCO2/hab;Emissões de CO₂ por habitante (combustíveis);kg/hab;775,9011
Florianópolis;2010;kgCO2/hab;Emissões de CO₂ por habitante (combustíveis);kg/hab;949,096
Florianópolis;2011;kgCO2/hab;Emissões de CO₂ por habitante (combustíveis);kg/hab;962,7653
Florianópolis;2012;kgCO2/hab;Emissões de CO₂ por habitante (combustíveis);kg/hab;1005,2943
Florianópolis;2013;kgCO2/hab;Emissões de CO₂ por habitante (combustíveis);kg/hab;994,7254
Florianópolis;2014;kgCO2/hab;Emissões de CO₂ por habitante (combustíveis);kg/hab;1018,7593
Florianópolis;2015;kgCO2/hab;Emissões de CO₂ por habitante (combustíveis);kg/hab;965,8513
Florianópolis;2016;kgCO2/hab;Emissões de CO₂ por habitante (combustíveis);kg/hab;976,2376
Florianópolis;2017;kgCO2/hab;Emissões de CO₂ por habitante (combustíveis);kg/hab;918,7033
Florianópolis;2018;kgCO2/hab;Emissões de CO₂ por habitante (combustíveis);kg/hab;856,1309
Florianópolis;2019;kgCO2/hab;Emissões de CO₂ por habitante (combustíveis);kg/hab;908,9541
Fortaleza;2007;kgCO2/hab;Emissões de CO₂ por habitante (combustíveis);kg/hab;439,3162
Fortaleza;2008;kgCO2/hab;Emissões de CO₂ por habitante (combustíveis);kg/hab;464,1161
Fortaleza;2009;kgCO2/hab;Emissões de CO₂ por habitante (combustíveis);kg/hab;454,4297
Fortaleza;2010;kgCO2/hab;Emissões de CO₂ por habitante (combustíveis);kg/hab;519,872
Fortaleza;2011;kgCO2/hab;Emissões de CO₂ por habitante (combustíveis);kg/hab;569,2659
Fortaleza;2012;kgCO2/hab;Emissões de CO₂ por habitante (combustíveis);kg/hab;633,9745
Fortaleza;2013;kgCO2/hab;Emissões de CO₂ por habitante (combustíveis);kg/hab;635,393
Fortaleza;2014;kgCO2/hab;Emissões de CO₂ por habitante (combustíveis);kg/hab;644,0496
Fortaleza;2015;kgCO2/hab;Emissões de CO₂ por habitante (combustíveis);kg/hab;578,3829
Fortaleza;2016;kgCO2/hab;Emissões de CO₂ por habitante (combustíveis);kg/hab;555,6934
Fortaleza;2017;kgCO2/hab;Emissões de CO₂ por habitante (combustíveis);kg/hab;532,2671
Fortaleza;2018;kgCO2/hab;Emissões de CO₂ por habitante (combustíveis);kg/hab;495,1768
Fortaleza;2019;kgCO2/hab;Emissões de CO₂ por habitante (combustíveis);kg/hab;502,2599
Goiânia;2007;kgCO2/hab;Emissões de CO₂ por habitante (combustíveis);kg/hab;906,9271
Goiânia;2008;kgCO2/hab;Emissões de CO₂ por habitante (combustíveis);kg/hab;903,2339
Goiânia;2009;kgCO2/hab;Emissões de CO₂ por habitante (combustíveis);kg/hab;833,9058
Goiânia;2010;kgCO2/hab;Emissões de CO₂ por habitante (combustíveis);kg/hab;899,2835
Goiânia;2011;kgCO2/hab;Emissões de CO₂ por habitante (combustíveis);kg/hab;948,6967
Goiânia;2012;kgCO2/hab;Emissões de CO₂ por habitante (combustíveis);kg/hab;1031,0035
Goiânia;2013;kgCO2/hab;Emissões de CO₂ por habitante (combustíveis);kg/hab;1056,9774
Goiânia;2014;kgCO2/hab;Emissões de CO₂ por habitante (combustíveis);kg/hab;969,5738
Goiânia;2015;kgCO2/hab;Emissões de CO₂ por habitante (combustíveis);kg/hab;836,6025
Goiânia;2016;kgCO2/hab;Emissões de CO₂ por habitante (combustíveis);kg/hab;818,4984
Goiânia;2017;kgCO2/hab;Emissões de CO₂ por habitante (combustíveis);kg/hab;815,9071
Goiânia;2018;kgCO2/hab;Emissões de CO₂ por habitante (combustíveis);kg/hab;666,7294
Goiânia;2019;kgCO2/hab;Emissões de CO₂ por habitante (combustíveis);kg/hab;650,9758
João Pessoa;2007;kgCO2/hab;Emissões de CO₂ por habitante (combustíveis);kg/hab;466,9658
João Pessoa;2008;kgCO2/hab;Emissões de CO₂ por habitante (combustíveis);kg/hab;487,2615
João Pessoa;2009;kgCO2/hab;Emissões de CO₂ por habitante (combustíveis);kg/hab;509,2204
João Pessoa;2010;kgCO2/hab;Emissões de CO₂ por habitante (combustíveis);kg/hab;601,9123
João Pessoa;2011;kgCO2/hab;Emissões de CO₂ por habitante (combustíveis);kg/hab;657,108
João Pessoa;2012;kgCO2/hab;Emissões de CO₂ por habitante (combustíveis);kg/hab;711,1744
João Pessoa;2013;kgCO2/hab;Emissões de CO₂ por habitante (combustíveis);kg/hab;684,6126
João Pessoa;2014;kgCO2/hab;Emissões de CO₂ por habitante (combustíveis);kg/hab;700,4946
João Pessoa;2015;kgCO2/hab;Emissões de CO₂ por habitante (combustíveis);kg/hab;669,3885
João Pessoa;2016;kgCO2/hab;Emissões de CO₂ por habitante (combustíveis);kg/hab;675,6615
João Pessoa;2017;kgCO2/hab;Emissões de CO₂ por habitante (combustíveis);kg/hab;655,5861
João Pessoa;2018;kgCO2/hab;Emissões de CO₂ por habitante (combustíveis);kg/hab;590,1346
João Pessoa;2019;kgCO2/hab;Emissões de CO₂ por habitante (combustíveis);kg/hab;593,8845
Macapá;2007;kgCO2/hab;Emissões de CO₂ por habitante (combustíveis);kg/hab;582,6336
Macapá;2008;kgCO2/hab;Emissões de CO₂ por habitante (combustíveis);kg/hab;577,4747
Macapá;2009;kgCO2/hab;Emissões de CO₂ por habitante (combustíveis);kg/hab;609,6821
Macapá;2010;kgCO2/hab;Emissões de CO₂ por habitante (combustíveis);kg/hab;533,1273
Macapá;2011;kgCO2/hab;Emissões de CO₂ por habitante (combustíveis);kg/hab;572,3555
Macapá;2012;kgCO2/hab;Emissões de CO₂ por habitante (combustíveis);kg/hab;656,5648
Macapá;2013;kgCO2/hab;Emissões de CO₂ por habitante (combustíveis);kg/hab;626,0015
Macapá;2014;kgCO2/hab;Emissões de CO₂ por habitante (combustíveis);kg/hab;672,511
Macapá;2015;kgCO2/hab;Emissões de CO₂ por habitante (combustíveis);kg/hab;638,4243
Macapá;2016;kgCO2/hab;Emissões de CO₂ por habitante (combustíveis);kg/hab;594,9947
Macapá;2017;kgCO2/hab;Emissões de CO₂ por habitante (combustíveis);kg/hab;575,1558
Macapá;2018;kgCO2/hab;Emissões de CO₂ por habitante (combustíveis);kg/hab;537,62
Macapá;2019;kgCO2/hab;Emissões de CO₂ por habitante (combustíveis);kg/hab;589,2822
Maceió;2007;kgCO2/hab;Emissões de CO₂ por habitante (combustíveis);kg/hab;387,0448
Maceió;2008;kgCO2/hab;Emissões de CO₂ por habitante (combustíveis);kg/hab;373,9503
Maceió;2009;kgCO2/hab;Emissões de CO₂ por habitante (combustíveis);kg/hab;374,4229
Maceió;2010;kgCO2/hab;Emissões de CO₂ por habitante (combustíveis);kg/hab;465,8653
Maceió;2011;kgCO2/hab;Emissões de CO₂ por habitante (combustíveis);kg/hab;523,5867
Maceió;2012;kgCO2/hab;Emissões de CO₂ por habitante (combustíveis);kg/hab;573,3519
Maceió;2013;kgCO2/hab;Emissões de CO₂ por habitante (combustíveis);kg/hab;574,9516
Maceió;2014;kgCO2/hab;Emissões de CO₂ por habitante (combustíveis);kg/hab;599,127
Maceió;2015;kgCO2/hab;Emissões de CO₂ por habitante (combustíveis);kg/hab;545,4772
Maceió;2016;kgCO2/hab;Emissões de CO₂ por habitante (combustíveis);kg/hab;544,8631
Maceió;2017;kgCO2/hab;Emissões de CO₂ por habitante (combustíveis);kg/hab;524,8988
Maceió;2018;kgCO2/hab;Emissões de CO₂ por habitante (combustíveis);kg/hab;495,7
Maceió;2019;kgCO2/hab;Emissões de CO₂ por habitante (combustíveis);kg/hab;532,4639
Manaus;2007;kgCO2/hab;Emissões de CO₂ por habitante (combustíveis);kg/hab;653,79
Manaus;2008;kgCO2/hab;Emissões de CO₂ por habitante (combustíveis);kg/hab;670,0172
Manaus;2009;kgCO2/hab;Emissões de CO₂ por habitante (combustíveis);kg/hab;713,0129
Manaus;2010;kgCO2/hab;Emissões de CO₂ por habitante (combustíveis);kg/hab;717,6368
Manaus;2011;kgCO2/hab;Emissões de CO₂ por habitante (combustíveis);kg/hab;738,4741
Manaus;2012;kgCO2/hab;Emissões de CO₂ por habitante (combustíveis);kg/hab;789,9135
Manaus;2013;kgCO2/hab;Emissões de CO₂ por habitante (combustíveis);kg/hab;753,9553
Manaus;2014;kgCO2/hab;Emissões de CO₂ por habitante (combustíveis);kg/hab;759,8844
Manaus;2015;kgCO2/hab;Emissões de CO₂ por habitante (combustíveis);kg/hab;686,7353
Manaus;2016;kgCO2/hab;Emissões de CO₂ por habitante (combustíveis);kg/hab;712,2959
Manaus;2017;kgCO2/hab;Emissões de CO₂ por habitante (combustíveis);kg/hab;820,3569
Manaus;2018;kgCO2/hab;Emissões de CO₂ por habitante (combustíveis);kg/hab;811,2121
Manaus;2019;kgCO2/hab;Emissões de CO₂ por habitante (combustíveis);kg/hab;662,9088
Natal;2007;kgCO2/hab;Emissões de CO₂ por habitante (combustíveis);kg/hab;502,286
Natal;2008;kgCO2/hab;Emissões de CO₂ por habitante (combustíveis);kg/hab;563,1009
Natal;2009;kgCO2/hab;Emissões de CO₂ por habitante (combustíveis);kg/hab;508,7525
Natal;2010;kgCO2/hab;Emissões de CO₂ por habitante (combustíveis);kg/hab;552,8634
Natal;2011;kgCO2/hab;Emissões de CO₂ por habitante (combustíveis);kg/hab;622,3117
Natal;2012;kgCO2/hab;Emissões de CO₂ por habitante (combustíveis);kg/hab;660,6887
Natal;2013;kgCO2/hab;Emissões de CO₂ por habitante (combustíveis);kg/hab;670,0656
Natal;2014;kgCO2/hab;Emissões de CO₂ por habitante (combustíveis);kg/hab;662,3554
Natal;2015;kgCO2/hab;Emissões de CO₂ por habitante (combustíveis);kg/hab;660,1545
Natal;2016;kgCO2/hab;Emissões de CO₂ por habitante (combustíveis);kg/hab;610,5563
Natal;2017;kgCO2/hab;Emissões de CO₂ por habitante (combustíveis);kg/hab;598,8877
Natal;2018;kgCO2/hab;Emissões de CO₂ por habitante (combustíveis);kg/hab;547,8581
Natal;2019;kgCO2/hab;Emissões de CO₂ por habitante (combustíveis);kg/hab;541,5857
Palmas;2007;kgCO2/hab;Emissões de CO₂ por habitante (combustíveis);kg/hab;769,1352
Palmas;2008;kgCO2/hab;Emissões de CO₂ por habitante (combustíveis);kg/hab;799,3093
Palmas;2009;kgCO2/hab;Emissões de CO₂ por habitante (combustíveis);kg/hab;772,2938
Palmas;2010;kgCO2/hab;Emissões de CO₂ por habitante (combustíveis);kg/hab;801,1826
Palmas;2011;kgCO2/hab;Emissões de CO₂ por habitante (combustíveis);kg/hab;821,3237
Palmas;2012;kgCO2/hab;Emissões de CO₂ por habitante (combustíveis);kg/hab;1002,934
Palmas;2013;kgCO2/hab;Emissões de CO₂ por habitante (combustíveis);kg/hab;1004,0876
Palmas;2014;kgCO2/hab;Emissões de CO₂ por habitante (combustíveis);kg/hab;1036,0179
Palmas;2015;kgCO2/hab;Emissões de CO₂ por habitante (combustíveis);kg/hab;930,0938
Palmas;2016;kgCO2/hab;Emissões de CO₂ por habitante (combustíveis);kg/hab;935,7946
Palmas;2017;kgCO2/hab;Emissões de CO₂ por habitante (combustíveis);kg/hab;960,0519
Palmas;2018;kgCO2/hab;Emissões de CO₂ por habitante (combustíveis);kg/hab;875,3626
Palmas;2019;kgCO2/hab;Emissões de CO₂ por habitante (combustíveis);kg/hab;916,7967
Porto Alegre;2007;kgCO2/hab;Emissões de CO₂ por habitante (combustíveis);kg/hab;786,4419
Porto Alegre;2008;kgCO2/hab;Emissões de CO₂ por habitante (combustíveis);kg/hab;732,4786
Porto Alegre;2009;kgCO2/hab;Emissões de CO₂ por habitante (combustíveis);kg/hab;711,5486
Porto Alegre;2010;kgCO2/hab;Emissões de CO₂ por habitante (combustíveis);kg/hab;825,5817
Porto Alegre;2011;kgCO2/hab;Emissões de CO₂ por habitante (combustíveis);kg/hab;871,8811
Porto Alegre;2012;kgCO2/hab;Emissões de CO₂ por habitante (combustíveis);kg/hab;928,578
Porto Alegre;2013;kgCO2/hab;Emissões de CO₂ por habitante (combustíveis);kg/hab;895,1453
Porto Alegre;2014;kgCO2/hab;Emissões de CO₂ por habitante (combustíveis);kg/hab;891,1033
Porto Alegre;2015;kgCO2/hab;Emissões de CO₂ por habitante (combustíveis);kg/hab;833,573
Porto Alegre;2016;kgCO2/hab;Emissões de CO₂ por habitante (combustíveis);kg/hab;767,2763
Porto Alegre;2017;kgCO2/hab;Emissões de CO₂ por habitante (combustíveis);kg/hab;775,3606
Porto Alegre;2018;kgCO2/hab;Emissões de CO₂ por habitante (combustíveis);kg/hab;705,4956
Porto Alegre;2019;kgCO2/hab;Emissões de CO₂ por habitante (combustíveis);kg/hab;702,8743
Porto Velho;2007;kgCO2/hab;Emissões de CO₂ por habitante (combustíveis);kg/hab;1085,1827
Porto Velho;2008;kgCO2/hab;Emissões de CO₂ por habitante (combustíveis);kg/hab;1114,317
Porto Velho;2009;kgCO2/hab;Emissões de CO₂ por habitante (combustíveis);kg/hab;1246,155
Porto Velho;2010;kgCO2/hab;Emissões de CO₂ por habitante (combustíveis);kg/hab;1479,9501
Porto Velho;2011;kgCO2/hab;Emissões de CO₂ por habitante (combustíveis);kg/hab;1574,2449
Porto Velho;2012;kgCO2/hab;Emissões de CO₂ por habitante (combustíveis);kg/hab;1572,9291
Porto Velho;2013;kgCO2/hab;Emissões de CO₂ por habitante (combustíveis);kg/hab;1355,7693
Porto Velho;2014;kgCO2/hab;Emissões de CO₂ por habitante (combustíveis);kg/hab;1245,9199
Porto Velho;2015;kgCO2/hab;Emissões de CO₂ por habitante (combustíveis);kg/hab;1209,2601
Porto Velho;2016;kgCO2/hab;Emissões de CO₂ por habitante (combustíveis);kg/hab;1133,8682
Porto Velho;2017;kgCO2/hab;Emissões de CO₂ por habitante (combustíveis);kg/hab;1131,9907
Porto Velho;2018;kgCO2/hab;Emissões de CO₂ por habitante (combustíveis);kg/hab;1110,3246
Porto Velho;2019;kgCO2/hab;Emissões de CO₂ por habitante (combustíveis);kg/hab;1085,8472
Recife;2007;kgCO2/hab;Emissões de CO₂ por habitante (combustíveis);kg/hab;454,4518
Recife;2008;kgCO2/hab;Emissões de CO₂ por habitante (combustíveis);kg/hab;436,341
Recife;2009;kgCO2/hab;Emissões de CO₂ por habitante (combustíveis);kg/hab;454,0559
Recife;2010;kgCO2/hab;Emissões de CO₂ por habitante (combustíveis);kg/hab;544,5636
Recife;2011;kgCO2/hab;Emissões de CO₂ por habitante (combustíveis);kg/hab;631,2301
Recife;2012;kgCO2/hab;Emissões de CO₂ por habitante (combustíveis);kg/hab;678,6728
Recife;2013;kgCO2/hab;Emissões de CO₂ por habitante (combustíveis);kg/hab;692,9716
Recife;2014;kgCO2/hab;Emissões de CO₂ por habitante (combustíveis);kg/hab;687,0654
Recife;2015;kgCO2/hab;Emissões de CO₂ por habitante (combustíveis);kg/hab;569,6441
Recife;2016;kgCO2/hab;Emissões de CO₂ por habitante (combustíveis);kg/hab;597,3274
Recife;2017;kgCO2/hab;Emissões de CO₂ por habitante (combustíveis);kg/hab;596,3511
Recife;2018;kgCO2/hab;Emissões de CO₂ por habitante (combustíveis);kg/hab;534,4795
Recife;2019;kgCO2/hab;Emissões de CO₂ por habitante (combustíveis);kg/hab;540,0856
Rio Branco;2007;kgCO2/hab;Emissões de CO₂ por habitante (combustíveis);kg/hab;597,5657
Rio Branco;2008;kgCO2/hab;Emissões de CO₂ por habitante (combustíveis);kg/hab;599,0336
Rio Branco;2009;kgCO2/hab;Emissões de CO₂ por habitante (combustíveis);kg/hab;626,8765
Rio Branco;2010;kgCO2/hab;Emissões de CO₂ por habitante (combustíveis);kg/hab;670,2879
Rio Branco;2011;kgCO2/hab;Emissões de CO₂ por habitante (combustíveis);kg/hab;697,9971
Rio Branco;2012;kgCO2/hab;Emissões de CO₂ por habitante (combustíveis);kg/hab;779,8563
Rio Branco;2013;kgCO2/hab;Emissões de CO₂ por habitante (combustíveis);kg/hab;794,6506
Rio Branco;2014;kgCO2/hab;Emissões de CO₂ por habitante (combustíveis);kg/hab;836,903
Rio Branco;2015;kgCO2/hab;Emissões de CO₂ por habitante (combustíveis);kg/hab;761,8196
Rio Branco;2016;kgCO2/hab;Emissões de CO₂ por habitante (combustíveis);kg/hab;702,7309
Rio Branco;2017;kgCO2/hab;Emissões de CO₂ por habitante (combustíveis);kg/hab;662,4988
Rio Branco;2018;kgCO2/hab;Emissões de CO₂ por habitante (combustíveis);kg/hab;610,2965
Rio Branco;2019;kgCO2/hab;Emissões de CO₂ por habitante (combustíveis);kg/hab;610,4322
Rio de Janeiro;2007;kgCO2/hab;Emissões de CO₂ por habitante (combustíveis);kg/hab;488,7072
Rio de Janeiro;2008;kgCO2/hab;Emissões de CO₂ por habitante (combustíveis);kg/hab;467,091
Rio de Janeiro;2009;kgCO2/hab;Emissões de CO₂ por habitante (combustíveis);kg/hab;451,3432
Rio de Janeiro;2010;kgCO2/hab;Emissões de CO₂ por habitante (combustíveis);kg/hab;514,6989
Rio de Janeiro;2011;kgCO2/hab;Emissões de CO₂ por habitante (combustíveis);kg/hab;599,3941
Rio de Janeiro;2012;kgCO2/hab;Emissões de CO₂ por habitante (combustíveis);kg/hab;628,307
Rio de Janeiro;2013;kgCO2/hab;Emissões de CO₂ por habitante (combustíveis);kg/hab;605,9778
Rio de Janeiro;2014;kgCO2/hab;Emissões de CO₂ por habitante (combustíveis);kg/hab;586,3396
Rio de Janeiro;2015;kgCO2/hab;Emissões de CO₂ por habitante (combustíveis);kg/hab;572,543
Rio de Janeiro;2016;kgCO2/hab;Emissões de CO₂ por habitante (combustíveis);kg/hab;531,3732
Rio de Janeiro;2017;kgCO2/hab;Emissões de CO₂ por habitante (combustíveis);kg/hab;480,902
Rio de Janeiro;2018;kgCO2/hab;Emissões de CO₂ por habitante (combustíveis);kg/hab;400,4847
Rio de Janeiro;2019;kgCO2/hab;Emissões de CO₂ por habitante (combustíveis);kg/hab;405,5006
Salvador;2007;kgCO2/hab;Emissões de CO₂ por habitante (combustíveis);kg/hab;401,4707
Salvador;2008;kgCO2/hab;Emissões de CO₂ por habitante (combustíveis);kg/hab;381,346
Salvador;2009;kgCO2/hab;Emissões de CO₂ por habitante (combustíveis);kg/hab;364,9868
Salvador;2010;kgCO2/hab;Emissões de CO₂ por habitante (combustíveis);kg/hab;451,6125
Salvador;2011;kgCO2/hab;Emissões de CO₂ por habitante (combustíveis);kg/hab;513,6897
Salvador;2012;kgCO2/hab;Emissões de CO₂ por habitante (combustíveis);kg/hab;548,1426
Salvador;2013;kgCO2/hab;Emissões de CO₂ por habitante (combustíveis);kg/hab;485,2989
Salvador;2014;kgCO2/hab;Emissões de CO₂ por habitante (combustíveis);kg/hab;501,0603
Salvador;2015;kgCO2/hab;Emissões de CO₂ por habitante (combustíveis);kg/hab;452,0261
Salvador;2016;kgCO2/hab;Emissões de CO₂ por habitante (combustíveis);kg/hab;460,9668
Salvador;2017;kgCO2/hab;Emissões de CO₂ por habitante (combustíveis);kg/hab;455,9237
Salvador;2018;kgCO2/hab;Emissões de CO₂ por habitante (combustíveis);kg/hab;407,4175
Salvador;2019;kgCO2/hab;Emissões de CO₂ por habitante (combustíveis);kg/hab;408,8232
São Luís;2007;kgCO2/hab;Emissões de CO₂ por habitante (combustíveis);kg/hab;658,1534
São Luís;2008;kgCO2/hab;Emissões de CO₂ por habitante (combustíveis);kg/hab;663,5125
São Luís;2009;kgCO2/hab;Emissões de CO₂ por habitante (combustíveis);kg/hab;697,4852
São Luís;2010;kgCO2/hab;Emissões de CO₂ por habitante (combustíveis);kg/hab;715,75
São Luís;2011;kgCO2/hab;Emissões de CO₂ por habitante (combustíveis);kg/hab;815,5323
São Luís;2012;kgCO2/hab;Emissões de CO₂ por habitante (combustíveis);kg/hab;896,1783
São Luís;2013;kgCO2/hab;Emissões de CO₂ por habitante (combustíveis);kg/hab;813,0203
São Luís;2014;kgCO2/hab;Emissões de CO₂ por habitante (combustíveis);kg/hab;834,3973
São Luís;2015;kgCO2/hab;Emissões de CO₂ por habitante (combustíveis);kg/hab;806,9837
São Luís;2016;kgCO2/hab;Emissões de CO₂ por habitante (combustíveis);kg/hab;760,1472
São Luís;2017;kgCO2/hab;Emissões de CO₂ por habitante (combustíveis);kg/hab;769,5364
São Luís;2018;kgCO2/hab;Emissões de CO₂ por habitante (combustíveis);kg/hab;762,9266
São Luís;2019;kgCO2/hab;Emissões de CO₂ por habitante (combustíveis);kg/hab;739,8181
São Paulo;2007;kgCO2/hab;Emissões de CO₂ por habitante (combustíveis);kg/hab;756,7849
São Paulo;2008;kgCO2/hab;Emissões de CO₂ por habitante (combustíveis);kg/hab;742,9837
São Paulo;2009;kgCO2/hab;Emissões de CO₂ por habitante (combustíveis);kg/hab;697,0577
São Paulo;2010;kgCO2/hab;Emissões de CO₂ por habitante (combustíveis);kg/hab;717,8982
São Paulo;2011;kgCO2/hab;Emissões de CO₂ por habitante (combustíveis);kg/hab;784,4991
São Paulo;2012;kgCO2/hab;Emissões de CO₂ por habitante (combustíveis);kg/hab;827,6985
São Paulo;2013;kgCO2/hab;Emissões de CO₂ por habitante (combustíveis);kg/hab;788,252
São Paulo;2014;kgCO2/hab;Emissões de CO₂ por habitante (combustíveis);kg/hab;773,9361
São Paulo;2015;kgCO2/hab;Emissões de CO₂ por habitante (combustíveis);kg/hab;688,5267
São Paulo;2016;kgCO2/hab;Emissões de CO₂ por habitante (combustíveis);kg/hab;693,031
São Paulo;2017;kgCO2/hab;Emissões de CO₂ por habitante (combustíveis);kg/hab;699,2264
São Paulo;2018;kgCO2/hab;Emissões de CO₂ por habitante (combustíveis);kg/hab;602,3651
São Paulo;2019;kgCO2/hab;Emissões de CO₂ por habitante (combustíveis);kg/hab;578,6704
Teresina;2007;kgCO2/hab;Emissões de CO₂ por habitante (combustíveis);kg/hab;586,6307
Teresina;2008;kgCO2/hab;Emissões de CO₂ por habitante (combustíveis);kg/hab;633,1671
Teresina;2009;kgCO2/hab;Emissões de CO₂ por habitante (combustíveis);kg/hab;638,4114
Teresina;2010;kgCO2/hab;Emissões de CO₂ por habitante (combustíveis);kg/hab;742,7422
Teresina;2011;kgCO2/hab;Emissões de CO₂ por habitante (combustíveis);kg/hab;757,5359
Teresina;2012;kgCO2/hab;Emissões de CO₂ por habitante (combustíveis);kg/hab;864,9282
Teresina;2013;kgCO2/hab;Emissões de CO₂ por habitante (combustíveis);kg/hab;898,5402
Teresina;2014;kgCO2/hab;Emissões de CO₂ por habitante (combustíveis);kg/hab;927,9427
Teresina;2015;kgCO2/hab;Emissões de CO₂ por habitante (combustíveis);kg/hab;873,7921
Teresina;2016;kgCO2/hab;Emissões de CO₂ por habitante (combustíveis);kg/hab;854,6876
Teresina;2017;kgCO2/hab;Emissões de CO₂ por habitante (combustíveis);kg/hab;862,6276
Teresina;2018;kgCO2/hab;Emissões de CO₂ por habitante (combustíveis);kg/hab;790,327
Teresina;2019;kgCO2/hab;Emissões de CO₂ por habitante (combustíveis);kg/hab;797,613
Vitória;2007;kgCO2/hab;Emissões de CO₂ por habitante (combustíveis);kg/hab;767,0439
Vitória;2008;kgCO2/hab;Emissões de CO₂ por habitante (combustíveis);kg/hab;709,3721
Vitória;2009;kgCO2/hab;Emissões de CO₂ por habitante (combustíveis);kg/hab;659,6925
Vitória;2010;kgCO2/hab;Emissões de CO₂ por habitante (combustíveis);kg/hab;630,8095
Vitória;2011;kgCO2/hab;Emissões de CO₂ por habitante (combustíveis);kg/hab;710,7451
Vitória;2012;kgCO2/hab;Emissões de CO₂ por habitante (combustíveis);kg/hab;985,459
Vitória;2013;kgCO2/hab;Emissões de CO₂ por habitante (combustíveis);kg/hab;855,6192
Vitória;2014;kgCO2/hab;Emissões de CO₂ por habitante (combustíveis);kg/hab;820,1722
Vitória;2015;kgCO2/hab;Emissões de CO₂ por habitante (combustíveis);kg/hab;714,2233
Vitória;2016;kgCO2/hab;Emissões de CO₂ por habitante (combustíveis);kg/hab;692,722
Vitória;2017;kgCO2/hab;Emissões de CO₂ por habitante (combustíveis);kg/hab;640,5188
Vitória;2018;kgCO2/hab;Emissões de CO₂ por habitante (combustíveis);kg/hab;597,1148
Vitória;2019;kgCO2/hab;Emissões de CO₂ por habitante (combustíveis);kg/hab;603,5799
